date,RAIN,T2M_MAX,T2M_MIN,RH2M,T2M,HI
1981-01-01,1.26,28.42,19.06,81.15,23.1,33.38333898792095
1981-01-02,1.6,28.85,19.34,81.26,23.72,34.59106699278866
1981-01-03,0.24,27.82,19.83,80.55,23.1,31.73250994581587
1981-01-04,0.17,26.62,19.45,77.7,21.98,28.754376069345923
1981-01-05,1.45,26.01,19.1,79.51,21.77,27.665622526129
1981-01-06,1.55,27.03,18.64,79.57,22.22,29.76578803527409
1981-01-07,0.96,28.13,19.74,79.94,23.39,32.41681839057397
1981-01-08,0.16,29.32,20.4,81.23,24.24,35.94261972768365
1981-01-09,0.14,29.89,20.55,77.93,24.67,36.76767490842562
1981-01-10,0.15,29.78,20.41,77.99,24.45,36.46624370992696
1981-01-11,0.37,27.67,17.97,75.71,22.53,30.73168771496326
1981-01-12,0.04,25.83,16.61,73.6,20.01,27.15879462072128
1981-01-13,0.01,25.74,15.24,72.74,19.33,26.99842169081474
1981-01-14,0.01,25.92,14.83,75.44,19.75,27.360948925852128
1981-01-15,0.17,26.62,15.95,75.85,21.23,28.62532341658953
1981-01-16,0.46,27.93,17.94,77.0,22.29,31.484871482005374
1981-01-17,0.47,26.08,16.74,74.72,20.72,27.602359989128995
1981-01-18,1.82,25.74,15.5,75.12,20.21,27.056628009805525
1981-01-19,0.86,27.16,14.96,74.41,20.87,29.540619228103974
1981-01-20,0.14,27.02,15.47,73.02,20.78,29.14785220043938
1981-01-21,0.03,27.65,15.19,73.45,21.15,30.410742675245007
1981-01-22,0.01,27.41,16.63,74.4,21.36,30.03516767380672
1981-01-23,0.21,27.22,16.31,76.48,21.01,29.866777891222178
1981-01-24,0.4,28.43,16.84,78.02,22.47,32.8474480344877
1981-01-25,0.06,28.34,19.45,75.33,22.86,32.17473691925556
1981-01-26,0.12,27.12,19.6,73.69,22.45,29.395391691052268
1981-01-27,0.41,26.86,20.01,77.35,22.61,29.208483480679003
1981-01-28,2.03,25.11,19.98,81.38,21.83,26.040408667700333
1981-01-29,0.33,26.89,19.75,79.23,22.52,29.43089670102658
1981-01-30,0.08,29.74,18.89,74.85,23.49,35.55963900312068
1981-01-31,0.02,30.25,18.2,73.88,23.91,36.68324200093303
1981-02-01,0.04,31.01,18.83,74.3,24.61,38.9733269296086
1981-02-02,0.06,30.93,20.47,77.6,25.02,39.81965699862777
1981-02-03,0.04,30.11,20.85,76.85,24.7,37.10922124424356
1981-02-04,2.25,29.67,21.29,79.96,24.64,36.65976403058383
1981-02-05,0.4,29.94,20.55,74.81,24.38,36.08664411741914
1981-02-06,0.01,30.59,19.03,75.53,24.36,38.12205483254396
1981-02-07,0.06,30.15,20.61,75.93,24.41,36.968709569547755
1981-02-08,0.04,30.02,19.36,72.64,23.91,35.74288292426177
1981-02-09,0.0,30.23,19.21,74.4,24.04,36.770919054005006
1981-02-10,0.61,30.18,19.1,71.89,23.51,35.96514262186822
1981-02-11,0.2,27.71,17.23,76.1,21.57,30.868362252951176
1981-02-12,0.01,29.49,15.67,72.23,22.21,34.31158880748979
1981-02-13,0.0,29.99,17.6,71.84,23.21,35.464569245849205
1981-02-14,0.01,31.1,17.31,72.98,23.87,38.80914358268975
1981-02-15,0.03,31.99,18.44,71.05,25.1,40.76563990893058
1981-02-16,0.16,31.35,21.22,76.28,25.54,40.694333509613074
1981-02-17,0.16,32.0,21.33,79.14,25.78,44.00360231003049
1981-02-18,0.19,30.92,22.27,78.16,25.86,39.97693514892752
1981-02-19,0.02,32.01,21.5,72.24,25.99,41.27275415326724
1981-02-20,0.01,32.56,21.06,73.44,26.21,43.51409617516831
1981-02-21,0.03,32.37,22.15,75.98,26.24,43.956746533764
1981-02-22,0.01,32.5,21.29,73.29,26.21,43.25285466420251
1981-02-23,0.01,32.88,19.53,67.8,25.67,42.17558973598873
1981-02-24,0.02,33.75,19.22,68.67,25.88,45.29311420372487
1981-02-25,0.0,33.09,20.71,71.98,26.41,44.638075653217925
1981-02-26,1.33,31.73,21.56,75.34,25.54,41.56566199094909
1981-02-27,1.18,31.47,20.07,70.42,24.81,39.027973238584345
1981-02-28,0.23,31.87,18.42,70.1,24.26,40.06542545375626
1981-03-01,0.27,32.08,18.73,70.15,24.97,40.70047685372868
1981-03-02,0.01,33.93,18.49,68.41,25.5,45.76143166211469
1981-03-03,0.0,33.53,19.61,66.53,25.76,43.61577090845983
1981-03-04,0.0,33.58,18.2,68.16,25.3,44.50496343508295
1981-03-05,0.0,33.63,20.49,67.0,26.14,44.1363529066245
1981-03-06,0.0,33.1,19.27,67.36,25.67,42.65831345614491
1981-03-07,0.0,32.74,21.36,66.98,26.14,41.43248854293225
1981-03-08,0.0,33.46,20.72,66.9,26.39,43.56275049524862
1981-03-09,0.01,33.43,20.35,66.82,26.19,43.435244489015574
1981-03-10,0.28,33.64,20.88,65.27,26.2,43.39715910646531
1981-03-11,0.47,33.5,20.36,65.86,26.04,43.23096940216146
1981-03-12,0.02,34.49,20.02,66.36,26.6,46.59656861135665
1981-03-13,0.0,34.58,20.69,65.53,26.76,46.47257511109846
1981-03-14,0.0,35.35,20.56,63.18,26.95,47.76525483818242
1981-03-15,0.0,35.55,20.29,62.12,27.23,47.84627924702855
1981-03-16,0.45,35.32,20.67,63.11,27.59,47.62974349632997
1981-03-17,0.11,34.29,22.9,65.47,27.91,45.507890966334834
1981-03-18,0.0,35.63,22.33,63.2,28.36,48.701961665801015
1981-03-19,0.0,35.45,23.18,63.4,28.59,48.21361530049877
1981-03-20,0.0,36.46,23.47,60.69,28.71,50.036502872660435
1981-03-21,0.0,34.96,22.5,60.13,27.74,44.993657441805155
1981-03-22,0.0,35.53,22.51,61.81,28.33,47.614788330006725
1981-03-23,0.0,35.77,22.39,61.0,28.39,47.94920201151002
1981-03-24,0.0,36.26,21.95,59.41,28.35,48.64325296434224
1981-03-25,0.0,36.85,21.27,59.59,28.35,50.68365172352881
1981-03-26,0.0,36.77,22.36,59.25,28.64,50.21279437754474
1981-03-27,0.01,37.38,21.02,58.9,28.51,52.04645764720096
1981-03-28,0.0,37.27,22.83,60.82,29.15,52.901110483865395
1981-03-29,0.0,37.38,22.81,59.43,29.19,52.38573738712033
1981-03-30,0.14,37.11,23.54,59.28,29.27,51.36841994860148
1981-03-31,0.15,36.36,23.19,58.93,29.09,48.693138537916724
1981-04-01,0.09,36.56,22.93,60.24,29.04,50.104264889302094
1981-04-02,0.0,36.49,22.21,58.46,29.17,48.84223638405309
1981-04-03,0.0,37.97,23.55,59.04,29.68,54.19161288477931
1981-04-04,0.04,37.26,22.72,60.84,29.47,52.878824156990305
1981-04-05,0.04,37.72,24.16,60.28,30.12,54.14365698708124
1981-04-06,0.0,37.87,24.23,58.91,30.06,53.750322844263984
1981-04-07,0.02,38.42,23.82,56.26,30.38,53.86384945447157
1981-04-08,0.03,37.98,24.01,55.46,30.29,51.85714593757736
1981-04-09,0.01,38.56,22.63,57.68,29.87,55.3429669914946
1981-04-10,0.0,38.56,22.93,56.32,29.77,54.3878475174916
1981-04-11,0.01,38.02,24.04,57.06,29.67,53.03367669480575
1981-04-12,0.01,38.14,22.75,55.94,29.87,52.69972938504374
1981-04-13,4.9,38.58,24.75,59.02,30.23,56.3800009534103
1981-04-14,2.11,36.53,22.96,62.29,28.78,51.23702916848222
1981-04-15,0.09,37.04,22.27,58.16,29.08,50.44843843330375
1981-04-16,1.01,35.84,23.43,64.78,28.53,50.32349954144381
1981-04-17,0.28,36.46,23.54,56.54,29.03,47.677827162553655
1981-04-18,0.04,36.21,24.26,59.2,29.76,48.36576260454847
1981-04-19,0.0,34.62,25.06,63.54,29.1,45.61127204546331
1981-04-20,3.27,34.72,24.6,66.12,28.94,47.2362277186599
1981-04-21,6.36,34.48,24.1,67.12,28.49,46.949664597346946
1981-04-22,12.59,32.26,24.1,77.38,27.5,44.1750237729378
1981-04-23,1.75,35.24,24.09,70.62,28.64,51.60169256563651
1981-04-24,10.07,34.02,25.45,71.63,28.91,47.67946754711546
1981-04-25,10.81,31.33,25.46,78.77,27.85,41.53691116051554
1981-04-26,8.95,33.23,24.33,73.47,28.49,45.80549907190638
1981-04-27,2.37,31.75,24.45,75.61,27.91,41.73317854974969
1981-04-28,4.24,31.32,24.98,75.32,27.78,40.25935198898573
1981-04-29,2.86,34.32,23.51,70.17,28.61,47.9816316280385
1981-04-30,0.59,35.72,23.89,67.58,28.87,51.56340227653623
1981-05-01,0.01,35.56,23.19,64.73,28.97,49.32407149431414
1981-05-02,0.02,36.36,23.99,64.29,29.38,51.86983024583688
1981-05-03,2.53,36.72,22.98,63.2,29.31,52.4756302310172
1981-05-04,0.52,36.14,24.05,63.4,29.14,50.55298796372714
1981-05-05,0.07,33.49,23.24,62.18,28.06,41.658268922999355
1981-05-06,0.23,33.22,24.13,63.85,28.29,41.571762049149854
1981-05-07,0.1,36.88,23.15,62.04,29.36,52.30791886206538
1981-05-08,1.12,36.81,23.54,61.29,29.66,51.59149947622783
1981-05-09,0.95,36.06,23.82,62.9,29.28,49.982786824668985
1981-05-10,5.71,35.14,24.07,65.44,28.95,48.28621642702893
1981-05-11,5.1,31.37,24.57,76.55,27.49,40.85546132115114
1981-05-12,1.11,29.44,24.3,77.61,26.59,35.415439858095624
1981-05-13,16.81,30.75,24.55,72.89,27.04,37.78322572464328
1981-05-14,6.3,31.5,23.72,76.11,26.98,41.11274829683389
1981-05-15,0.2,33.3,23.59,73.69,27.7,46.15570598870758
1981-05-16,17.28,32.7,23.82,75.65,27.33,44.95817195429706
1981-05-17,7.14,32.07,23.54,77.23,26.98,43.45020266589463
1981-05-18,2.59,33.75,24.12,71.88,28.19,46.85229886943785
1981-05-19,0.35,34.31,25.3,68.73,28.85,47.19886297390781
1981-05-20,0.12,35.24,25.22,66.12,29.51,49.002194803532774
1981-05-21,2.79,34.11,25.45,70.4,29.29,47.36400300028508
1981-05-22,0.88,32.59,25.64,72.76,28.54,43.324705721171284
1981-05-23,0.27,32.05,25.31,73.33,28.13,41.816589781864536
1981-05-24,0.47,32.43,25.01,68.47,28.3,41.1012685750293
1981-05-25,7.71,33.03,24.55,72.41,28.23,44.630997297206804
1981-05-26,14.41,29.82,24.64,81.3,26.89,37.47627938934305
1981-05-27,2.13,33.67,23.59,72.52,28.14,46.88942613943905
1981-05-28,0.14,34.21,24.74,70.14,28.85,47.5795583156932
1981-05-29,1.52,32.78,25.7,76.32,28.4,45.546647566749
1981-05-30,1.64,32.08,24.34,75.55,27.77,42.79536695809723
1981-05-31,5.43,30.33,24.62,79.74,27.21,38.615105127722536
1981-06-01,9.46,29.38,24.92,83.37,26.72,36.65686731458252
1981-06-02,4.35,29.99,24.29,82.94,26.76,38.48772715801355
1981-06-03,34.89,29.04,24.72,83.91,26.63,35.73800874071628
1981-06-04,10.88,29.43,24.31,85.38,26.43,37.339131719446286
1981-06-05,5.74,30.25,24.4,81.35,26.9,38.85348281906551
1981-06-06,4.65,30.86,24.32,79.57,27.03,40.26236143890281
1981-06-07,13.86,29.25,23.66,85.76,26.02,36.85012031915795
1981-06-08,10.94,29.09,23.58,89.07,25.86,37.15375504687821
1981-06-09,17.35,28.66,23.93,90.53,26.07,36.0278428385266
1981-06-10,38.12,28.33,24.47,93.16,25.85,35.45443057783472
1981-06-11,20.55,27.39,24.42,93.88,25.65,32.39677532104413
1981-06-12,47.69,28.31,24.59,92.59,26.13,35.26723361438096
1981-06-13,46.98,27.61,24.6,92.93,26.0,32.97558776552393
1981-06-14,42.98,27.73,24.37,92.94,25.73,33.37071487377144
1981-06-15,16.9,28.11,23.13,92.07,25.8,34.483243634601195
1981-06-16,21.6,27.71,22.74,93.27,25.25,33.35778913914734
1981-06-17,16.36,28.92,23.86,86.8,25.89,36.034809149788565
1981-06-18,12.14,28.92,23.26,86.66,25.76,36.00215819247938
1981-06-19,8.07,28.86,23.16,89.6,25.63,36.495400856882924
1981-06-20,14.02,28.93,23.32,90.16,25.87,36.87151410430387
1981-06-21,44.98,27.86,23.71,91.14,25.83,33.49696332207689
1981-06-22,4.78,27.74,23.7,91.88,25.48,33.2325040787618
1981-06-23,0.65,29.69,23.67,87.13,26.2,38.70474749362101
1981-06-24,2.75,29.73,23.3,84.39,26.08,38.05386805500695
1981-06-25,1.46,31.11,22.54,80.15,26.38,41.30077904956527
1981-06-26,23.08,30.71,21.97,82.98,26.02,40.93170369383212
1981-06-27,4.76,29.13,23.31,83.48,26.09,35.9119809297855
1981-06-28,8.54,29.96,24.06,85.17,26.54,39.055010506601384
1981-06-29,1.24,29.55,24.29,84.62,26.26,37.52755208132632
1981-06-30,3.76,27.77,24.06,88.42,25.52,32.77780109502235
1981-07-01,7.12,29.57,23.17,86.75,26.4,38.18184060674924
1981-07-02,2.2,28.78,23.62,88.63,25.79,36.00007573149193
1981-07-03,11.88,30.02,23.31,85.17,26.01,39.26087150185515
1981-07-04,52.49,28.98,23.37,88.41,25.65,36.61579141141309
1981-07-05,33.53,26.15,23.38,95.3,24.76,28.67652884395611
1981-07-06,2.14,27.93,23.31,90.25,25.12,33.5692162216433
1981-07-07,3.39,28.56,22.48,86.3,25.62,34.789868270082565
1981-07-08,6.41,28.39,23.59,89.37,25.48,34.87998862772217
1981-07-09,9.5,29.6,23.32,87.32,26.04,38.44640059102208
1981-07-10,10.01,27.87,24.1,91.66,25.5,33.617010423924675
1981-07-11,6.63,27.76,23.5,90.03,25.15,33.00062140961269
1981-07-12,6.56,28.16,23.21,89.44,25.38,34.154428317210474
1981-07-13,10.27,27.92,23.49,90.83,25.28,33.63675479555785
1981-07-14,17.12,28.57,23.16,88.67,25.42,35.31932923941425
1981-07-15,7.39,28.35,22.94,88.58,25.21,34.59350868034763
1981-07-16,6.42,28.27,22.73,89.21,25.13,34.461612894650074
1981-07-17,17.29,26.92,23.37,94.03,25.08,30.916946802899467
1981-07-18,27.28,27.71,23.59,91.66,25.47,33.10113093256193
1981-07-19,22.77,27.88,22.77,91.35,25.05,33.596803204371966
1981-07-20,27.13,27.41,23.27,93.3,24.89,32.381327043831256
1981-07-21,14.47,28.51,22.46,88.97,25.28,35.18765003372431
1981-07-22,1.46,28.53,22.64,85.2,25.76,34.47447462409693
1981-07-23,0.0,29.71,23.15,85.71,26.45,38.36321476767757
1981-07-24,2.86,28.84,23.82,89.49,26.05,36.4012656117501
1981-07-25,0.56,31.15,23.16,82.31,26.69,42.238881181396074
1981-07-26,3.57,31.25,23.91,79.29,26.66,41.45999073648492
1981-07-27,1.39,28.91,23.83,86.2,26.19,35.86349621511253
1981-07-28,2.69,30.18,23.92,85.06,26.8,39.780029964753766
1981-07-29,4.41,31.33,24.03,84.0,27.54,43.55296826826893
1981-07-30,3.14,29.26,24.65,89.42,26.69,37.83706994728404
1981-07-31,0.95,28.04,24.68,91.47,26.04,34.13954823638218
1981-08-01,7.38,29.02,24.04,88.29,26.18,36.721004888731414
1981-08-02,15.46,28.43,23.3,89.98,25.55,35.13588001342862
1981-08-03,11.48,27.78,23.64,92.69,25.57,33.49477613915777
1981-08-04,9.1,27.88,23.61,92.11,25.53,33.72640544956542
1981-08-05,41.97,27.64,23.73,93.5,25.37,33.16221019817941
1981-08-06,27.1,28.77,23.67,90.77,25.88,36.46192769673234
1981-08-07,38.72,27.76,24.28,92.67,25.86,33.42562897103359
1981-08-08,15.67,26.75,24.41,95.62,25.41,30.53810205779759
1981-08-09,11.64,28.15,24.13,94.26,25.75,35.042340940511345
1981-08-10,7.84,27.74,24.04,92.57,25.64,33.343718932779545
1981-08-11,4.7,28.46,23.22,88.71,25.56,34.97165977781319
1981-08-12,8.62,28.11,23.0,89.68,25.45,34.03963983129993
1981-08-13,5.32,30.51,23.69,85.96,26.43,41.255642714670316
1981-08-14,21.52,29.22,23.2,88.86,25.61,37.549011246650394
1981-08-15,26.38,27.19,23.19,91.33,25.19,31.441568140848446
1981-08-16,21.93,27.7,23.71,94.1,25.59,33.45819796648054
1981-08-17,11.01,27.42,24.26,94.25,25.54,32.54669814305201
1981-08-18,36.75,27.43,23.74,92.2,25.29,32.292618593134506
1981-08-19,52.98,27.51,23.43,92.45,25.09,32.58160231051539
1981-08-20,20.7,27.85,22.99,90.67,25.08,33.38655868775056
1981-08-21,16.23,28.24,23.69,89.46,25.65,34.413681051879024
1981-08-22,6.13,28.84,23.57,88.79,25.84,36.23689735266478
1981-08-23,12.99,28.18,23.84,87.56,25.79,33.86995165148931
1981-08-24,27.64,28.2,23.7,88.95,25.61,34.18964184028991
1981-08-25,32.03,28.26,23.46,90.62,25.57,34.70365424985265
1981-08-26,23.74,27.26,23.81,88.6,25.34,31.317079485173736
1981-08-27,18.47,28.57,23.24,89.01,25.58,35.3921338988869
1981-08-28,5.65,28.66,23.78,91.69,25.74,36.291352439680345
1981-08-29,9.64,28.77,23.69,89.3,25.76,36.12045419381343
1981-08-30,5.84,27.9,23.44,91.29,25.35,33.65120437600228
1981-08-31,0.98,28.86,23.2,87.92,25.71,36.100382604232976
1981-09-01,0.02,28.11,23.09,81.22,25.81,32.57380198932766
1981-09-02,0.02,28.59,23.7,83.0,26.05,34.20936447346955
1981-09-03,0.01,27.62,22.87,87.68,25.06,32.22608133843008
1981-09-04,1.77,29.02,22.83,84.36,25.67,35.7813305738392
1981-09-05,0.19,29.23,23.61,82.55,26.47,35.99310279631273
1981-09-06,9.47,28.51,24.22,85.06,26.05,34.386668847861145
1981-09-07,2.74,30.3,23.14,82.59,25.91,39.40435319581493
1981-09-08,0.17,30.18,21.85,82.08,26.07,38.849811637468825
1981-09-09,0.9,31.14,22.52,80.72,26.78,41.61151445976745
1981-09-10,0.09,30.31,23.95,81.29,26.81,39.029265295519764
1981-09-11,0.04,31.53,23.06,80.92,27.11,43.05527455027514
1981-09-12,0.04,31.28,23.7,78.74,27.13,41.358455341324785
1981-09-13,3.66,32.24,24.03,77.44,27.73,44.13052381414583
1981-09-14,0.66,32.28,22.3,78.97,27.05,44.93911333737021
1981-09-15,3.32,28.62,22.87,83.6,25.38,34.41673183862234
1981-09-16,2.34,30.92,21.99,83.4,26.03,41.822885545853765
1981-09-17,4.9,31.31,23.21,83.29,26.76,43.19661562377708
1981-09-18,9.54,31.25,24.43,88.41,26.69,45.04519534920159
1981-09-19,21.66,27.97,23.62,92.36,25.94,34.06804053842508
1981-09-20,64.69,26.69,24.25,95.15,25.32,30.306791899587324
1981-09-21,57.81,27.13,24.34,95.44,25.45,31.747495275974593
1981-09-22,11.19,27.85,23.85,93.15,25.34,33.804888084956715
1981-09-23,0.84,29.68,22.99,88.27,26.09,39.00327665220589
1981-09-24,0.2,29.75,23.37,87.49,26.15,39.02101951796964
1981-09-25,7.99,31.43,23.22,83.39,27.02,43.68107277698304
1981-09-26,8.7,30.3,24.23,85.49,26.86,40.34107925582277
1981-09-27,3.17,28.5,23.66,88.45,25.89,35.046587745356824
1981-09-28,0.61,26.9,23.72,91.54,25.06,30.603493569179665
1981-09-29,3.45,27.96,23.73,89.84,25.47,33.59347047641247
1981-09-30,55.65,27.3,24.09,93.37,25.46,32.03800861424484
1981-10-01,18.57,26.78,24.05,92.11,25.11,30.306286161798127
1981-10-02,7.3,27.72,23.11,86.49,25.24,32.337822694179835
1981-10-03,5.33,28.92,22.48,91.95,24.72,37.27838719818442
1981-10-04,11.6,26.65,22.57,89.36,24.45,29.703565701795
1981-10-05,9.41,29.91,22.71,81.66,25.98,37.85917248965079
1981-10-06,1.61,30.77,23.61,77.64,26.84,39.330178793138415
1981-10-07,0.26,28.96,23.31,85.99,25.59,35.97369536945226
1981-10-08,0.04,29.78,22.41,78.83,25.94,36.68694878861514
1981-10-09,1.09,30.67,23.74,80.01,26.69,39.789108553990545
1981-10-10,0.26,31.25,22.22,76.43,26.65,40.429828770198945
1981-10-11,5.53,31.0,22.32,78.33,26.61,40.2923256900923
1981-10-12,2.95,29.42,23.18,84.77,25.83,37.14565784416256
1981-10-13,7.35,29.53,23.53,87.38,25.93,38.220925863206624
1981-10-14,2.29,30.55,22.98,85.48,26.22,41.233998577231645
1981-10-15,0.22,31.57,22.72,81.19,26.77,43.3066412704382
1981-10-16,0.0,31.69,20.53,78.67,25.86,42.72343252613702
1981-10-17,0.0,31.44,21.04,78.46,26.05,41.79058751945916
1981-10-18,0.0,30.48,22.24,83.64,26.14,40.357915088383976
1981-10-19,0.27,30.34,23.03,83.67,26.31,39.88551875980526
1981-10-20,0.15,29.49,22.89,86.31,25.77,37.78869235023416
1981-10-21,2.71,29.61,23.16,87.41,25.99,38.50686328892337
1981-10-22,2.54,29.89,23.48,85.21,26.32,38.828122505756724
1981-10-23,3.09,26.53,23.63,91.86,25.03,29.564813267429606
1981-10-24,8.74,28.8,22.28,85.76,25.36,35.41772839687072
1981-10-25,0.53,28.29,21.35,82.3,24.35,33.238491678785735
1981-10-26,11.3,30.51,23.3,83.51,25.92,40.418263613787374
1981-10-27,11.42,29.43,22.79,83.61,25.52,36.875288136832474
1981-10-28,7.58,30.56,22.79,81.16,25.98,39.80689556738083
1981-10-29,1.56,30.4,21.94,84.04,25.77,40.21348192958262
1981-10-30,6.82,29.18,22.53,90.85,25.31,37.932994140053125
1981-10-31,5.88,29.9,22.81,87.27,25.78,39.48636175964781
1981-11-01,2.05,30.45,22.67,84.67,26.15,40.598742934901814
1981-11-02,0.33,30.21,23.83,84.34,26.43,39.654628067658095
1981-11-03,0.59,31.07,22.27,81.0,26.12,41.473028308894854
1981-11-04,2.18,30.66,21.9,84.25,25.59,41.19927883319537
1981-11-05,0.11,30.96,19.84,82.56,25.15,41.65821819929657
1981-11-06,0.5,31.0,22.89,82.0,26.28,41.594558687555626
1981-11-07,1.31,30.88,22.54,81.65,26.01,41.05297167203272
1981-11-08,0.63,27.63,21.94,83.88,24.41,31.716600791318108
1981-11-09,0.58,28.08,22.86,84.09,25.07,32.96913024653278
1981-11-10,1.0,29.5,22.71,82.4,25.5,36.78025744786447
1981-11-11,7.05,28.78,22.77,83.81,25.08,34.931500766180015
1981-11-12,4.0,30.7,22.19,82.33,25.72,40.672133848068576
1981-11-13,0.07,30.98,21.76,81.64,25.63,41.394362359289545
1981-11-14,0.05,31.25,21.77,82.63,25.91,42.71994743298113
1981-11-15,0.01,31.15,22.41,81.93,26.01,42.09593513478542
1981-11-16,0.02,29.19,21.87,81.16,25.14,35.54430661572525
1981-11-17,0.01,29.91,21.41,79.44,24.88,37.23713204837641
1981-11-18,0.02,29.82,20.97,78.82,24.42,36.801570103389345
1981-11-19,1.45,30.05,20.47,77.74,24.79,37.182009434939495
1981-11-20,7.58,29.58,21.9,84.17,25.35,37.50290322517819
1981-11-21,1.63,30.34,23.06,85.38,25.99,40.44668238479318
1981-11-22,1.4,30.76,22.06,82.3,25.92,40.868180639367644
1981-11-23,0.13,30.08,21.74,80.39,25.47,38.02657883413187
1981-11-24,43.1,26.61,21.6,89.27,24.24,29.588768408213202
1981-11-25,32.98,28.23,23.53,92.95,25.2,35.06301870304199
1981-11-26,2.08,28.19,22.44,89.61,24.79,34.28198777199811
1981-11-27,0.03,28.77,21.91,85.55,24.66,35.278354335063206
1981-11-28,0.03,29.38,20.57,80.47,24.34,35.93402778609661
1981-11-29,0.03,29.0,19.63,79.48,23.62,34.6287244188067
1981-11-30,1.07,29.5,20.89,81.9,24.74,36.651097477189516
1981-12-01,0.73,29.66,22.02,82.82,25.14,37.3920456880638
1981-12-02,0.2,27.6,20.0,78.15,23.31,30.884668507799162
1981-12-03,0.03,26.88,18.97,77.99,21.85,29.30330899302631
1981-12-04,0.01,28.01,18.54,79.9,22.4,32.10863484007723
1981-12-05,0.0,29.11,18.46,77.23,23.56,34.439915448992785
1981-12-06,0.0,29.52,20.67,80.98,24.59,36.475758762987866
1981-12-07,0.94,29.78,21.64,81.42,24.73,37.385247323360744
1981-12-08,0.99,29.54,20.81,82.77,24.06,37.001236747181125
1981-12-09,0.6,28.83,19.56,80.19,23.53,34.31144073904867
1981-12-10,0.18,28.55,19.2,80.07,23.2,33.53045382202456
1981-12-11,0.54,27.93,18.94,81.33,22.97,32.12573496893343
1981-12-12,0.21,28.74,20.19,81.17,23.85,34.26383635534429
1981-12-13,0.11,28.28,19.48,81.04,23.35,32.98999644871126
1981-12-14,0.04,27.81,18.46,78.68,22.26,31.442828777342452
1981-12-15,0.07,26.58,17.69,77.93,21.33,28.691074239815116
1981-12-16,0.02,25.18,16.36,76.48,19.7,26.193544043372313
1981-12-17,0.03,25.99,15.29,79.15,20.04,27.614306305304353
1981-12-18,0.01,26.99,15.6,76.46,20.94,29.39427558294785
1981-12-19,0.0,26.67,16.02,75.31,20.56,28.68108734134824
1981-12-20,0.0,26.28,15.68,75.06,20.27,27.96079070401752
1981-12-21,0.0,26.36,14.37,77.22,19.74,28.221739440672284
1981-12-22,0.13,28.61,16.54,80.37,22.26,33.74849832212571
1981-12-23,0.14,29.31,19.38,79.2,23.9,35.42894892831492
1981-12-24,0.05,29.06,21.41,78.88,24.3,34.66306267495986
1981-12-25,0.01,30.11,21.18,77.86,25.05,37.39211979635541
1981-12-26,4.04,27.95,22.78,84.0,25.0,32.59516451701612
1981-12-27,0.81,26.06,20.76,85.67,23.21,28.012410714623247
1981-12-28,0.48,30.05,19.95,81.08,24.37,38.13372737140292
1981-12-29,0.33,30.5,20.43,82.8,24.92,40.14681932642443
1981-12-30,0.02,30.58,20.4,81.22,24.89,39.89291166829112
1981-12-31,0.0,30.07,21.0,80.36,24.71,37.986710708220954
1982-01-01,0.0,29.88,20.47,79.23,24.67,37.08977731099254
1982-01-02,0.0,29.92,19.53,79.39,24.11,37.25337715136265
1982-01-03,0.06,30.1,19.72,80.09,24.42,38.001392063261015
1982-01-04,0.06,29.74,20.67,79.47,24.66,36.73845194784013
1982-01-05,0.42,30.36,20.98,78.6,24.69,38.361786547922264
1982-01-06,0.25,29.95,20.48,76.85,24.31,36.65072741025995
1982-01-07,0.23,27.92,19.72,76.13,23.04,31.3383325216429
1982-01-08,0.52,27.17,19.14,76.12,22.41,29.727509675169845
1982-01-09,0.15,26.41,19.15,79.26,22.44,28.437088617552863
1982-01-10,0.01,28.55,19.33,78.56,23.25,33.24864568679984
1982-01-11,0.35,28.62,19.03,77.6,23.32,33.24888979207659
1982-01-12,0.0,28.53,19.27,76.15,23.38,32.763452115475786
1982-01-13,0.01,28.79,17.7,72.17,23.04,32.658370890461214
1982-01-14,0.05,28.82,17.28,72.19,22.88,32.729713300172826
1982-01-15,0.07,28.09,18.44,75.88,22.69,31.686734784443175
1982-01-16,1.09,28.01,18.33,74.64,22.05,31.32619513293166
1982-01-17,0.78,26.16,17.09,71.67,20.41,27.60131180368135
1982-01-18,0.3,26.88,15.41,71.58,20.36,28.778297311010558
1982-01-19,0.74,26.5,15.13,73.66,20.01,28.265327006881368
1982-01-20,0.14,27.32,15.8,71.94,20.81,29.60150613186718
1982-01-21,0.0,27.51,15.47,71.38,20.67,29.898179708507527
1982-01-22,0.0,28.04,14.99,70.43,21.26,30.80213192615765
1982-01-23,0.07,29.2,16.07,76.56,22.23,34.53112191479224
1982-01-24,0.09,29.51,18.34,74.53,23.63,34.880884438446714
1982-01-25,0.02,30.83,20.45,75.1,24.83,38.69642974657012
1982-01-26,0.0,30.29,18.72,72.32,23.75,36.36732071674351
1982-01-27,0.32,28.92,16.77,72.48,22.15,33.01177352131091
1982-01-28,0.11,29.09,16.64,71.94,22.07,33.30044490050999
1982-01-29,0.11,27.52,17.02,69.01,21.18,29.65965218282012
1982-01-30,0.03,26.09,15.94,69.84,19.73,27.418293782384495
1982-01-31,0.76,27.59,15.41,70.25,21.01,29.92174725593157
1982-02-01,0.29,28.0,16.03,73.06,20.78,31.081903492906925
1982-02-02,1.41,27.44,15.3,76.23,20.4,30.301904686544717
1982-02-03,0.83,28.73,15.79,73.33,21.75,32.731080674953354
1982-02-04,0.16,29.7,17.07,73.14,22.92,35.04277723662002
1982-02-05,0.16,30.46,18.12,73.1,23.86,37.04080640095958
1982-02-06,0.14,29.77,17.59,69.39,22.91,34.34578253140896
1982-02-07,0.46,29.53,17.44,74.35,22.53,34.89085507077792
1982-02-08,0.02,30.31,17.99,70.95,23.32,36.054065041068945
1982-02-09,0.0,30.5,17.23,71.97,22.83,36.830589360489704
1982-02-10,0.09,30.1,18.51,75.08,23.94,36.59641367557313
1982-02-11,3.18,29.62,20.84,79.93,24.43,36.50381501441289
1982-02-12,3.56,29.95,21.23,80.61,24.67,37.68599227935735
1982-02-13,0.34,31.95,21.29,77.26,25.39,43.05037433221847
1982-02-14,0.03,30.92,21.42,75.16,25.01,38.98391633464093
1982-02-15,0.0,26.92,20.72,82.73,23.28,29.811357454326387
1982-02-16,0.0,30.5,19.71,76.43,24.34,38.128956642971026
1982-02-17,0.37,32.08,20.63,74.23,25.25,42.2662556067875
1982-02-18,0.07,32.77,20.3,71.02,25.88,43.1714035295348
1982-02-19,6.17,31.82,21.36,78.04,25.67,42.91979836254399
1982-02-20,0.53,32.09,21.89,76.15,26.26,43.07327917635335
1982-02-21,0.0,30.87,22.39,76.39,25.93,39.23190521069594
1982-02-22,0.0,33.52,22.12,70.43,26.49,45.36168617184346
1982-02-23,0.0,33.0,20.46,71.54,25.9,44.142610765469065
1982-02-24,0.0,32.84,21.25,73.36,26.04,44.41592572653789
1982-02-25,0.0,32.65,21.72,69.5,26.12,42.167224230412444
1982-02-26,0.0,32.97,20.55,66.47,25.87,41.903816726859624
1982-02-27,0.0,32.53,19.53,66.01,25.27,40.45969346850504
1982-02-28,0.0,33.03,20.21,69.64,25.61,43.409914477367685
1982-03-01,0.04,33.29,20.42,69.82,26.08,44.322971644090416
1982-03-02,0.02,33.86,20.92,67.12,26.63,44.92005234170111
1982-03-03,0.01,33.55,21.1,67.27,26.31,44.00699124899697
1982-03-04,0.07,33.09,21.11,68.69,26.17,43.19064919774059
1982-03-05,0.03,34.06,20.65,65.55,26.71,44.81828538235001
1982-03-06,0.0,33.94,20.57,65.92,26.8,44.61427180189209
1982-03-07,0.0,34.28,21.12,66.43,27.11,45.94381906090965
1982-03-08,0.0,33.96,21.82,67.67,27.07,45.50365107487329
1982-03-09,0.0,34.33,21.16,67.82,26.98,46.802746091752354
1982-03-10,0.0,34.98,20.36,63.99,27.15,46.98628733111473
1982-03-11,0.0,34.94,21.54,65.46,27.64,47.62443474011829
1982-03-12,0.0,35.51,21.26,63.58,27.41,48.51190167868877
1982-03-13,0.0,36.14,20.14,61.41,27.1,49.388755909696286
1982-03-14,0.0,35.57,19.11,62.58,26.8,48.16148594888128
1982-03-15,0.0,35.69,20.47,60.89,27.33,47.6334003616291
1982-03-16,0.0,35.95,20.93,61.56,27.66,48.8452120814262
1982-03-17,0.0,36.22,20.4,62.05,27.58,50.02916622600461
1982-03-18,0.0,36.29,19.97,62.2,27.57,50.35588207714194
1982-03-19,0.0,35.68,20.44,62.24,27.49,48.336005515236906
1982-03-20,0.0,36.43,21.23,59.37,28.09,49.16918888132573
1982-03-21,0.3,35.51,21.79,62.64,27.84,47.99754240890805
1982-03-22,0.09,35.54,21.5,60.71,27.57,47.0624259904862
1982-03-23,0.0,35.86,20.06,60.03,27.62,47.709687413414706
1982-03-24,0.0,35.17,21.82,63.68,27.72,47.44282436803315
1982-03-25,0.0,34.86,23.56,61.41,27.61,45.312368536796676
1982-03-26,0.0,36.02,20.97,53.64,27.57,44.89606247942103
1982-03-27,0.0,34.35,20.12,59.99,27.05,43.15344237687262
1982-03-28,0.24,31.72,24.19,66.76,27.34,38.50518762137268
1982-03-29,0.12,32.35,23.5,69.29,26.79,41.17845786577797
1982-03-30,0.01,34.96,22.86,65.26,28.08,47.58537560649282
1982-03-31,0.0,34.57,23.39,65.33,27.96,46.33941463470913
1982-04-01,0.0,33.87,21.91,65.68,27.38,44.28533384647952
1982-04-02,0.0,35.42,23.19,62.62,28.33,47.69322420169368
1982-04-03,0.0,34.47,23.49,63.95,28.37,45.34122135320425
1982-04-04,0.47,33.0,24.12,66.88,27.88,42.15921256081637
1982-04-05,0.25,34.37,23.04,67.73,27.83,46.89157132077851
1982-04-06,1.4,36.16,23.59,61.9,28.55,49.7389192859155
1982-04-07,1.84,34.44,23.08,66.65,27.7,46.57792618818208
1982-04-08,0.16,33.85,23.37,64.44,27.92,43.66424696149617
1982-04-09,0.0,33.96,23.54,61.79,28.09,42.825369354362685
1982-04-10,0.09,35.59,23.12,57.47,28.27,45.555311045892125
1982-04-11,0.01,35.95,22.31,58.85,28.17,47.35657029127976
1982-04-12,0.0,36.63,23.62,61.09,28.7,50.84997038569941
1982-04-13,0.35,36.04,24.15,60.78,29.18,48.70162048737794
1982-04-14,0.07,35.78,23.69,60.82,28.71,47.88334638694809
1982-04-15,0.0,34.74,24.14,62.57,28.66,45.51016629109674
1982-04-16,0.0,36.87,22.81,53.95,29.02,47.49603633823951
1982-04-17,2.33,35.79,23.47,57.95,28.89,46.39385023060831
1982-04-18,1.52,35.4,23.07,66.55,28.12,49.803630623220805
1982-04-19,9.95,35.08,23.31,68.35,27.91,49.690371722482155
1982-04-20,3.93,34.8,23.02,72.16,28.03,50.83872540643491
1982-04-21,0.68,36.64,22.99,65.72,28.85,53.81101069599853
1982-04-22,0.01,36.71,23.34,63.59,29.29,52.68833185443491
1982-04-23,0.0,36.93,24.68,62.02,29.44,52.472163306409094
1982-04-24,0.05,36.4,24.08,59.96,29.8,49.411316576597905
1982-04-25,3.26,32.31,25.57,68.11,28.75,40.61534771614945
1982-04-26,1.95,35.55,24.9,68.34,29.41,51.39494370831784
1982-04-27,6.97,33.72,24.56,69.25,28.6,45.46927669686318
1982-04-28,1.19,34.49,24.39,68.9,28.63,47.90818610138668
1982-04-29,0.09,35.69,23.83,65.26,29.24,50.07876443405517
1982-04-30,0.0,35.59,25.37,63.54,29.64,48.757416336971886
1982-05-01,0.0,36.58,24.92,62.68,29.62,51.652060285676576
1982-05-02,0.0,35.58,25.41,63.03,29.51,48.44143794124092
1982-05-03,0.06,35.2,25.38,64.86,29.0,48.173885202748664
1982-05-04,1.41,34.92,24.95,63.75,29.07,46.668773827995665
1982-05-05,1.58,34.94,25.32,66.23,29.16,48.03446824275987
1982-05-06,0.01,37.96,22.33,57.48,29.53,53.106985471694095
1982-05-07,0.07,38.21,23.95,57.19,30.2,53.773279107185175
1982-05-08,4.18,36.97,24.56,61.33,29.81,52.17392262304151
1982-05-09,10.05,35.08,24.06,67.23,28.99,49.06267423984484
1982-05-10,2.28,35.65,22.89,65.64,28.88,50.15929744820605
1982-05-11,5.27,33.92,24.45,70.09,28.23,46.550829083033236
1982-05-12,3.23,36.6,22.56,65.58,28.68,53.569445565335215
1982-05-13,1.33,36.12,22.66,65.13,28.64,51.526148079667564
1982-05-14,4.37,34.65,23.68,68.53,28.28,48.2689313356078
1982-05-15,1.2,36.61,23.6,66.47,29.07,54.19234361283903
1982-05-16,1.25,36.41,23.71,64.42,29.24,52.130604120883085
1982-05-17,1.46,37.72,24.29,63.87,29.86,56.65420152499864
1982-05-18,2.18,37.57,24.67,63.66,29.9,55.92858187855038
1982-05-19,2.59,34.86,25.2,72.28,28.77,51.13721869292267
1982-05-20,6.71,29.25,24.81,85.11,26.76,36.68594490892232
1982-05-21,1.07,33.57,23.79,73.2,27.93,46.872629430032255
1982-05-22,0.68,32.76,24.48,70.27,28.23,42.82478388518871
1982-05-23,1.84,30.86,24.53,74.93,27.11,38.73140386258383
1982-05-24,3.19,30.28,24.05,80.59,26.49,38.71674968136188
1982-05-25,3.75,35.16,23.73,71.33,28.42,51.722230208270794
1982-05-26,15.5,34.35,23.47,70.51,28.33,48.26763833404444
1982-05-27,4.87,33.03,24.1,73.42,28.05,45.09008530654461
1982-05-28,1.07,35.5,23.54,67.87,28.93,50.93098461739569
1982-05-29,0.56,36.29,24.25,65.39,29.73,52.30271134734084
1982-05-30,1.16,32.82,25.93,72.81,28.62,44.10593664910727
1982-05-31,0.74,32.23,25.05,72.94,28.47,42.23545621667549
1982-06-01,0.04,33.34,25.19,71.36,28.45,45.1927596738185
1982-06-02,0.62,33.9,25.24,70.69,28.86,46.780865025277095
1982-06-03,14.94,33.78,25.5,73.02,28.71,47.53362103157648
1982-06-04,22.35,33.11,24.3,74.58,28.12,45.9086694631542
1982-06-05,2.61,31.47,24.41,76.51,27.63,41.16315561431975
1982-06-06,5.27,33.22,24.12,73.26,27.97,45.67161156298739
1982-06-07,3.17,34.81,24.48,69.32,29.0,49.26574304249024
1982-06-08,3.31,34.39,24.46,70.92,28.88,48.62990085846132
1982-06-09,21.28,33.76,24.36,74.36,28.39,48.14998080857529
1982-06-10,9.47,34.15,22.97,73.65,28.1,49.22334095249315
1982-06-11,5.93,34.56,23.45,72.97,28.22,50.39175005947666
1982-06-12,0.89,33.68,23.5,70.93,27.98,46.14218607414768
1982-06-13,2.82,33.84,23.07,72.09,28.1,47.275287584299214
1982-06-14,9.18,31.57,24.64,80.16,27.14,42.895456035894554
1982-06-15,5.06,32.63,24.02,78.79,27.47,46.14478556903179
1982-06-16,0.51,33.93,23.89,73.61,28.42,48.385186433214294
1982-06-17,0.12,33.46,25.12,71.27,28.62,45.55590479135848
1982-06-18,0.0,32.72,24.86,72.61,28.25,43.687535175538265
1982-06-19,0.29,32.42,25.28,73.32,28.35,43.00331830549957
1982-06-20,0.82,30.34,25.01,78.32,27.22,38.21626435105284
1982-06-21,0.57,34.05,24.24,72.67,28.16,48.32994554813914
1982-06-22,8.33,32.91,24.52,75.4,27.76,45.58428813018343
1982-06-23,10.54,31.29,24.24,85.02,26.93,43.811306567203204
1982-06-24,54.02,27.05,23.63,90.49,25.53,30.93154071109558
1982-06-25,14.24,28.51,23.06,85.7,25.61,34.51495775567303
1982-06-26,12.87,29.13,23.63,87.73,26.02,36.95151770969842
1982-06-27,21.29,28.19,24.01,91.66,25.73,34.67339530959469
1982-06-28,8.86,27.77,24.51,92.99,25.82,33.51119384285842
1982-06-29,9.47,27.89,24.34,91.9,25.71,33.72320090400626
1982-06-30,26.01,28.11,23.87,91.64,25.51,34.40247342344413
1982-07-01,33.7,28.44,23.67,90.39,25.73,35.254309738032575
1982-07-02,45.36,28.49,23.99,90.4,25.84,35.423722519922144
1982-07-03,26.2,28.12,23.96,91.19,25.6,34.35133333676303
1982-07-04,18.16,28.04,23.69,89.39,25.51,33.7662033598842
1982-07-05,21.18,27.37,23.34,90.67,24.89,31.90094538755222
1982-07-06,6.91,27.77,22.6,87.97,25.04,32.7077512325917
1982-07-07,1.13,29.9,23.21,84.89,26.15,38.76678804817821
1982-07-08,10.87,28.01,23.28,88.51,25.36,33.518969371457
1982-07-09,16.45,29.84,22.97,83.58,25.91,38.1838975838335
1982-07-10,8.53,30.14,21.84,84.04,25.75,39.32126092835278
1982-07-11,7.8,28.61,23.43,88.8,25.36,35.4778587950368
1982-07-12,2.09,28.08,22.86,89.23,25.05,33.86322876827532
1982-07-13,0.99,29.52,22.18,88.07,25.25,38.37996710514144
1982-07-14,3.08,28.65,23.17,89.3,25.18,35.71936820819168
1982-07-15,23.31,27.98,23.49,92.76,25.56,34.17327027899821
1982-07-16,11.65,27.7,23.03,91.17,25.25,32.99235843271012
1982-07-17,0.78,28.98,22.44,86.65,25.15,36.193260092017155
1982-07-18,9.2,30.09,21.62,84.45,25.63,39.27848742968305
1982-07-19,8.31,30.97,22.87,78.22,26.2,40.15775820575553
1982-07-20,0.6,29.6,22.48,85.34,25.85,37.889641194433636
1982-07-21,1.76,28.83,23.23,85.71,25.65,35.500129809697086
1982-07-22,12.69,27.8,23.37,90.67,25.34,33.22839349255373
1982-07-23,15.86,27.04,22.79,90.53,24.67,30.906844564997773
1982-07-24,4.39,29.06,22.24,86.79,25.16,36.48693277833328
1982-07-25,0.39,29.47,22.3,84.62,25.73,37.267751860403806
1982-07-26,2.32,27.67,23.06,86.5,25.25,32.197758859455604
1982-07-27,4.06,27.28,23.4,89.49,25.34,31.483530657910837
1982-07-28,3.03,26.71,24.18,91.44,25.2,30.043867906731364
1982-07-29,19.78,27.75,23.39,90.36,25.06,33.02183286354533
1982-07-30,16.98,28.8,23.26,89.95,25.49,36.373081052971465
1982-07-31,8.69,28.56,23.04,87.77,25.32,35.09628769590535
1982-08-01,2.54,28.88,22.92,85.24,25.55,35.55008930953415
1982-08-02,0.52,27.96,23.36,85.56,25.29,32.874865352585964
1982-08-03,0.24,29.68,22.98,80.92,25.99,36.94301735231055
1982-08-04,2.26,27.75,21.67,89.1,24.24,32.82377795855564
1982-08-05,27.41,24.53,21.09,88.7,22.59,24.717674989408863
1982-08-06,35.79,25.75,21.43,89.93,23.38,27.411616052768753
1982-08-07,23.04,26.89,21.91,89.52,24.04,30.37635294497338
1982-08-08,21.74,27.69,22.05,90.27,24.7,32.821512681773775
1982-08-09,13.16,28.04,22.97,90.2,25.22,33.910460125615344
1982-08-10,19.15,28.12,23.23,87.95,25.45,33.75724436460321
1982-08-11,5.76,27.72,22.99,88.21,25.17,32.596879752276024
1982-08-12,2.6,28.79,22.71,86.39,25.26,35.526433809716394
1982-08-13,1.22,28.58,22.98,88.16,25.17,35.24289169344089
1982-08-14,26.46,28.34,23.17,88.72,25.23,34.589327189431735
1982-08-15,12.73,28.16,22.28,86.4,25.05,33.59990507681783
1982-08-16,0.0,28.74,22.33,84.16,25.27,34.88708525341
1982-08-17,0.59,28.29,22.73,86.47,25.21,34.00117611017697
1982-08-18,0.6,30.22,23.27,84.67,26.33,39.79434398563067
1982-08-19,1.37,30.59,23.51,83.68,26.57,40.754488132203655
1982-08-20,1.03,30.95,23.41,77.99,26.95,40.015152827974
1982-08-21,1.34,30.91,22.74,79.33,26.2,40.34401712395397
1982-08-22,4.92,31.86,21.41,82.42,26.31,44.888956078192514
1982-08-23,0.53,32.61,22.21,81.19,26.99,47.20645686986754
1982-08-24,24.04,29.3,23.28,87.27,26.09,37.40556878712125
1982-08-25,3.36,28.15,24.21,89.85,25.71,34.1987793741819
1982-08-26,4.62,29.19,23.84,88.54,25.99,37.36207213084978
1982-08-27,11.6,29.65,22.99,88.16,25.89,38.86424576527791
1982-08-28,7.7,29.36,23.41,86.33,25.89,37.35926491664489
1982-08-29,16.98,28.18,22.8,90.54,25.24,34.42564391274023
1982-08-30,5.98,28.89,23.31,86.83,25.57,35.94512241363531
1982-08-31,1.95,26.83,22.76,90.58,24.6,30.308638108247603
1982-09-01,20.68,26.75,22.35,91.96,24.31,30.205038883366758
1982-09-02,13.11,28.36,22.96,87.85,25.31,34.48125060485873
1982-09-03,13.88,28.44,23.45,91.57,25.67,35.50246543437171
1982-09-04,12.83,26.68,22.87,91.77,24.84,29.985946995214274
1982-09-05,14.22,27.95,22.34,91.68,25.01,33.88153974097144
1982-09-06,5.56,27.66,22.96,90.62,24.94,32.78213232611553
1982-09-07,12.94,30.25,22.98,85.48,25.93,40.160799294418695
1982-09-08,6.69,29.24,22.91,87.9,25.7,37.36691254372247
1982-09-09,12.95,29.7,23.65,87.96,26.3,38.98307059975625
1982-09-10,6.34,27.95,22.97,89.38,25.34,33.48326100503549
1982-09-11,5.08,28.78,22.15,90.06,25.17,36.330390985658795
1982-09-12,1.07,29.48,22.85,87.93,25.72,38.201089971980714
1982-09-13,8.28,28.66,22.97,88.84,25.43,35.65079827599527
1982-09-14,5.65,27.76,22.54,85.0,24.9,32.2276427962532
1982-09-15,4.22,29.42,22.2,82.9,25.49,36.66142361174641
1982-09-16,4.93,30.87,23.37,85.63,26.45,42.46458360422091
1982-09-17,17.14,31.77,23.16,80.49,27.05,43.74191264122452
1982-09-18,5.82,29.41,23.14,88.26,25.97,38.048546347977634
1982-09-19,0.4,29.37,23.92,88.73,26.07,38.03736869988428
1982-09-20,2.82,27.57,23.96,92.27,25.4,32.74689955093006
1982-09-21,12.69,27.23,23.85,92.39,25.16,31.693048445286504
1982-09-22,2.07,28.44,23.27,89.02,25.34,34.97077329780642
1982-09-23,9.71,28.96,22.85,87.88,25.42,36.421134047499685
1982-09-24,5.39,27.67,22.3,87.18,24.39,32.29722033799189
1982-09-25,15.58,27.19,21.66,83.26,24.24,30.516275871837326
1982-09-26,4.33,26.9,22.43,82.31,24.66,29.72619258847031
1982-09-27,2.6,28.41,22.99,82.67,25.33,33.636993430188674
1982-09-28,1.18,29.01,22.67,81.57,25.53,35.115529088522095
1982-09-29,1.71,28.6,23.12,87.31,25.27,35.126077311034265
1982-09-30,1.95,31.15,21.71,80.93,26.17,41.72348395523329
1982-10-01,0.09,30.98,21.93,79.99,26.17,40.80565248719028
1982-10-02,0.95,30.9,21.24,81.69,25.73,41.135957729088695
1982-10-03,0.46,30.87,22.87,80.0,26.3,40.44292713727327
1982-10-04,0.45,31.1,21.66,81.91,26.27,41.91215770367727
1982-10-05,0.05,31.04,21.81,78.58,26.27,40.509023424705106
1982-10-06,0.03,29.83,23.79,85.77,26.12,38.78949562867812
1982-10-07,0.08,28.91,23.32,83.54,25.77,35.2604164869908
1982-10-08,5.08,29.99,22.85,82.54,25.94,38.36975344608227
1982-10-09,4.17,28.67,22.85,85.19,25.45,34.89458533032913
1982-10-10,11.67,29.27,22.9,86.91,25.25,37.21091248041022
1982-10-11,1.36,30.88,22.62,81.1,25.98,40.859124944583954
1982-10-12,2.13,30.71,22.19,78.27,25.9,39.3470276656971
1982-10-13,1.24,30.98,20.12,82.76,25.26,41.80207514347557
1982-10-14,3.68,30.28,23.13,84.88,25.98,40.070885419508286
1982-10-15,14.26,27.65,23.96,92.33,25.37,33.01306913139467
1982-10-16,1.61,29.1,23.63,88.76,25.66,37.109657897237476
1982-10-17,2.08,28.45,23.19,86.02,25.66,34.39732412829885
1982-10-18,0.44,29.86,23.47,84.21,26.36,38.43236138855495
1982-10-19,1.65,25.82,22.52,89.59,24.21,27.575560632353252
1982-10-20,3.79,28.64,22.38,85.05,24.98,34.77441499129406
1982-10-21,0.62,28.55,22.04,84.93,25.14,34.47979638057588
1982-10-22,1.44,27.84,22.59,85.64,24.87,32.547717438143486
1982-10-23,1.01,28.25,21.96,84.15,24.75,33.45773020627222
1982-10-24,2.42,30.43,21.55,81.7,25.25,39.55227832405592
1982-10-25,0.01,30.06,21.54,80.63,25.19,38.0339810383898
1982-10-26,0.05,30.94,21.03,81.58,25.33,41.234562715655876
1982-10-27,0.26,30.47,20.94,82.45,25.46,39.929583364986044
1982-10-28,0.06,30.86,21.97,79.81,25.74,40.3445373188806
1982-10-29,0.01,31.04,20.68,79.09,25.35,40.68786756927609
1982-10-30,0.33,30.95,21.07,80.27,25.2,40.80374646221177
1982-10-31,0.97,31.04,21.22,78.08,25.52,40.3350203691301
1982-11-01,0.39,30.7,20.75,79.62,25.25,39.75759921665875
1982-11-02,3.66,29.86,21.47,81.33,25.05,37.609115969671656
1982-11-03,1.37,28.35,22.9,84.15,25.0,33.74321167980359
1982-11-04,0.15,29.69,22.02,80.11,25.12,36.75872178051293
1982-11-05,1.42,29.5,21.72,79.93,25.3,36.15125293353945
1982-11-06,1.18,30.44,21.43,77.15,25.46,38.16705127374041
1982-11-07,0.22,30.74,21.12,81.54,25.21,40.53704448794261
1982-11-08,0.56,29.5,20.6,84.74,24.77,37.397080325696635
1982-11-09,9.92,29.97,23.16,81.34,25.7,37.95680278752986
1982-11-10,5.05,28.38,22.05,84.71,24.6,33.93531929666116
1982-11-11,3.36,29.72,21.77,84.35,25.08,38.00962504291206
1982-11-12,7.11,27.71,22.2,88.97,24.67,32.68303000329688
1982-11-13,6.92,29.95,22.49,84.33,25.53,38.76838907531777
1982-11-14,1.8,29.56,22.29,84.31,25.37,37.47608736354474
1982-11-15,0.28,29.36,21.64,83.86,24.71,36.71894593585134
1982-11-16,0.0,28.37,20.76,81.03,23.82,33.22746762775179
1982-11-17,0.01,30.64,20.27,81.02,24.94,40.02573997898603
1982-11-18,0.11,30.44,21.37,80.01,25.25,39.04726923551234
1982-11-19,0.2,29.96,21.51,79.32,25.47,37.35423561919296
1982-11-20,0.05,29.95,21.57,76.49,25.47,36.55470565428344
1982-11-21,0.01,30.35,22.17,79.3,25.56,38.54340263011207
1982-11-22,0.11,30.65,20.84,80.85,25.3,40.002236589000326
1982-11-23,0.05,30.57,20.79,79.5,25.28,39.3003421159272
1982-11-24,1.12,30.75,21.59,80.6,25.28,40.24989951956431
1982-11-25,2.33,29.85,22.27,81.5,25.23,37.625477327745756
1982-11-26,2.78,28.71,22.58,84.88,25.11,34.9501455455664
1982-11-27,0.67,27.18,21.7,88.16,24.35,31.04010201291276
1982-11-28,1.18,29.76,20.8,82.22,24.57,37.543276673599784
1982-11-29,0.25,28.85,21.72,83.65,24.87,35.105358713038335
1982-11-30,2.2,29.49,22.43,86.74,25.3,37.90644912297187
1982-12-01,0.72,28.74,22.67,84.59,25.34,34.97887256697125
1982-12-02,1.65,28.98,22.02,84.75,25.0,35.748180017769606
1982-12-03,0.11,30.47,21.42,79.56,25.33,39.00120906038296
1982-12-04,0.09,30.93,21.01,82.14,25.43,41.40090909461081
1982-12-05,0.1,30.4,22.45,83.23,25.77,39.94741040299494
1982-12-06,0.08,28.72,20.19,80.71,24.43,34.115213911148395
1982-12-07,0.02,28.39,19.12,75.76,22.91,32.362600485258525
1982-12-08,4.68,29.41,20.33,78.06,24.28,35.43940080644961
1982-12-09,2.32,29.31,21.91,81.0,25.02,35.85748722261008
1982-12-10,0.0,28.98,21.4,83.29,24.67,35.413974430577404
1982-12-11,0.0,29.48,22.79,83.19,25.52,36.92341371563857
1982-12-12,0.19,30.42,22.29,82.4,25.62,39.74499757108989
1982-12-13,0.16,29.51,21.48,76.22,24.87,35.27592086991625
1982-12-14,0.29,30.34,21.38,76.89,25.24,37.79227619668809
1982-12-15,1.93,30.69,21.08,79.34,25.29,39.63299689437133
1982-12-16,0.99,31.07,20.78,79.07,25.43,40.779831705315374
1982-12-17,4.77,26.98,21.76,87.5,24.09,30.422408820438477
1982-12-18,2.91,28.32,20.62,81.05,24.1,33.09781714730909
1982-12-19,0.31,29.14,19.87,78.49,23.63,34.79560943413212
1982-12-20,0.57,30.52,20.46,79.05,24.79,38.998547645727
1982-12-21,0.07,30.26,22.19,79.96,25.35,38.46206600427955
1982-12-22,0.06,29.74,21.36,79.0,24.92,36.6146631578629
1982-12-23,1.14,30.52,20.18,77.25,24.87,38.438397432207516
1982-12-24,0.88,30.33,20.41,78.22,24.92,38.15590583583763
1982-12-25,0.05,31.21,20.1,75.38,25.39,39.93919739027736
1982-12-26,7.84,30.12,22.56,80.73,25.31,38.25168217165559
1982-12-27,8.58,28.77,22.07,84.68,24.28,35.08894306979392
1982-12-28,0.6,27.41,20.74,82.44,23.77,30.966085163658857
1982-12-29,0.0,29.93,21.49,80.39,25.36,37.562250514597
1982-12-30,0.0,30.8,21.75,79.75,25.77,40.12687128647059
1982-12-31,0.02,31.17,22.32,79.87,26.06,41.40231188509522
1983-01-01,0.15,30.64,22.79,80.17,25.97,39.744114120857
1983-01-02,1.85,30.23,22.69,82.78,25.59,39.230851893712845
1983-01-03,0.99,31.36,21.48,80.35,25.41,42.23411348321729
1983-01-04,0.44,29.37,21.08,77.51,24.52,35.20012199482445
1983-01-05,0.09,30.11,19.06,74.1,23.78,36.36140403010112
1983-01-06,0.0,29.65,17.57,73.43,23.16,34.983822576921575
1983-01-07,0.0,30.62,17.18,79.06,23.58,39.31804789202658
1983-01-08,0.07,30.25,20.1,75.94,24.55,37.2567360649756
1983-01-09,0.07,31.11,19.23,74.55,24.78,39.35384642938706
1983-01-10,0.13,31.06,19.91,76.95,24.68,40.00965871052712
1983-01-11,2.54,30.23,20.2,77.5,24.39,37.64437803915132
1983-01-12,0.24,30.82,20.11,78.78,24.6,39.86515976417416
1983-01-13,0.29,31.13,20.94,75.93,25.38,39.88004028219158
1983-01-14,2.98,31.36,21.24,78.65,25.23,41.59298466824149
1983-01-15,2.57,31.42,21.32,80.56,25.14,42.52457262749034
1983-01-16,4.02,30.46,21.19,77.75,24.58,38.40935178605227
1983-01-17,1.27,30.62,20.05,75.44,24.44,38.182646444389775
1983-01-18,0.56,31.49,17.85,72.41,24.12,39.76157125230153
1983-01-19,2.29,30.8,20.31,75.78,24.8,38.82291859868285
1983-01-20,1.02,30.34,21.47,77.82,25.0,38.066952665721224
1983-01-21,0.04,30.63,20.9,77.08,24.87,38.71957043523312
1983-01-22,0.7,27.95,19.51,72.83,23.36,30.94604721641387
1983-01-23,0.14,30.21,18.68,70.03,23.63,35.56264904864342
1983-01-24,0.01,29.66,18.77,70.41,23.52,34.315754186679705
1983-01-25,0.05,30.34,18.85,72.77,24.0,36.62304114207257
1983-01-26,0.09,30.91,20.23,72.63,24.82,38.15430460580559
1983-01-27,1.4,30.65,19.95,76.74,24.61,38.673758803145624
1983-01-28,3.12,30.3,20.9,79.31,24.48,38.390857228294095
1983-01-29,1.82,30.46,19.71,78.54,24.57,38.65195353735522
1983-01-30,0.16,30.98,20.65,76.84,25.39,39.72124618866695
1983-01-31,0.0,31.22,21.32,74.99,25.36,39.83612984714931
1983-02-01,0.0,31.58,19.63,71.52,25.18,39.718510678579634
1983-02-02,0.0,31.27,19.5,74.74,24.81,39.9033760300944
1983-02-03,0.02,32.09,19.56,75.96,25.13,42.99558429532037
1983-02-04,0.02,31.16,21.34,75.59,25.37,39.856789234605834
1983-02-05,0.0,32.14,19.79,71.79,25.32,41.502095986836395
1983-02-06,0.01,31.63,18.95,71.97,24.76,40.02327577331021
1983-02-07,0.0,31.61,19.9,68.25,25.01,38.697967300836176
1983-02-08,0.0,31.1,21.16,71.35,24.85,38.28874798563169
1983-02-09,0.0,31.75,19.44,71.32,24.79,40.14856981532859
1983-02-10,0.0,31.37,19.63,68.11,24.66,38.00618536052904
1983-02-11,0.0,31.28,18.07,66.71,24.04,37.341267823978036
1983-02-12,0.0,32.34,18.91,66.58,25.03,40.1368069069955
1983-02-13,0.0,32.32,19.45,69.0,25.3,40.97906354716665
1983-02-14,0.0,32.42,19.63,67.53,25.24,40.715631327910074
1983-02-15,0.0,32.18,18.26,66.12,24.87,39.529412248164796
1983-02-16,0.41,32.77,20.54,67.44,25.39,41.7024731317135
1983-02-17,5.47,29.36,20.14,80.3,23.9,35.83441734125656
1983-02-18,0.04,32.0,17.69,66.65,24.01,39.22250351083964
1983-02-19,0.01,31.55,18.93,67.49,24.87,38.28883524704008
1983-02-20,0.0,32.32,19.91,69.03,25.49,40.9904395615844
1983-02-21,0.0,33.52,21.74,65.14,26.47,42.980183106477575
1983-02-22,1.1,32.0,20.34,68.12,25.47,39.73463759628675
1983-02-23,0.29,32.99,20.43,68.72,25.9,42.892625806735964
1983-02-24,0.0,33.01,20.99,66.82,26.24,42.16444228980694
1983-02-25,0.0,32.53,20.71,68.7,26.17,41.48645865437555
1983-02-26,0.0,34.22,20.51,63.36,26.46,44.29305055933258
1983-02-27,0.0,33.27,19.17,65.15,25.69,42.245055531961675
1983-02-28,0.05,33.53,19.51,66.49,25.81,43.59813115530927
1983-03-01,0.37,32.87,20.33,67.93,25.86,42.198468666439645
1983-03-02,0.34,34.61,20.34,61.73,26.93,44.709223433298284
1983-03-03,0.35,33.47,22.61,65.35,27.03,42.920891728492634
1983-03-04,0.51,33.07,21.47,66.94,26.47,42.39300724008501
1983-03-05,2.48,30.27,22.27,71.3,25.54,36.04339253028258
1983-03-06,2.07,31.75,19.99,67.29,25.17,38.76050789039589
1983-03-07,0.69,32.73,20.18,66.28,25.74,41.13060972146057
1983-03-08,1.88,32.65,20.49,68.07,25.8,41.59627910565404
1983-03-09,1.02,32.22,20.98,69.13,25.65,40.73378889139234
1983-03-10,0.01,33.52,20.82,67.24,26.54,43.89967029958526
1983-03-11,0.29,34.07,21.88,64.13,27.25,44.19118576672575
1983-03-12,0.0,35.21,21.06,62.95,27.62,47.1881834469242
1983-03-13,0.0,34.71,23.0,60.19,27.59,44.28307329223676
1983-03-14,0.03,35.36,21.9,62.78,27.8,47.583832636834835
1983-03-15,0.01,35.49,22.22,61.5,28.17,47.32135555288163
1983-03-16,0.01,36.33,21.63,61.25,28.41,49.93055435143713
1983-03-17,0.03,35.49,23.9,62.68,28.78,47.9538007197041
1983-03-18,0.03,34.96,23.85,62.9,28.47,46.36327897211083
1983-03-19,0.38,36.54,22.9,61.36,28.7,50.706385921093414
1983-03-20,1.97,35.6,22.93,65.84,28.26,50.099449915471226
1983-03-21,0.12,36.4,22.16,62.99,28.57,51.21154902900646
1983-03-22,0.0,37.12,23.17,61.88,29.07,53.05832217972769
1983-03-23,0.0,37.51,21.58,57.68,28.88,51.71138824007509
1983-03-24,0.0,37.46,23.78,59.48,29.67,52.69494375735859
1983-03-25,0.0,36.82,24.27,59.09,29.68,50.282510897143375
1983-03-26,0.46,36.43,23.82,59.25,29.5,49.10036086156262
1983-03-27,0.02,36.66,23.78,60.33,29.2,50.4927308852645
1983-03-28,0.0,36.29,21.6,57.61,28.5,47.73979344392596
1983-03-29,0.0,35.76,23.81,58.83,29.02,46.75967087165324
1983-03-30,0.67,34.69,24.06,62.75,28.28,45.44330341831212
1983-03-31,0.01,35.27,22.25,63.02,27.89,47.419214602759325
1983-04-01,0.24,34.63,23.44,63.11,28.17,45.43256909195442
1983-04-02,0.02,35.91,23.36,59.99,28.85,47.84657725133134
1983-04-03,0.0,36.29,23.69,60.6,29.35,49.41915191116189
1983-04-04,0.0,35.37,24.31,60.02,29.27,46.17806445666591
1983-04-05,0.0,34.08,25.15,61.99,28.91,43.2593605104552
1983-04-06,0.0,35.38,23.98,59.78,29.46,46.086891026092324
1983-04-07,0.0,38.07,24.11,57.13,30.24,53.251089434987286
1983-04-08,0.0,37.98,22.84,55.46,29.69,51.85714593757736
1983-04-09,0.0,37.6,22.67,53.19,29.3,49.26046350049272
1983-04-10,0.0,37.82,22.7,55.56,29.44,51.397092782796186
1983-04-11,0.0,37.9,22.17,54.91,29.63,51.24759770668621
1983-04-12,0.0,38.17,23.49,53.32,30.14,51.11205190505648
1983-04-13,0.0,37.79,23.83,53.8,29.85,50.21197364682765
1983-04-14,0.0,37.7,21.73,51.33,28.94,48.48166458870858
1983-04-15,0.0,37.79,21.21,54.28,29.16,50.5049285473063
1983-04-16,0.02,37.1,22.31,56.76,29.19,49.804940703598255
1983-04-17,0.16,37.57,22.9,54.09,29.27,49.700334014991896
1983-04-18,0.17,37.31,22.75,57.2,29.32,50.750051268131784
1983-04-19,0.31,37.49,23.41,57.29,29.43,51.39913073260677
1983-04-20,0.31,38.45,21.72,52.21,29.51,51.29448047864553
1983-04-21,0.19,38.38,23.15,54.46,30.01,52.523292355588666
1983-04-22,0.37,37.94,23.41,55.79,30.11,51.93702393175627
1983-04-23,0.49,38.1,24.13,57.65,30.07,53.70366503601455
1983-04-24,0.0,38.86,23.13,52.16,30.21,52.56554633641681
1983-04-25,0.6,36.57,23.29,57.15,29.44,48.35504561439672
1983-04-26,0.29,37.57,23.4,56.85,29.66,51.388029672446514
1983-04-27,0.17,36.25,21.73,59.16,29.13,48.47096972103114
1983-04-28,0.02,38.72,23.95,53.82,30.22,53.21934073621413
1983-04-29,0.02,37.73,22.72,51.81,29.94,48.847109814861525
1983-04-30,0.73,36.84,24.29,55.1,29.61,48.04039584235127
1983-05-01,0.33,35.07,23.68,59.39,28.36,44.96349659728793
1983-05-02,0.74,35.44,21.77,58.55,28.34,45.64962263838614
1983-05-03,0.18,38.3,22.68,53.33,29.69,51.53197486638986
1983-05-04,0.33,36.94,23.71,57.26,29.38,49.58775514085783
1983-05-05,0.11,37.4,24.17,54.5,29.77,49.41519257496455
1983-05-06,0.0,38.17,22.96,50.63,30.07,49.46500509499489
1983-05-07,5.66,37.63,23.37,56.1,29.71,51.11600029492732
1983-05-08,2.11,36.83,22.89,60.92,29.36,51.43090150021598
1983-05-09,0.0,36.78,23.25,57.16,29.6,49.020372023112145
1983-05-10,0.0,37.08,23.6,57.79,29.8,50.35620683659459
1983-05-11,0.0,35.53,25.58,59.4,29.73,46.350967647840044
1983-05-12,0.0,37.67,25.71,50.07,30.95,47.68401701857152
1983-05-13,0.0,38.94,24.93,50.63,30.98,51.81415930344078
1983-05-14,0.0,36.83,25.42,55.07,30.04,47.993387466784476
1983-05-15,0.0,38.33,25.88,54.72,31.2,52.52940836508109
1983-05-16,0.0,37.7,26.3,51.11,31.04,48.35601895457472
1983-05-17,2.64,36.67,25.85,59.05,30.08,49.76530322983877
1983-05-18,4.4,36.35,25.38,59.96,29.95,49.24761980041947
1983-05-19,1.28,32.28,24.69,69.2,28.17,40.936691204686824
1983-05-20,1.28,35.78,25.78,62.83,29.71,48.996122282222736
1983-05-21,1.21,32.84,26.05,64.54,29.32,40.77310112627906
1983-05-22,0.74,34.9,25.38,63.32,29.98,46.38574458308379
1983-05-23,2.22,31.83,25.87,69.81,28.55,39.846741652775016
1983-05-24,0.23,34.75,24.6,65.63,28.77,47.08189078691316
1983-05-25,5.06,32.53,24.66,67.65,27.76,41.07984961079435
1983-05-26,0.63,34.54,24.41,61.58,28.75,44.428892876576256
1983-05-27,0.06,35.99,24.35,59.68,29.45,47.931362844091666
1983-05-28,2.09,33.19,24.91,64.24,28.56,41.642929467702416
1983-05-29,9.12,34.72,24.73,68.29,29.22,48.38429505125798
1983-05-30,1.21,34.22,25.31,69.19,29.3,47.12585501113832
1983-05-31,0.01,34.64,25.52,66.65,29.39,47.24376295820608
1983-06-01,7.35,34.98,24.67,67.35,29.29,48.77970489641655
1983-06-02,0.65,33.22,25.48,69.86,28.63,44.11420840942864
1983-06-03,2.56,34.56,24.33,66.44,28.83,46.86878629131044
1983-06-04,13.65,31.48,24.99,76.44,27.67,41.16972392967458
1983-06-05,15.72,29.74,24.62,84.02,26.84,37.98210798143916
1983-06-06,6.32,32.05,23.8,80.35,26.95,44.701914431767534
1983-06-07,8.61,29.35,23.98,84.22,26.21,36.77918475388418
1983-06-08,1.41,33.67,23.48,72.14,27.77,46.700854318780756
1983-06-09,0.04,34.73,24.37,66.16,28.99,47.29039746414847
1983-06-10,0.0,36.06,24.31,65.33,29.52,51.43266893693904
1983-06-11,0.0,37.52,24.44,62.26,30.14,54.766419677178405
1983-06-12,2.85,37.56,24.25,62.83,29.93,55.309039288136404
1983-06-13,0.62,38.34,22.89,60.55,30.17,56.605598307804456
1983-06-14,0.02,37.72,23.92,59.84,30.27,53.84631884828031
1983-06-15,0.04,37.1,24.11,60.45,30.17,52.0688114497764
1983-06-16,0.09,35.64,25.41,65.45,29.44,50.013888995224335
1983-06-17,0.6,34.87,25.22,66.0,29.39,47.67553832555061
1983-06-18,0.32,32.95,25.25,70.28,28.49,43.430923841169914
1983-06-19,8.35,30.64,25.24,77.87,27.51,38.99974874606451
1983-06-20,2.01,32.13,24.83,75.68,27.85,43.015496109728815
1983-06-21,0.09,33.88,25.06,67.15,28.7,44.9981722871031
1983-06-22,0.13,37.29,24.62,58.62,29.88,51.56413266741608
1983-06-23,3.78,35.28,24.35,67.63,29.23,49.99619473305206
1983-06-24,6.5,31.2,25.54,77.28,27.77,40.570218282760294
1983-06-25,4.26,33.45,24.2,71.52,28.51,45.6402981002737
1983-06-26,0.03,32.72,24.45,72.18,28.3,43.50306841121368
1983-06-27,1.42,30.94,25.38,77.87,27.58,39.94254099639171
1983-06-28,0.08,34.81,24.16,68.55,28.78,48.84143864637574
1983-06-29,0.27,34.15,24.38,67.73,29.01,46.15721824961121
1983-06-30,0.59,33.67,25.69,71.18,28.89,46.22953154947637
1983-07-01,0.06,35.32,25.29,67.71,29.34,50.18565059663612
1983-07-02,1.71,33.76,24.75,68.46,28.57,45.2266305658978
1983-07-03,0.16,33.83,24.82,70.67,28.65,46.529396262883125
1983-07-04,0.35,35.01,25.14,66.25,29.68,48.283484157733646
1983-07-05,1.52,34.61,25.36,68.47,29.2,48.0975660369585
1983-07-06,1.59,35.92,24.7,67.35,29.43,52.16166161742451
1983-07-07,4.81,35.35,25.22,69.83,29.22,51.5436564581618
1983-07-08,1.71,32.35,24.9,74.95,28.09,43.4516029993982
1983-07-09,0.51,34.27,24.92,70.69,29.06,48.0782972941939
1983-07-10,2.76,34.94,25.64,69.06,29.62,49.58782812131033
1983-07-11,3.77,31.3,24.81,78.06,27.65,41.175943702621545
1983-07-12,2.63,32.27,24.0,77.52,27.6,44.27049030334635
1983-07-13,5.21,32.09,24.83,77.54,27.68,43.64863295570071
1983-07-14,7.96,35.23,24.44,74.74,28.5,54.10716472221544
1983-07-15,18.99,32.13,24.87,79.74,28.07,44.73010933348439
1983-07-16,8.86,28.74,24.46,86.45,25.9,35.382151216584134
1983-07-17,0.29,30.13,23.59,76.94,26.64,37.19217130763796
1983-07-18,0.04,34.03,23.24,69.0,28.34,46.38398732861861
1983-07-19,2.9,34.05,23.86,66.63,28.57,45.29742560599723
1983-07-20,0.64,35.61,23.63,64.95,28.92,49.62160705312462
1983-07-21,0.23,35.6,24.08,64.63,29.35,49.40466112240087
1983-07-22,5.63,30.43,24.94,78.94,27.02,38.68230314873907
1983-07-23,2.77,34.06,24.8,73.4,28.58,48.753833283552325
1983-07-24,2.57,31.13,25.31,79.64,27.59,41.18369829614885
1983-07-25,5.94,28.02,23.18,85.02,25.33,32.9561940687667
1983-07-26,1.48,30.95,22.58,77.34,26.39,39.795280363310006
1983-07-27,0.52,33.74,23.33,72.72,27.63,47.23816727684941
1983-07-28,10.81,32.25,23.63,76.13,27.12,43.60878070770642
1983-07-29,1.88,34.83,24.13,67.87,28.81,48.540827439064145
1983-07-30,8.18,36.21,23.37,64.78,28.95,51.63461562684475
1983-07-31,2.34,36.35,22.75,63.48,28.83,51.335307763603936
1983-08-01,2.98,32.23,23.19,71.93,27.04,41.836005907632
1983-08-02,12.25,33.18,23.69,75.83,27.14,46.75975678072033
1983-08-03,15.75,33.74,22.9,75.94,27.33,48.9037091110263
1983-08-04,4.75,30.18,23.93,81.9,26.53,38.794879268344545
1983-08-05,15.05,31.69,23.87,80.81,26.64,43.58494092520524
1983-08-06,15.18,29.02,23.28,85.11,25.66,35.956814537326096
1983-08-07,15.52,31.43,23.13,77.99,26.76,41.58072642978964
1983-08-08,5.31,32.34,23.37,77.82,27.29,44.6492218415768
1983-08-09,16.62,31.9,24.31,79.57,27.59,43.826744742634865
1983-08-10,17.46,30.78,24.59,83.74,27.0,41.44620328001373
1983-08-11,16.39,29.22,24.48,89.71,26.25,37.77310525215414
1983-08-12,30.26,28.56,24.57,91.91,26.11,35.99114327164529
1983-08-13,39.37,28.94,24.52,91.28,26.36,37.183133159124814
1983-08-14,74.52,28.71,24.6,90.69,26.18,36.235856557039966
1983-08-15,36.95,28.38,23.93,91.42,25.74,35.26641641967777
1983-08-16,36.6,27.95,24.27,93.63,25.61,34.22794182277727
1983-08-17,10.49,28.1,24.28,91.48,25.9,34.33940779780077
1983-08-18,1.83,29.14,24.08,87.02,26.33,36.80673176866301
1983-08-19,0.48,29.31,24.2,87.0,26.51,37.36837209365322
1983-08-20,0.75,28.67,23.84,89.51,25.71,35.832741491724896
1983-08-21,1.12,28.64,23.15,87.91,25.48,35.382335615212426
1983-08-22,0.16,28.54,23.52,88.0,25.45,35.080808237478045
1983-08-23,7.3,28.29,23.19,88.09,25.27,34.30902364367867
1983-08-24,3.07,29.24,23.53,85.94,25.88,36.86321803018175
1983-08-25,4.78,28.79,23.24,87.74,25.68,35.83008302421364
1983-08-26,6.87,29.01,23.53,88.77,25.68,36.80520029858545
1983-08-27,0.68,29.47,22.92,86.17,25.91,37.68349416846711
1983-08-28,11.33,29.15,23.11,87.52,25.96,36.965639145112846
1983-08-29,3.21,28.6,23.16,87.78,25.46,35.22604994605789
1983-08-30,0.72,28.97,23.53,89.18,25.62,36.76958308135378
1983-08-31,7.7,30.3,23.75,85.13,26.47,40.222722150758955
1983-09-01,2.76,31.31,22.79,82.69,26.64,42.96086575446177
1983-09-02,2.8,31.8,22.4,80.81,26.83,43.98338380064796
1983-09-03,19.23,31.22,23.51,82.66,27.05,42.62314223464835
1983-09-04,4.67,29.96,23.96,84.47,26.3,38.84394742628021
1983-09-05,10.17,31.24,22.62,75.21,26.56,39.973214524701994
1983-09-06,10.93,28.68,23.27,86.55,25.57,35.21550430393586
1983-09-07,2.99,26.99,22.76,88.3,24.87,30.53083340855491
1983-09-08,0.2,28.93,22.57,84.0,25.96,35.423706223820965
1983-09-09,0.87,28.71,24.64,84.18,26.33,34.80185105614167
1983-09-10,5.33,29.39,23.82,81.1,26.27,36.11815421844474
1983-09-11,1.21,30.23,23.11,76.3,25.87,37.301174995800366
1983-09-12,9.0,31.67,22.9,74.22,27.01,40.95633440463497
1983-09-13,3.11,31.59,23.63,80.73,26.98,43.19362410085079
1983-09-14,1.95,30.49,22.86,80.6,26.43,39.395676024618105
1983-09-15,3.6,30.55,23.31,78.08,26.71,38.78736605846344
1983-09-16,2.19,30.18,23.83,81.53,26.77,38.68241184682151
1983-09-17,10.03,28.92,24.7,82.5,26.41,35.05985663931227
1983-09-18,4.16,29.59,23.85,83.38,26.09,37.321410781788956
1983-09-19,0.94,30.37,23.26,82.94,26.4,39.7513299586345
1983-09-20,1.09,30.53,24.41,82.66,26.93,40.20249506351839
1983-09-21,8.68,31.88,23.43,76.41,27.4,42.4727092265458
1983-09-22,4.1,31.35,22.92,80.53,26.68,42.268045245632926
1983-09-23,6.95,29.78,24.94,84.33,26.77,38.20187501920244
1983-09-24,12.07,28.92,24.01,89.18,26.05,36.59922934684357
1983-09-25,11.57,29.68,23.81,87.61,25.88,38.809657420682704
1983-09-26,18.08,29.21,23.71,88.48,25.88,37.41523769149559
1983-09-27,22.09,27.44,22.93,91.26,24.96,32.193999596622405
1983-09-28,3.68,27.37,23.67,91.69,25.22,32.03614078574843
1983-09-29,0.29,29.81,23.26,88.42,26.15,39.51542477805452
1983-09-30,7.18,29.37,23.19,87.98,25.86,37.83364062513293
1983-10-01,6.1,30.99,23.07,85.62,26.51,42.91057442706718
1983-10-02,6.23,28.85,23.99,88.83,25.55,36.27974918523637
1983-10-03,1.35,28.93,22.71,84.83,25.25,35.611861744211346
1983-10-04,0.19,31.6,20.93,74.47,25.98,40.82891300324016
1983-10-05,0.18,31.0,22.96,81.09,26.62,41.265075935019226
1983-10-06,1.31,31.49,23.22,82.98,26.67,43.737995820171506
1983-10-07,4.0,31.53,21.56,81.6,26.25,43.32702070351281
1983-10-08,6.96,31.15,22.18,80.58,26.47,41.59440063761267
1983-10-09,1.41,31.32,23.42,80.59,26.74,42.18632231107607
1983-10-10,6.88,30.43,23.64,78.72,26.36,38.61448749943885
1983-10-11,16.86,31.05,23.52,85.75,26.56,43.18746000001836
1983-10-12,2.73,29.12,23.55,88.09,25.65,37.00851755112722
1983-10-13,0.68,27.74,23.22,89.94,25.11,32.92462470228862
1983-10-14,0.91,31.39,22.47,81.43,26.35,42.75669975578331
1983-10-15,0.21,31.12,22.69,80.08,26.12,41.30929749964329
1983-10-16,0.1,30.06,22.01,81.49,25.58,38.28570744856352
1983-10-17,0.38,31.48,21.92,79.45,26.42,42.30425977074745
1983-10-18,0.1,31.1,22.72,77.93,26.53,40.47652982275779
1983-10-19,0.07,30.05,23.61,80.38,26.38,37.93030953281771
1983-10-20,6.61,30.42,23.48,80.41,26.41,39.10906852102968
1983-10-21,29.03,28.96,22.81,85.55,25.47,35.871149912089045
1983-10-22,2.17,27.69,22.58,88.12,24.94,32.49483686166778
1983-10-23,1.13,29.86,21.6,84.49,25.15,38.514207338264896
1983-10-24,3.19,30.36,21.19,82.62,25.29,39.61461540202221
1983-10-25,2.58,29.8,22.44,87.52,25.66,39.20695034950066
1983-10-26,0.12,31.48,22.41,82.03,26.44,43.318008745935494
1983-10-27,6.54,30.64,23.5,85.34,26.73,41.511567988022406
1983-10-28,1.48,29.15,23.45,86.43,25.69,36.69246194551565
1983-10-29,3.58,29.58,22.83,88.16,25.74,38.616496075111385
1983-10-30,1.17,31.0,22.79,80.68,26.45,41.118046758774746
1983-10-31,2.88,30.09,23.73,82.08,26.3,38.557240542694224
1983-11-01,20.49,31.04,23.19,80.59,26.3,41.22184617167651
1983-11-02,3.98,30.8,22.82,82.27,26.3,40.995804763516844
1983-11-03,0.68,29.42,23.6,87.97,25.89,38.003786827708105
1983-11-04,1.54,27.85,23.92,92.24,25.47,33.64995812301382
1983-11-05,0.99,29.91,22.97,85.55,25.98,38.99832466439001
1983-11-06,0.06,30.73,21.45,80.8,25.6,40.25115461344022
1983-11-07,0.02,29.23,21.99,80.13,25.17,35.419409225259045
1983-11-08,0.01,29.3,20.92,77.12,24.48,34.92111637441514
1983-11-09,0.01,29.7,19.34,78.19,24.03,36.288668064028634
1983-11-10,0.27,29.37,19.24,76.3,24.3,34.92109828592706
1983-11-11,0.19,29.17,19.69,78.65,23.8,34.91330425428791
1983-11-12,0.0,30.22,18.23,75.82,24.14,37.13717814003908
1983-11-13,0.98,31.08,20.87,80.17,25.5,41.20633450603017
1983-11-14,0.76,30.43,21.39,81.26,25.3,39.411204039253796
1983-11-15,0.11,28.52,21.83,83.28,24.82,34.06426669390945
1983-11-16,0.2,29.97,22.27,81.65,25.33,38.046171292828
1983-11-17,0.17,29.3,22.52,78.49,25.3,35.235333565498074
1983-11-18,0.16,29.39,21.35,78.75,24.61,35.5477016923718
1983-11-19,0.02,29.94,20.67,76.18,24.18,36.44446284041925
1983-11-20,0.01,30.19,20.75,74.65,24.69,36.72886746422702
1983-11-21,0.52,28.95,21.77,82.27,24.92,35.09679169987243
1983-11-22,0.07,30.72,22.71,80.92,26.01,40.25845683795464
1983-11-23,0.03,30.7,21.95,78.81,25.56,39.49129595802109
1983-11-24,0.34,30.81,20.04,76.96,25.15,39.23303708834505
1983-11-25,0.74,28.19,19.29,79.3,23.43,32.46378196401588
1983-11-26,0.13,25.67,20.47,79.76,22.33,27.037441362082813
1983-11-27,0.12,25.42,20.32,76.99,22.43,26.57089864635689
1983-11-28,0.05,28.32,21.28,76.94,24.12,32.39307316448955
1983-11-29,0.02,30.54,21.8,76.76,25.43,38.34850404779107
1983-11-30,0.46,30.95,21.77,75.59,25.67,39.21422323573037
1983-12-01,0.04,30.0,20.68,73.52,24.34,35.915186265457834
1983-12-02,0.03,29.79,20.19,74.21,24.19,35.534368852136
1983-12-03,0.0,29.49,20.0,73.1,23.64,34.50513232920441
1983-12-04,0.0,27.78,16.79,70.86,21.29,30.35162340605404
1983-12-05,0.0,27.96,15.17,74.25,20.51,31.162618821556855
1983-12-06,0.01,28.39,14.86,75.1,21.24,32.252615078218895
1983-12-07,0.0,29.11,18.25,76.06,23.3,34.19016413068272
1983-12-08,0.01,30.76,20.44,74.99,24.77,38.45507227091471
1983-12-09,0.19,30.3,20.44,76.55,24.56,37.57584611536051
1983-12-10,0.02,30.04,19.06,74.31,23.63,36.22728212007257
1983-12-11,0.0,30.53,17.84,71.96,23.23,36.90829273376419
1983-12-12,0.0,29.83,18.92,72.3,23.36,35.171725049049115
1983-12-13,0.21,30.93,20.26,74.87,24.58,38.92015797417321
1983-12-14,0.01,31.41,19.99,74.9,25.32,40.391093436349216
1983-12-15,0.0,31.14,20.66,73.97,25.13,39.25091422025759
1983-12-16,0.01,30.77,19.79,73.1,24.1,37.90285121494739
1983-12-17,0.04,30.66,18.85,72.68,24.1,37.470207121455694
1983-12-18,0.04,30.35,18.94,71.43,23.76,36.28557523709119
1983-12-19,0.41,29.28,18.22,70.87,22.96,33.52513408854608
1983-12-20,0.41,28.79,17.69,72.19,22.24,32.66198095669539
1983-12-21,0.1,28.74,16.82,73.73,22.71,32.826786003907046
1983-12-22,0.02,29.93,19.47,75.59,24.27,36.26181882376108
1983-12-23,0.01,31.28,20.94,76.29,25.34,40.47547932889975
1983-12-24,0.11,30.61,21.19,72.3,24.9,37.2220779282219
1983-12-25,0.05,29.51,20.18,70.83,24.04,34.05318847310126
1983-12-26,0.02,29.98,19.29,69.44,23.93,34.855283335914265
1983-12-27,0.0,30.99,19.58,70.23,24.08,37.641188071209825
1983-12-28,0.88,30.28,19.06,72.47,23.62,36.38119790079156
1983-12-29,2.7,30.18,19.76,78.59,24.22,37.81022854069876
1983-12-30,0.75,30.81,21.13,77.2,24.82,39.311199570063565
1983-12-31,0.19,29.08,19.56,71.18,23.79,33.129162546476294
1984-01-01,0.18,30.0,18.65,67.35,23.56,34.41223318998621
1984-01-02,0.67,29.46,17.55,69.4,22.87,33.63330040983931
1984-01-03,0.09,29.25,18.01,72.31,22.94,33.75083245914801
1984-01-04,0.01,30.36,18.75,70.75,23.71,36.129515447688796
1984-01-05,0.14,30.54,19.76,69.79,24.36,36.33238589589136
1984-01-06,0.53,30.53,19.48,71.07,24.21,36.65888794639355
1984-01-07,0.08,31.14,20.47,73.06,24.92,38.951438904241286
1984-01-08,0.24,31.2,20.39,72.39,24.77,38.90655558896142
1984-01-09,0.02,31.68,20.07,67.95,24.8,38.78969053485682
1984-01-10,0.04,31.87,19.1,69.22,24.64,39.75370259883775
1984-01-11,0.53,32.0,19.94,68.56,25.21,39.89055309650295
1984-01-12,0.15,31.94,19.64,71.92,25.12,40.93778312047836
1984-01-13,0.01,31.21,21.18,73.6,25.18,39.33576741164528
1984-01-14,0.12,32.5,19.95,69.89,25.37,41.86459437958578
1984-01-15,0.25,32.66,20.07,70.83,25.57,42.742434688479385
1984-01-16,0.04,32.96,21.04,69.45,25.96,43.10792279748925
1984-01-17,0.21,31.07,20.58,68.74,24.62,37.406155703425526
1984-01-18,0.06,31.8,19.54,67.58,25.02,38.99349335311253
1984-01-19,14.08,28.64,21.65,77.82,24.64,33.34077645463862
1984-01-20,2.7,30.12,21.56,76.79,24.96,37.12140346982342
1984-01-21,0.01,31.61,20.36,72.22,25.27,40.05190274489963
1984-01-22,0.0,31.86,21.78,75.11,25.89,41.89789860158988
1984-01-23,0.66,31.93,22.51,73.96,26.04,41.679134959655286
1984-01-24,0.06,32.62,21.67,70.69,25.9,42.55885776656662
1984-01-25,0.02,33.49,20.65,66.82,26.23,43.6202288721654
1984-01-26,0.17,32.45,21.33,68.05,25.77,40.99946412956818
1984-01-27,0.67,31.66,21.24,71.22,25.49,39.84830192377584
1984-01-28,0.87,31.67,20.93,73.15,25.21,40.56547962997876
1984-01-29,0.45,31.6,21.07,70.78,25.32,39.52126890192745
1984-01-30,0.26,32.45,20.32,70.13,25.41,41.80688801346074
1984-01-31,0.22,33.09,20.0,68.36,25.63,43.04983709626203
1984-02-01,0.0,33.32,19.66,66.93,25.53,43.14561943251277
1984-02-02,0.0,33.33,18.79,67.84,25.35,43.571432049346946
1984-02-03,0.0,33.57,20.35,64.81,26.04,42.98731729667773
1984-02-04,0.0,33.17,20.22,66.61,25.89,42.55565884109557
1984-02-05,0.48,33.42,20.96,69.5,26.4,44.600517084493035
1984-02-06,0.32,33.11,23.27,71.94,26.72,44.686912505900445
1984-02-07,0.03,31.42,21.21,61.24,25.48,36.09587781245305
1984-02-08,0.16,29.51,20.23,61.21,23.8,32.140047851983184
1984-02-09,0.26,31.23,19.3,62.25,24.04,35.940316193991535
1984-02-10,0.15,32.0,18.8,63.81,24.59,38.27128799462673
1984-02-11,0.01,33.18,19.93,65.36,25.68,42.06822545344883
1984-02-12,0.0,33.89,20.5,65.23,26.24,44.14193933733414
1984-02-13,0.04,35.01,19.71,63.67,26.62,46.91768789925308
1984-02-14,0.02,34.81,21.1,63.65,27.16,46.266009757990915
1984-02-15,0.0,34.66,22.1,63.76,27.14,45.845320573887705
1984-02-16,0.12,33.55,21.34,64.35,26.77,42.731260439309565
1984-02-17,0.02,34.83,21.57,66.52,27.18,47.8160609830037
1984-02-18,0.0,35.21,23.12,62.92,27.69,47.172445864451596
1984-02-19,0.0,34.84,21.33,56.91,26.86,43.157992061659925
1984-02-20,0.0,33.59,19.46,60.57,25.79,41.286462133769675
1984-02-21,0.0,34.44,18.56,59.04,25.88,42.989264938883814
1984-02-22,0.0,35.18,19.17,60.82,26.58,45.999405289143205
1984-02-23,0.12,35.73,21.34,62.69,27.81,48.75078316439934
1984-02-24,0.69,35.84,22.97,60.67,27.88,47.99399163955223
1984-02-25,0.31,35.02,21.25,57.0,26.84,43.697412432996
1984-02-26,0.03,34.55,18.83,58.91,26.08,43.24068405243414
1984-02-27,0.11,34.25,19.81,60.57,25.95,43.1241168113281
1984-02-28,0.57,33.97,20.3,60.51,26.11,42.307644613091696
1984-02-29,0.35,33.66,20.31,59.22,26.16,40.94008194502414
1984-03-01,2.47,33.1,21.22,61.32,25.98,40.262169484597145
1984-03-02,2.01,33.58,20.93,64.43,26.25,42.85384164258361
1984-03-03,0.0,32.88,22.54,63.36,26.46,40.436330129675596
1984-03-04,0.08,34.53,22.28,59.54,27.19,43.46542672568735
1984-03-05,0.16,33.55,22.29,59.16,26.93,40.62719568458566
1984-03-06,0.53,34.81,21.47,61.59,27.12,45.2476255224604
1984-03-07,0.32,35.28,21.73,63.9,27.66,47.92193201863072
1984-03-08,0.08,35.07,24.19,63.93,28.46,47.24790426259108
1984-03-09,0.16,34.43,23.46,66.87,28.07,46.6559028973291
1984-03-10,0.65,35.21,23.55,64.67,28.14,48.10455185360856
1984-03-11,0.37,36.04,23.09,63.42,28.45,50.21901186656442
1984-03-12,1.37,35.35,23.95,62.36,28.33,47.32840578310674
1984-03-13,0.57,35.58,23.86,63.08,28.54,48.469017686504934
1984-03-14,5.71,35.48,24.26,65.87,28.7,49.69562761691514
1984-03-15,0.55,30.71,24.35,73.39,27.05,37.82102305919952
1984-03-16,0.0,33.11,23.88,67.9,28.0,42.91625144392261
1984-03-17,0.0,32.84,24.45,68.45,27.59,42.320115489150304
1984-03-18,0.0,36.05,22.81,61.41,28.53,49.090353282900956
1984-03-19,0.0,36.33,21.72,60.83,28.5,49.6850325761906
1984-03-20,0.0,36.21,22.08,60.75,28.36,49.241623542825586
1984-03-21,0.29,36.27,22.6,58.87,28.47,48.37262997792383
1984-03-22,2.51,35.59,21.63,62.96,27.47,48.435982940537926
1984-03-23,0.6,36.17,21.53,60.31,27.79,48.860130013273164
1984-03-24,0.13,36.04,22.01,60.89,27.94,48.763434660159085
1984-03-25,0.01,36.56,22.93,57.6,28.66,48.57683590524529
1984-03-26,0.0,37.38,22.23,56.58,28.8,50.59891676659231
1984-03-27,0.16,37.17,22.74,58.31,29.29,50.96968236332949
1984-03-28,0.05,37.7,23.09,57.46,29.42,52.20969840360732
1984-03-29,0.0,36.39,23.0,56.08,29.27,47.21633456203761
1984-03-30,0.03,36.33,23.67,58.1,28.95,48.1338873625588
1984-03-31,0.01,35.56,23.54,60.94,29.0,47.2469529133469
1984-04-01,0.03,37.52,24.18,57.25,29.6,51.47361133913301
1984-04-02,0.01,33.68,24.68,61.59,28.65,41.947846437792464
1984-04-03,0.0,37.39,22.91,56.44,29.19,50.54588065535501
1984-04-04,0.13,38.09,23.25,54.9,29.67,51.858337444104464
1984-04-05,0.0,38.47,22.91,54.33,29.93,52.734054609199895
1984-04-06,0.03,38.92,23.4,57.08,30.17,56.19976788119553
1984-04-07,1.88,37.53,23.83,57.53,29.7,51.683446368630676
1984-04-08,0.07,36.95,24.31,58.5,29.55,50.357362083815715
1984-04-09,0.0,37.7,24.62,56.44,30.03,51.558965305864476
1984-04-10,0.0,38.51,22.96,54.15,30.03,52.746605235669676
1984-04-11,0.0,39.08,23.85,53.23,30.35,54.012140887847394
1984-04-12,0.0,38.67,23.69,54.21,30.39,53.31661344234362
1984-04-13,0.46,35.7,25.18,61.71,29.32,48.11046445486908
1984-04-14,0.1,37.14,24.31,56.39,29.54,49.713434439590145
1984-04-15,3.63,33.86,25.04,63.22,28.76,43.15567870076596
1984-04-16,0.63,32.52,24.11,65.8,27.76,40.353644820140055
1984-04-17,8.9,34.5,24.24,66.57,27.91,46.736016582795905
1984-04-18,5.38,33.24,23.27,72.43,27.77,45.351758135216905
1984-04-19,1.78,32.8,24.08,74.39,27.52,44.7393243768983
1984-04-20,0.14,32.27,24.61,70.56,28.05,41.42612860134908
1984-04-21,1.57,33.28,24.41,71.61,28.22,45.10670160800893
1984-04-22,0.24,33.64,24.65,66.93,28.29,44.13608823495396
1984-04-23,1.22,36.25,23.93,66.38,28.84,52.779515433555815
1984-04-24,0.01,35.44,23.45,60.62,28.96,46.7022696571606
1984-04-25,0.8,36.59,23.79,61.42,29.65,50.9135729670204
1984-04-26,0.7,32.55,25.36,71.75,28.18,42.77365355427891
1984-04-27,2.99,34.02,24.35,67.91,28.47,45.81607001961243
1984-04-28,0.32,36.26,24.74,66.32,29.37,52.77861968508723
1984-04-29,3.25,34.77,25.06,66.23,28.79,47.46083112482767
1984-04-30,14.28,29.9,24.78,76.67,26.79,36.46138529441833
1984-05-01,4.87,30.08,23.83,79.51,26.16,37.77198557308986
1984-05-02,3.83,31.11,23.3,78.45,26.4,40.691994384593926
1984-05-03,3.25,30.49,23.34,78.78,26.31,38.8197633383973
1984-05-04,4.34,30.67,23.86,79.46,26.29,39.608031203438514
1984-05-05,9.89,31.64,23.02,78.96,26.23,42.66543013353542
1984-05-06,11.51,31.56,22.76,76.44,26.47,41.42922165385815
1984-05-07,10.62,31.32,23.39,78.28,26.65,41.32264510831631
1984-05-08,13.11,30.54,24.02,80.55,26.36,39.542244158852064
1984-05-09,23.46,29.91,23.7,79.93,26.59,37.37267520662279
1984-05-10,14.21,29.69,23.37,81.82,26.13,37.21498791915644
1984-05-11,4.16,31.44,22.6,73.04,26.45,39.830706682160354
1984-05-12,2.88,29.88,23.47,77.99,26.37,36.75476073405806
1984-05-13,5.35,29.71,23.3,76.49,26.65,35.88562600220046
1984-05-14,3.55,32.28,23.5,74.03,27.53,42.8375725670972
1984-05-15,1.68,33.12,23.71,74.71,28.01,46.00563978211201
1984-05-16,24.78,29.89,24.4,82.9,26.78,38.150688222617234
1984-05-17,5.77,29.13,23.91,85.65,25.85,36.43522618057517
1984-05-18,1.61,30.33,23.71,81.42,26.33,39.13491599477516
1984-05-19,3.81,31.14,23.36,77.9,26.73,40.59546787508085
1984-05-20,4.87,31.54,23.19,78.39,26.89,42.101529665870544
1984-05-21,18.3,30.62,24.08,79.77,26.8,39.54820869006236
1984-05-22,3.38,29.91,23.32,82.64,26.09,38.140255912972606
1984-05-23,2.68,27.78,23.82,88.41,25.51,32.80610924400248
1984-05-24,5.71,26.95,23.59,90.34,24.9,30.627365442475895
1984-05-25,4.23,28.93,22.92,86.09,25.41,35.90161615268211
1984-05-26,10.25,31.7,22.96,78.05,26.93,42.51297210154127
1984-05-27,6.1,32.82,23.1,76.62,27.6,45.82936685183171
1984-05-28,0.81,32.98,23.95,75.73,28.03,45.98819296257261
1984-05-29,2.38,31.5,25.12,78.85,27.64,42.142090798666885
1984-05-30,0.81,29.95,24.52,80.26,26.89,37.58713055799784
1984-05-31,0.03,34.36,23.59,69.8,28.82,47.92784545592273
1984-06-01,2.81,34.98,23.49,68.49,29.02,49.411623935450315
1984-06-02,4.95,34.19,23.75,71.19,28.86,48.05631569099407
1984-06-03,1.02,33.91,24.91,72.32,28.99,47.64210728381538
1984-06-04,1.36,31.94,25.14,78.34,27.88,43.45798897039065
1984-06-05,0.4,30.37,24.4,75.8,27.09,37.561941868221766
1984-06-06,0.35,32.9,22.57,65.1,26.71,41.15796252263695
1984-06-07,10.15,33.62,21.94,71.57,26.98,46.24720034514852
1984-06-08,1.78,32.61,24.09,78.84,27.38,46.093697497897956
1984-06-09,6.39,32.99,24.03,78.98,27.71,47.59626388624591
1984-06-10,3.96,30.55,24.43,81.52,26.72,39.892095463161525
1984-06-11,1.17,32.13,24.3,78.47,27.42,44.18247453366334
1984-06-12,0.29,31.36,24.45,77.67,27.3,41.23075425072859
1984-06-13,0.08,34.48,23.23,72.75,28.53,49.96530131517497
1984-06-14,6.02,31.75,24.82,78.84,27.61,42.99906391388773
1984-06-15,20.9,28.5,24.52,87.17,25.92,34.78254894220083
1984-06-16,23.19,27.98,24.1,87.47,25.86,33.25039221425072
1984-06-17,15.31,27.8,23.81,91.21,25.66,33.316470984394506
1984-06-18,5.79,28.77,24.02,89.25,25.95,36.108952064766285
1984-06-19,5.3,28.26,24.07,90.77,25.97,34.73308837552786
1984-06-20,5.3,28.51,24.19,89.39,26.1,35.2761377060711
1984-06-21,20.7,28.12,23.9,91.62,25.89,34.43198176795223
1984-06-22,28.35,27.21,23.59,93.63,25.33,31.78439792062663
1984-06-23,15.26,27.12,24.09,91.54,25.38,31.255934803056384
1984-06-24,23.85,27.95,23.93,90.27,25.53,33.63605550733375
1984-06-25,15.13,27.66,23.98,91.76,25.49,32.95703832764022
1984-06-26,19.83,27.59,23.83,93.36,25.27,32.97570704337387
1984-06-27,9.69,26.48,22.68,92.71,24.41,29.483650984862102
1984-06-28,0.72,26.62,22.49,91.88,24.62,29.822791517658327
1984-06-29,9.52,28.49,23.54,89.72,25.56,35.279849570507125
1984-06-30,6.45,27.73,23.2,89.0,25.16,32.74784110057068
1984-07-01,7.0,28.68,23.45,90.2,25.12,36.02150945671724
1984-07-02,9.91,27.6,22.58,90.74,24.54,32.614048909675965
1984-07-03,1.6,28.39,22.76,87.71,25.28,34.547475880309435
1984-07-04,0.13,28.35,22.96,87.3,25.38,34.34273213731704
1984-07-05,0.21,29.59,23.46,80.71,26.17,36.616185920435406
1984-07-06,7.76,29.47,22.79,83.48,25.76,36.96763362027682
1984-07-07,1.6,29.12,22.72,86.61,25.3,36.63897755309128
1984-07-08,0.44,29.46,22.31,85.99,25.51,37.6014329370333
1984-07-09,0.88,26.4,22.93,86.83,24.48,28.878094552907466
1984-07-10,0.1,29.9,22.77,79.71,25.81,37.281488147234214
1984-07-11,0.0,30.13,22.66,80.98,25.96,38.357386329082445
1984-07-12,0.0,30.97,22.77,81.6,26.65,41.34532878285682
1984-07-13,0.0,30.07,23.71,81.11,26.42,38.2057127590772
1984-07-14,0.0,29.71,23.53,83.94,26.0,37.86164681948562
1984-07-15,0.0,29.69,23.54,84.08,26.35,37.835560977558764
1984-07-16,0.0,28.59,24.15,86.75,26.23,34.97653776864405
1984-07-17,0.0,29.51,24.07,82.61,26.19,36.865827506472996
1984-07-18,0.0,28.44,22.93,80.33,25.45,33.28680617233944
1984-07-19,0.0,31.44,22.56,78.07,26.43,41.64398592311071
1984-07-20,0.0,30.73,23.09,78.92,26.72,39.6231010210945
1984-07-21,0.0,28.09,24.1,83.72,25.83,32.93468144407064
1984-07-22,0.0,30.53,23.59,78.88,26.58,38.976369424771164
1984-07-23,0.02,31.59,23.17,77.34,26.87,41.86772438657858
1984-07-24,0.45,28.99,23.99,81.17,26.44,34.969326636192505
1984-07-25,2.0,30.83,23.36,79.91,26.52,40.27984941840114
1984-07-26,0.46,30.17,23.67,81.78,26.45,38.725925601932744
1984-07-27,3.11,30.4,23.29,82.49,26.43,39.706992392960515
1984-07-28,3.92,30.32,23.22,84.81,26.27,40.1880153147881
1984-07-29,2.9,29.4,23.8,86.8,25.96,37.61821381272679
1984-07-30,4.59,30.06,23.12,85.95,26.06,39.64208594939476
1984-07-31,16.09,26.95,23.77,92.47,25.0,30.84681689238752
1984-08-01,7.22,27.21,23.71,91.46,25.12,31.517584844366656
1984-08-02,3.83,28.06,23.18,90.07,25.05,33.95103246913044
1984-08-03,4.39,28.01,22.82,91.39,24.96,34.026623268213925
1984-08-04,13.14,26.87,23.12,91.8,24.85,30.541117081089812
1984-08-05,2.53,29.08,22.94,86.16,25.73,36.39868816701536
1984-08-06,42.37,28.22,23.2,89.09,25.3,34.279351755794494
1984-08-07,57.77,28.02,23.49,89.4,25.28,33.705245049662146
1984-08-08,25.05,28.33,23.16,88.76,25.2,34.56535709619595
1984-08-09,11.4,27.67,22.43,89.63,24.91,32.662523141508736
1984-08-10,6.6,28.21,22.6,89.13,24.74,34.25518077950654
1984-08-11,9.83,26.6,22.23,94.15,24.44,29.946394754206462
1984-08-12,11.77,26.64,22.86,88.86,24.56,29.636721438551117
1984-08-13,17.98,26.47,21.88,88.11,23.88,29.13725890676014
1984-08-14,12.56,27.65,22.4,92.9,25.27,33.10156444056511
1984-08-15,33.02,27.63,23.71,93.63,25.36,33.149316657326466
1984-08-16,19.19,27.11,23.68,93.68,25.21,31.47376676228068
1984-08-17,19.45,28.01,23.8,93.21,25.45,34.35671352527139
1984-08-18,10.13,27.9,24.09,92.83,25.45,33.91713322966987
1984-08-19,6.13,28.45,23.29,89.47,25.31,35.09608107603881
1984-08-20,1.43,28.97,22.39,88.35,25.25,36.567674216027775
1984-08-21,1.19,28.79,21.65,87.36,24.91,35.74406137797663
1984-08-22,3.67,26.65,22.56,92.07,24.44,29.92453630373052
1984-08-23,11.33,25.85,23.27,94.08,24.34,27.77236569007628
1984-08-24,7.52,26.18,22.65,94.59,24.12,28.729419528981868
1984-08-25,6.9,27.2,22.53,89.78,24.61,31.28626594868667
1984-08-26,5.53,28.77,22.63,88.34,25.24,35.900907806812924
1984-08-27,7.42,27.36,22.86,91.94,24.56,32.03843262065183
1984-08-28,52.92,26.6,22.87,93.58,24.55,29.90066121290505
1984-08-29,88.51,25.32,22.68,92.68,24.02,26.363954942921026
1984-08-30,72.35,27.41,22.73,93.22,24.62,32.3702386371738
1984-08-31,14.99,28.1,22.48,88.99,24.65,33.882681002075394
1984-09-01,1.98,26.7,21.83,89.22,24.09,29.827270600224878
1984-09-02,0.11,29.46,21.55,83.38,25.45,36.91007120040452
1984-09-03,0.24,29.12,22.28,84.07,25.51,36.021748833489504
1984-09-04,0.03,28.24,23.25,88.22,25.12,34.177733297192454
1984-09-05,0.0,29.01,22.38,85.93,25.14,36.118829932821896
1984-09-06,0.02,31.06,21.49,78.46,25.86,40.53225674990454
1984-09-07,0.38,31.67,21.42,78.04,26.09,42.40697329561186
1984-09-08,0.01,30.68,22.62,80.54,26.33,39.997975942335735
1984-09-09,0.0,29.27,23.15,83.44,26.0,36.33264998172834
1984-09-10,0.0,29.39,22.14,83.89,25.79,36.821262517331405
1984-09-11,0.0,30.63,22.24,81.19,26.23,40.04917032860115
1984-09-12,0.0,28.5,24.12,84.42,25.89,34.2301430634648
1984-09-13,0.0,29.35,23.09,84.21,25.89,36.776630870159174
1984-09-14,0.0,28.5,22.74,86.47,25.1,34.640011767298056
1984-09-15,0.81,29.05,22.42,86.21,25.35,36.31401625837176
1984-09-16,0.18,30.79,22.71,80.2,26.37,40.24662035485892
1984-09-17,0.35,29.1,23.13,86.37,25.63,36.51468947791659
1984-09-18,7.49,29.68,22.69,84.84,25.57,38.01558412974643
1984-09-19,2.49,31.83,21.69,81.99,26.08,44.59177667553481
1984-09-20,0.01,31.51,22.99,80.68,26.63,42.8890373110016
1984-09-21,0.17,30.99,22.89,76.56,26.45,39.658428583523154
1984-09-22,0.03,30.68,22.39,83.57,25.71,41.03227038071915
1984-09-23,0.04,29.03,22.77,85.23,25.4,36.01651607070118
1984-09-24,0.05,27.74,22.85,90.72,25.03,33.04755797828612
1984-09-25,6.69,29.89,23.47,85.63,26.02,38.95365318982433
1984-09-26,12.12,29.86,22.59,83.75,25.92,38.29859583589149
1984-09-27,17.65,30.28,22.16,82.95,26.06,39.45139814057603
1984-09-28,3.22,29.51,23.27,85.47,25.99,37.62674493621566
1984-09-29,0.03,31.11,23.13,82.8,26.66,42.28063130952916
1984-09-30,0.0,32.16,22.78,79.46,27.03,44.71753143997085
1984-10-01,0.0,31.17,22.44,80.53,26.44,41.64470396462503
1984-10-02,0.01,30.77,24.0,82.75,26.65,41.060291010571206
1984-10-03,6.64,31.01,23.07,83.57,26.58,42.20935782726312
1984-10-04,2.24,29.75,23.15,80.26,26.03,36.97862246723569
1984-10-05,3.65,30.31,21.4,80.47,25.45,38.77557628946876
1984-10-06,1.05,29.81,23.18,84.8,25.75,38.437319165590026
1984-10-07,1.12,29.84,23.14,83.9,25.74,38.276179679113824
1984-10-08,10.03,30.83,22.54,80.75,26.12,40.568409777638905
1984-10-09,6.04,29.3,23.07,81.32,25.77,35.905282232973235
1984-10-10,8.32,31.84,22.16,77.47,26.51,42.75975354348144
1984-10-11,1.2,31.61,22.27,79.06,26.45,42.60111468912313
1984-10-12,0.09,31.9,22.29,80.86,26.75,44.36984928307803
1984-10-13,10.73,28.38,23.47,89.04,25.38,34.78110612779994
1984-10-14,0.38,30.57,22.1,79.23,25.67,39.213821144379125
1984-10-15,2.31,30.13,21.3,80.37,25.28,38.17688608307571
1984-10-16,0.28,30.17,21.89,77.68,25.61,37.5183990485369
1984-10-17,0.12,30.32,22.57,81.59,25.9,39.15552361774209
1984-10-18,3.07,31.01,22.88,78.28,26.28,40.307377960207205
1984-10-19,5.39,28.53,22.93,79.28,25.56,33.330076601402034
1984-10-20,14.58,29.78,22.54,77.47,25.94,36.33103305178717
1984-10-21,5.75,30.57,23.23,79.01,26.16,39.14358183571923
1984-10-22,5.16,28.78,21.81,81.85,24.8,34.51673671247508
1984-10-23,24.22,29.4,21.04,83.71,24.45,36.806543505827214
1984-10-24,5.12,27.97,21.72,87.27,24.42,33.18698140892445
1984-10-25,3.16,28.04,22.38,89.1,24.73,33.714907016131434
1984-10-26,5.52,26.86,22.59,91.51,24.39,30.483628792278118
1984-10-27,2.56,28.62,23.13,90.35,25.14,35.85136914850975
1984-10-28,8.17,28.11,22.92,91.74,24.88,34.42121965742068
1984-10-29,28.28,26.75,23.66,91.13,24.95,30.131066230965626
1984-10-30,2.41,26.17,23.12,92.13,24.59,28.578622635661784
1984-10-31,15.81,27.24,22.45,90.0,24.66,31.429356283957954
1984-11-01,3.03,26.43,21.57,90.71,23.47,29.20622043581559
1984-11-02,0.21,29.54,21.44,84.2,24.96,37.381752360751555
1984-11-03,0.28,29.95,22.25,82.7,25.61,38.28699429601199
1984-11-04,0.02,29.37,22.95,81.52,25.74,36.16233321377118
1984-11-05,3.25,30.17,22.07,82.66,25.59,38.994751466371305
1984-11-06,0.56,28.65,22.75,87.26,25.11,35.27388256933449
1984-11-07,0.33,30.91,21.54,77.67,25.8,39.77993281837567
1984-11-08,0.28,30.8,21.26,75.48,25.54,38.72761293143365
1984-11-09,1.88,29.97,20.99,82.81,24.93,38.3841631429365
1984-11-10,0.9,29.55,22.37,83.54,25.38,37.23698750386088
1984-11-11,0.32,29.71,22.42,79.43,25.54,36.639346042833346
1984-11-12,0.07,30.06,22.34,79.93,25.67,37.831430653279526
1984-11-13,0.0,30.09,20.24,77.89,24.82,37.34152537214256
1984-11-14,0.01,30.23,19.78,80.16,24.65,38.428066246685844
1984-11-15,0.01,30.82,21.6,78.2,25.72,39.671732344613226
1984-11-16,0.24,30.25,22.07,82.74,25.79,39.284934428173166
1984-11-17,0.73,29.06,22.98,86.95,25.61,36.5259325873348
1984-11-18,0.33,28.81,23.29,88.26,25.41,36.014378824642364
1984-11-19,0.28,28.57,22.29,87.25,24.93,35.018706056196336
1984-11-20,0.82,29.11,21.52,84.04,24.97,35.9836957371331
1984-11-21,0.13,28.26,19.91,77.9,23.59,32.406705371071915
1984-11-22,0.0,29.28,20.31,78.12,24.3,35.09494198859134
1984-11-23,0.0,29.63,20.59,79.11,24.6,36.32250166844298
1984-11-24,0.09,29.57,21.13,81.73,24.9,36.82107850033744
1984-11-25,0.03,30.13,20.88,81.22,25.06,38.42884784161944
1984-11-26,1.39,29.88,22.23,83.83,25.13,38.38775552487961
1984-11-27,0.29,29.63,22.06,82.08,24.96,37.09858708529547
1984-11-28,0.02,29.88,20.71,78.3,24.63,36.83792275165266
1984-11-29,0.01,30.46,19.32,76.53,24.52,38.04046184216433
1984-11-30,0.1,30.74,20.0,77.56,25.02,39.21078093336632
1984-12-01,0.5,30.06,22.25,77.94,25.72,37.26709548187395
1984-12-02,1.16,29.1,23.38,83.17,25.45,35.747644056548104
1984-12-03,0.24,29.86,22.7,86.08,25.4,38.98505172425291
1984-12-04,0.17,29.75,22.33,86.56,25.28,38.74666087573746
1984-12-05,0.17,29.07,22.53,85.95,25.33,36.315641903662396
1984-12-06,7.16,28.86,21.6,81.74,25.01,34.72152639874807
1984-12-07,1.6,29.68,20.56,78.75,24.14,36.37506379666193
1984-12-08,0.02,28.82,19.85,76.56,23.74,33.55481081706179
1984-12-09,0.0,27.84,19.03,76.65,23.05,31.230623842814175
1984-12-10,0.0,27.37,19.22,77.46,22.97,30.29057924088606
1984-12-11,0.0,28.28,18.29,74.48,23.24,31.90119953186241
1984-12-12,0.0,29.17,18.81,73.76,23.68,33.858552226477634
1984-12-13,0.01,29.41,18.9,76.29,23.41,35.02504295159561
1984-12-14,0.0,29.61,19.26,77.06,24.08,35.751296654921866
1984-12-15,0.0,30.02,21.33,78.54,25.0,37.316259345317995
1984-12-16,0.03,30.13,20.7,78.77,24.96,37.71115653481186
1984-12-17,0.46,30.47,20.99,80.41,25.21,39.270177909971544
1984-12-18,0.01,29.48,22.49,82.65,25.25,36.78312673970676
1984-12-19,0.0,30.43,21.44,79.91,25.16,38.98400269637102
1984-12-20,0.02,30.5,20.24,73.78,25.04,37.34613969988126
1984-12-21,0.02,30.86,20.41,77.97,25.12,39.7220341122835
1984-12-22,0.16,28.35,22.18,84.77,24.55,33.859231344112956
1984-12-23,0.01,29.54,20.76,78.08,24.59,35.80720077588663
1984-12-24,0.01,29.39,19.23,72.64,23.76,34.157692776862206
1984-12-25,0.0,29.14,18.52,74.39,22.81,33.915607104167556
1984-12-26,0.0,28.92,17.18,71.6,22.6,32.846861738564684
1984-12-27,0.03,28.45,17.38,72.51,22.54,31.962390430331407
1984-12-28,0.03,28.3,17.02,75.96,22.48,32.18438393969177
1984-12-29,0.01,28.65,18.91,74.48,23.2,32.75188270547261
1984-12-30,0.02,29.56,18.35,72.38,23.36,34.51655408414393
1984-12-31,0.01,29.97,18.7,74.39,23.38,36.05917082849001
1985-01-01,0.12,29.42,18.03,72.07,23.18,34.1070377064925
1985-01-02,0.05,29.47,17.15,71.74,22.82,34.15571218986088
1985-01-03,0.07,29.4,16.93,72.64,22.64,34.182051926267455
1985-01-04,0.16,29.97,18.37,76.6,23.55,36.64059368940317
1985-01-05,0.2,29.47,18.46,73.31,23.18,34.50231653508799
1985-01-06,0.23,28.61,18.37,72.69,22.33,32.346037151745726
1985-01-07,0.06,28.72,16.61,68.42,22.37,31.859720526264002
1985-01-08,0.04,28.54,16.48,68.21,22.44,31.465104329312947
1985-01-09,0.0,28.71,16.77,70.35,22.36,32.16347654586767
1985-01-10,0.0,28.14,17.54,74.41,22.66,31.57828913086059
1985-01-11,0.0,28.4,19.06,75.72,22.9,32.37942666658954
1985-01-12,0.0,29.07,18.71,71.04,22.7,33.0794611396017
1985-01-13,0.0,29.41,16.27,69.1,22.26,33.45863939696883
1985-01-14,0.0,29.23,17.37,68.42,22.43,32.92798013189041
1985-01-15,0.02,30.01,17.14,69.31,22.78,34.89618814094501
1985-01-16,0.06,30.66,17.78,70.47,23.74,36.832541641817926
1985-01-17,0.02,30.91,19.04,73.71,24.37,38.491633061515685
1985-01-18,0.0,31.39,20.52,76.87,24.94,41.03607286492466
1985-01-19,0.07,31.38,20.67,73.4,25.02,39.775242894165885
1985-01-20,0.0,31.23,19.73,67.75,24.38,37.52639841812775
1985-01-21,0.0,31.01,19.5,68.66,24.32,37.225404146408074
1985-01-22,0.03,30.75,18.89,71.31,24.44,37.314371261492134
1985-01-23,0.01,31.66,20.3,72.52,25.26,40.30836132275286
1985-01-24,0.0,31.18,20.92,71.37,25.13,38.51956309456174
1985-01-25,0.01,30.96,20.31,67.67,24.69,36.80875810355719
1985-01-26,0.18,31.26,18.55,67.95,24.26,37.66583134563953
1985-01-27,0.13,31.82,19.54,70.15,25.16,39.937955143089766
1985-01-28,0.0,33.2,20.89,74.02,26.1,45.96103655605576
1985-01-29,0.02,31.23,22.68,76.07,25.74,40.24049755120213
1985-01-30,0.01,32.61,21.97,66.7,26.13,40.94741444559541
1985-01-31,0.03,32.15,20.62,66.42,25.19,39.55270005300151
1985-02-01,1.77,31.74,19.39,71.38,24.79,40.14036003798404
1985-02-02,0.6,32.54,20.52,73.15,25.59,43.325371298119826
1985-02-03,0.44,31.62,21.51,73.76,25.96,40.63280569834095
1985-02-04,0.07,32.25,21.71,65.43,25.57,39.47735466455956
1985-02-05,0.57,32.15,21.22,64.93,25.51,39.03590164679404
1985-02-06,0.18,32.61,21.15,64.65,26.42,40.177977825837985
1985-02-07,0.12,33.88,22.05,65.9,27.14,44.41730923646954
1985-02-08,0.0,34.34,20.81,66.89,26.72,46.36820374925522
1985-02-09,0.0,34.38,20.55,66.62,26.77,46.36503285784298
1985-02-10,0.12,35.41,20.75,65.32,26.78,49.14134099003622
1985-02-11,0.09,34.9,19.49,67.5,26.42,48.58330236722944
1985-02-12,0.0,33.7,21.26,66.82,26.61,44.27444909898845
1985-02-13,0.0,34.83,20.92,69.93,27.16,49.67836061762607
1985-02-14,0.38,34.55,22.27,66.48,27.26,46.85602435656903
1985-02-15,0.03,34.32,22.24,64.19,27.25,44.98858124342044
1985-02-16,0.0,34.52,21.52,66.37,27.1,46.70065885963396
1985-02-17,0.0,35.33,21.23,63.36,27.39,47.79631663827431
1985-02-18,0.0,34.5,20.63,63.65,26.79,45.289966545662416
1985-02-19,0.39,35.23,20.9,63.24,27.02,47.405721801769836
1985-02-20,0.13,35.23,21.01,63.96,27.36,47.78890931202198
1985-02-21,0.4,34.71,22.14,65.4,27.55,46.831722558669995
1985-02-22,0.09,35.16,22.83,64.01,27.83,47.58492422527513
1985-02-23,0.01,34.01,22.34,64.29,27.39,44.08151175183562
1985-02-24,0.0,34.9,21.88,63.45,27.43,46.45170420785084
1985-02-25,0.17,34.39,22.18,62.4,27.57,44.36164386233929
1985-02-26,0.04,32.3,22.58,64.63,27.08,39.33157110969675
1985-02-27,0.0,34.92,21.78,58.28,27.5,44.00361486725519
1985-02-28,0.0,35.11,21.17,61.78,27.58,46.26716285437005
1985-03-01,0.0,36.64,22.06,60.92,28.67,50.780976905875704
1985-03-02,0.0,37.54,22.36,60.75,28.92,53.81520495339891
1985-03-03,0.0,37.2,22.17,60.7,28.48,52.57716050218034
1985-03-04,0.0,36.51,21.33,59.76,28.08,49.65633942197252
1985-03-05,0.0,34.79,21.64,60.27,27.5,44.55597819160518
1985-03-06,0.01,36.97,21.55,59.18,27.86,50.83586875063209
1985-03-07,0.0,36.76,20.03,59.91,27.38,50.57560710198415
1985-03-08,0.01,36.45,21.65,59.33,27.99,49.21109946655428
1985-03-09,0.25,36.84,20.13,58.51,27.64,50.00239526897508
1985-03-10,0.21,35.61,20.29,61.21,26.94,47.54980327367832
1985-03-11,0.03,36.23,20.81,59.18,27.76,48.41834940162244
1985-03-12,0.01,36.22,20.19,58.75,27.83,48.14766897293925
1985-03-13,0.01,36.17,22.13,60.38,28.3,48.89975500765111
1985-03-14,0.09,36.14,23.15,58.95,28.65,48.005546715538884
1985-03-15,0.35,35.5,24.14,55.47,28.66,44.32649523841933
1985-03-16,0.95,35.9,22.53,57.63,28.47,46.55954574302387
1985-03-17,0.51,36.71,22.08,57.79,28.65,49.16082881344358
1985-03-18,0.04,37.01,22.63,59.82,29.01,51.36469436340628
1985-03-19,1.67,36.95,23.76,59.59,29.19,51.019652651677355
1985-03-20,0.09,36.48,23.45,61.46,29.0,50.56211200281009
1985-03-21,0.32,36.62,23.12,59.49,29.06,49.860012300087085
1985-03-22,0.07,36.39,23.01,59.71,29.15,49.23446988896207
1985-03-23,0.19,35.2,24.16,61.93,28.86,46.62627808948982
1985-03-24,0.17,36.09,24.48,58.73,29.15,47.728202759453666
1985-03-25,0.73,37.42,24.09,58.12,29.38,51.68732050087094
1985-03-26,0.12,37.27,23.21,58.54,29.31,51.44668505552203
1985-03-27,0.2,36.14,24.07,61.33,29.19,49.34279962984645
1985-03-28,0.03,36.25,24.84,56.84,29.37,47.200847097864546
1985-03-29,0.07,35.5,24.53,61.53,28.8,47.36918708055592
1985-03-30,0.0,37.41,23.69,54.35,29.41,49.357984323111204
1985-03-31,0.8,35.05,24.43,59.28,28.68,44.85156952553738
1985-04-01,1.61,34.06,23.91,64.61,28.14,44.38113793899374
1985-04-02,2.26,34.88,22.81,66.5,27.98,47.97512508539469
1985-04-03,0.37,35.73,23.37,63.47,28.79,49.18951188115145
1985-04-04,2.35,31.47,24.17,72.38,27.25,39.69202403422328
1985-04-05,0.04,37.2,22.37,63.09,28.86,54.148833251116145
1985-04-06,0.0,36.72,24.35,59.1,29.85,49.95877184099587
1985-04-07,0.0,36.18,24.54,62.51,29.1,50.16364114273949
1985-04-08,0.0,37.23,23.57,61.09,29.57,52.93539644534216
1985-04-09,0.01,36.78,24.7,64.29,29.56,53.3956679714394
1985-04-10,0.0,37.59,25.24,61.47,30.08,54.48291456494824
1985-04-11,0.0,36.02,25.33,61.93,29.87,49.28715800923921
1985-04-12,0.36,37.33,24.99,58.8,30.04,51.812838886531324
1985-04-13,8.73,36.28,24.71,62.0,29.57,50.203341359326664
1985-04-14,1.59,35.53,24.33,64.86,29.2,49.29464540772491
1985-04-15,1.36,36.28,23.8,62.96,29.37,50.77543398093226
1985-04-16,0.03,33.23,24.51,66.2,28.36,42.56374582479665
1985-04-17,0.03,32.9,24.69,64.69,28.57,40.99883634948603
1985-04-18,8.83,31.69,23.66,71.8,27.16,40.14144915207459
1985-04-19,2.93,32.23,22.54,67.22,26.84,40.06040082885637
1985-04-20,0.07,35.83,21.86,63.35,28.4,49.459966130688485
1985-04-21,1.23,35.32,24.67,65.48,28.79,48.92159347109194
1985-04-22,10.43,32.8,24.21,74.58,27.14,44.82468762548493
1985-04-23,4.91,31.17,23.65,75.61,26.6,39.894530332914265
1985-04-24,0.99,33.12,23.78,71.48,27.72,44.51243148746639
1985-04-25,0.14,30.86,24.55,73.64,26.99,38.325290138489706
1985-04-26,10.37,29.41,24.1,83.18,26.21,36.701941771950494
1985-04-27,10.12,28.03,22.93,82.24,24.95,32.52895768012891
1985-04-28,1.29,33.4,21.61,71.29,26.98,45.36233669302331
1985-04-29,5.43,28.77,23.22,79.65,25.56,34.037816203445146
1985-04-30,2.46,35.09,21.61,68.1,27.86,49.58490569709886
1985-05-01,0.28,36.08,22.99,63.06,28.83,50.14497174905943
1985-05-02,0.39,33.01,23.22,68.77,27.89,42.97574875841855
1985-05-03,0.08,33.86,24.08,70.28,28.24,46.43961054971138
1985-05-04,0.16,32.62,24.89,70.19,28.16,42.35454116150605
1985-05-05,6.91,30.78,24.8,75.84,27.64,38.78192949148497
1985-05-06,12.62,31.0,24.11,83.89,26.91,42.29274533288233
1985-05-07,0.59,35.61,21.88,65.09,27.86,49.701804725338256
1985-05-08,0.77,35.45,22.54,66.15,28.23,49.75066362503444
1985-05-09,9.43,34.16,23.89,69.03,28.22,46.83950864604049
1985-05-10,11.66,31.98,24.2,73.39,27.2,41.618372534257055
1985-05-11,0.8,35.43,22.94,63.94,28.32,48.44275833274948
1985-05-12,0.0,35.63,22.13,63.3,28.53,48.75766482800211
1985-05-13,12.02,33.4,23.54,69.89,28.13,44.713532047756
1985-05-14,4.49,34.56,23.66,71.12,28.23,49.35584225487317
1985-05-15,0.72,34.91,23.14,67.87,28.5,48.82049387437374
1985-05-16,0.1,35.38,23.23,64.17,28.64,48.40158371476947
1985-05-17,2.76,34.25,23.07,66.9,27.93,46.07726104421253
1985-05-18,1.77,36.67,21.4,64.47,28.38,53.10819475174641
1985-05-19,0.09,36.85,22.55,60.0,29.12,50.933184390762875
1985-05-20,0.02,36.37,24.04,62.75,29.51,50.961152600526816
1985-05-21,5.38,35.06,24.83,67.23,29.24,48.99272265941093
1985-05-22,0.23,36.05,23.95,64.03,29.56,50.61459946281256
1985-05-23,0.0,35.79,24.94,63.6,29.59,49.46702263562272
1985-05-24,0.0,33.48,25.39,70.07,28.78,45.06013959256608
1985-05-25,0.37,34.63,25.01,67.89,29.01,47.859025904259525
1985-05-26,0.14,35.38,24.81,66.13,29.7,49.4942433590535
1985-05-27,15.1,34.26,25.53,71.31,28.89,48.37050185130882
1985-05-28,6.51,32.45,24.92,76.95,27.87,44.6573108227166
1985-05-29,0.77,31.67,24.81,74.42,27.39,41.03014264904283
1985-05-30,1.15,33.38,24.05,70.66,27.83,45.001943964866676
1985-05-31,31.5,31.71,24.06,78.96,26.68,42.90804545104518
1985-06-01,1.61,28.27,23.63,83.22,25.52,33.347334273125334
1985-06-02,0.11,29.21,23.35,81.16,25.9,35.60265694749017
1985-06-03,0.52,30.37,23.74,77.51,26.76,38.064901670104405
1985-06-04,6.34,27.58,24.45,87.27,25.88,32.05287223821483
1985-06-05,5.67,29.69,23.73,84.05,26.02,37.82719238818956
1985-06-06,2.08,28.61,23.78,85.89,25.59,34.858424939943674
1985-06-07,8.1,30.5,23.19,79.18,26.45,38.976501616889365
1985-06-08,10.61,30.76,23.73,86.08,26.65,42.220845831393135
1985-06-09,5.94,28.98,24.6,89.66,26.27,36.92186966687394
1985-06-10,10.18,28.45,23.76,86.61,25.72,34.51460237507165
1985-06-11,4.42,29.23,23.23,87.18,25.87,37.14684779374573
1985-06-12,4.83,30.13,23.54,82.28,26.32,38.747475604030534
1985-06-13,55.89,29.15,23.76,86.45,26.23,36.697438448616616
1985-06-14,31.05,28.75,23.73,88.17,25.97,35.79680975558824
1985-06-15,6.7,28.45,24.12,89.2,25.96,35.04026649367344
1985-06-16,11.5,27.61,23.48,90.37,25.23,32.590014795913184
1985-06-17,6.46,29.75,23.17,87.29,25.96,38.96172751167651
1985-06-18,6.87,27.74,23.93,91.56,25.4,33.181230971277465
1985-06-19,5.22,29.16,23.63,88.79,25.94,37.32339549857407
1985-06-20,24.88,27.67,24.04,91.86,25.79,33.00448037291128
1985-06-21,23.16,26.37,24.48,92.84,25.2,29.177316260275873
1985-06-22,50.96,27.07,23.97,93.46,25.36,31.322850011938115
1985-06-23,56.06,28.17,24.42,92.81,25.86,34.82859163233709
1985-06-24,33.12,27.65,23.63,93.32,25.42,33.16714390995275
1985-06-25,26.28,28.12,23.23,90.54,25.34,34.23022509067809
1985-06-26,12.45,28.17,23.14,90.48,25.41,34.38164465814914
1985-06-27,14.57,27.51,23.59,90.38,25.2,32.28565407502791
1985-06-28,102.59,26.04,23.16,94.06,24.3,28.303428507426304
1985-06-29,98.35,25.94,23.27,92.13,24.45,27.957632662529484
1985-06-30,13.91,28.47,22.81,88.98,24.98,35.05974536675695
1985-07-01,5.7,28.48,22.39,88.18,24.96,34.926679643807205
1985-07-02,2.55,27.63,22.25,90.27,24.65,32.636577863510766
1985-07-03,0.15,29.49,22.16,85.14,25.57,37.47175482275332
1985-07-04,2.2,29.97,22.12,80.37,25.78,37.67977302883064
1985-07-05,19.31,30.16,22.94,82.83,25.92,39.01394693953331
1985-07-06,40.92,29.43,22.75,86.06,25.2,37.52036863294701
1985-07-07,13.52,27.48,22.49,91.7,24.76,32.37958464088743
1985-07-08,0.75,27.15,23.75,92.83,25.06,31.498531572957898
1985-07-09,1.86,28.78,23.01,87.61,25.5,35.76818221745068
1985-07-10,1.54,29.45,22.01,84.14,25.41,37.076832287050735
1985-07-11,4.29,30.99,21.38,79.45,26.04,40.64914662794487
1985-07-12,0.45,27.67,23.14,87.27,25.28,32.310447154631746
1985-07-13,1.14,29.91,22.89,82.25,26.06,38.027920061604036
1985-07-14,0.99,30.95,22.69,80.69,26.39,40.951958654721906
1985-07-15,5.08,29.72,22.84,81.33,25.77,37.175301764213984
1985-07-16,4.11,29.09,23.23,84.26,25.61,35.97413263086243
1985-07-17,3.48,28.42,22.25,88.66,24.97,34.832917899213626
1985-07-18,0.85,27.77,22.53,87.12,25.06,32.57649436065784
1985-07-19,5.68,27.84,23.06,86.58,25.13,32.69472756851022
1985-07-20,1.11,30.17,22.93,82.98,25.94,39.09335184059986
1985-07-21,0.05,31.19,22.77,81.35,26.51,42.01914621205387
1985-07-22,4.35,29.71,23.54,84.01,26.35,37.88124878912477
1985-07-23,1.67,28.56,23.8,86.51,25.75,34.83327929254662
1985-07-24,0.27,28.67,23.51,87.8,25.74,35.455006591249145
1985-07-25,0.13,27.59,23.56,89.15,25.37,32.350615482453556
1985-07-26,0.73,28.24,23.31,87.51,25.4,34.04430323063981
1985-07-27,2.52,27.35,23.18,88.53,25.15,31.565030408661716
1985-07-28,5.24,27.97,22.78,86.13,24.94,32.99720870632942
1985-07-29,12.51,29.23,22.04,85.62,25.37,36.74987587672725
1985-07-30,6.66,28.92,23.08,86.34,25.57,35.92775700765125
1985-07-31,13.54,27.86,22.27,89.99,24.96,33.30524427577067
1985-08-01,8.43,26.45,23.22,92.02,24.31,29.350068361007047
1985-08-02,6.85,27.8,22.31,87.72,24.91,32.75726389846724
1985-08-03,17.81,27.71,22.24,86.79,24.75,32.354041535636675
1985-08-04,8.94,29.17,22.38,86.08,25.53,36.67052640231996
1985-08-05,10.93,28.8,22.9,87.72,25.36,35.85807898482105
1985-08-06,10.36,28.56,22.36,90.34,24.92,35.64625165813555
1985-08-07,2.9,27.65,23.38,90.64,25.14,32.75410903969376
1985-08-08,6.5,27.67,23.29,91.2,25.18,32.90233432896702
1985-08-09,7.81,27.51,23.52,91.9,25.17,32.502281764405936
1985-08-10,32.36,26.34,22.62,92.43,24.43,29.066866359621965
1985-08-11,55.17,26.95,23.23,93.57,24.92,30.96201289921336
1985-08-12,47.34,26.48,22.99,94.4,24.74,29.604403227615112
1985-08-13,21.61,27.21,23.5,93.16,25.07,31.72607926982807
1985-08-14,9.63,26.93,23.19,93.8,24.86,30.92415280909952
1985-08-15,3.41,28.0,23.0,90.93,25.09,33.91193718132701
1985-08-16,16.57,28.47,22.98,90.01,25.29,35.27460768144358
1985-08-17,29.36,26.58,23.55,91.53,24.73,29.68138731661587
1985-08-18,21.61,27.23,22.58,90.98,24.63,31.519271045530267
1985-08-19,10.08,27.28,22.85,91.83,24.73,31.776954577053022
1985-08-20,13.93,26.48,22.71,92.8,24.44,29.490042166454202
1985-08-21,46.55,27.82,23.19,92.86,25.1,33.65550774533423
1985-08-22,65.53,26.92,23.07,93.97,25.0,30.91073333031722
1985-08-23,28.71,27.68,23.14,92.22,25.15,33.09281302998945
1985-08-24,1.41,27.8,23.37,92.04,25.36,33.45295762297648
1985-08-25,2.18,27.51,23.33,90.8,25.14,32.345132091925166
1985-08-26,11.21,26.62,22.82,92.51,24.44,29.873512679166684
1985-08-27,19.73,27.36,22.93,92.68,24.89,32.137228188959035
1985-08-28,18.84,28.1,22.99,91.36,25.29,34.317074865882745
1985-08-29,7.85,28.06,23.62,90.86,25.49,34.09404381119899
1985-08-30,11.15,28.46,23.75,89.7,25.72,35.176695562736505
1985-08-31,2.81,29.05,23.5,88.09,25.83,36.77261788183247
1985-09-01,0.01,28.4,23.47,87.55,25.44,34.54698068100193
1985-09-02,13.35,26.39,22.99,92.55,24.47,29.215648344994506
1985-09-03,47.09,25.38,23.75,95.32,24.42,26.500378353404486
1985-09-04,16.51,26.84,23.23,92.54,24.78,30.524138523773363
1985-09-05,8.76,27.51,22.77,92.64,24.69,32.60911948738914
1985-09-06,1.93,27.32,22.22,92.53,24.34,31.99141978365098
1985-09-07,7.18,26.39,22.62,92.44,23.96,29.20854543304977
1985-09-08,47.5,26.74,22.18,91.9,24.09,30.170612026188792
1985-09-09,16.47,26.42,22.43,93.89,24.12,29.390713210632164
1985-09-10,1.87,26.69,22.56,90.5,24.44,29.907261176896107
1985-09-11,1.98,30.33,22.48,81.33,25.81,39.10674224948518
1985-09-12,9.91,30.05,21.48,84.38,25.51,39.1209542934034
1985-09-13,5.22,28.42,22.94,87.47,25.21,34.59345044533573
1985-09-14,1.43,30.36,21.08,83.9,25.24,40.02911912218234
1985-09-15,3.1,29.46,20.38,81.31,24.73,36.37955985674729
1985-09-16,2.25,29.65,20.29,80.25,25.01,36.67601890761818
1985-09-17,6.79,29.2,22.11,85.58,25.44,36.64297909959331
1985-09-18,7.44,26.12,22.47,92.98,24.04,28.481135487142936
1985-09-19,3.13,27.85,22.04,91.15,24.53,33.4665647525648
1985-09-20,13.4,26.98,22.32,90.36,24.68,30.71546329791972
1985-09-21,4.5,29.68,22.92,86.45,25.81,38.47347681771583
1985-09-22,0.38,31.15,21.59,81.79,26.25,42.04346718390252
1985-09-23,0.11,31.28,22.83,77.92,26.74,41.05923592458134
1985-09-24,0.76,30.12,22.99,84.78,26.15,39.48394362254559
1985-09-25,1.04,29.46,23.11,81.59,26.22,36.45039842108243
1985-09-26,12.95,29.88,23.28,83.08,25.88,38.17019813343874
1985-09-27,3.73,27.8,22.3,89.8,24.73,33.08768646670439
1985-09-28,0.81,28.15,22.66,89.4,25.0,34.11523511437221
1985-09-29,16.06,28.54,22.9,87.63,25.25,35.003420330420745
1985-09-30,1.14,29.91,22.96,84.34,25.88,38.63727685712435
1985-10-01,1.79,28.91,22.27,87.11,25.45,36.074862833956544
1985-10-02,3.07,29.12,22.01,78.58,25.41,34.76097827066254
1985-10-03,8.34,28.29,22.13,79.9,24.58,32.81895765696605
1985-10-04,2.03,28.52,21.33,84.98,24.57,34.40046252854352
1985-10-05,2.56,28.97,22.23,83.44,25.24,35.41793471080055
1985-10-06,5.18,28.07,22.5,88.76,24.77,33.74796177184723
1985-10-07,2.83,30.53,21.09,78.01,25.71,38.70381341992268
1985-10-08,0.99,30.51,21.5,80.63,25.61,39.47036724060175
1985-10-09,0.14,31.39,21.98,81.71,26.3,42.86617110501405
1985-10-10,0.26,31.02,22.71,83.78,26.36,42.32422510731957
1985-10-11,1.07,29.62,23.62,84.09,26.12,37.61065414849339
1985-10-12,5.44,28.82,23.36,84.75,25.53,35.256257177421595
1985-10-13,1.92,27.36,22.32,85.93,24.39,31.266168959078087
1985-10-14,0.87,27.88,21.52,83.78,23.93,32.370009596791334
1985-10-15,0.54,30.87,20.91,84.64,25.35,42.0973439228032
1985-10-16,0.02,30.95,23.41,80.93,26.34,41.03706269342706
1985-10-17,0.22,30.89,22.1,76.94,26.37,39.474182593272154
1985-10-18,10.05,27.22,23.12,86.49,25.29,30.956862795817983
1985-10-19,19.57,26.7,22.36,88.65,25.13,29.779625959613004
1985-10-20,4.17,27.51,22.4,88.65,24.72,32.0437176744567
1985-10-21,0.28,30.9,22.62,83.22,26.08,41.685924091855654
1985-10-22,0.11,28.72,22.86,80.77,25.23,34.127304027122996
1985-10-23,2.68,29.3,22.58,82.89,25.29,36.28908058599001
1985-10-24,38.65,28.87,22.26,85.24,25.19,35.519076971949445
1985-10-25,23.41,27.15,22.71,92.99,24.57,31.517583583054716
1985-10-26,18.74,25.53,22.91,95.88,24.11,26.911390976121556
1985-10-27,10.2,26.76,22.74,92.92,24.49,30.32113136767337
1985-10-28,2.17,28.87,22.81,87.62,25.14,36.06342900787866
1985-10-29,0.18,29.59,21.77,87.86,25.26,38.56573835153306
1985-10-30,1.11,28.66,23.22,89.13,25.44,35.71491983609852
1985-10-31,0.1,29.46,23.65,83.93,26.03,37.0536775071358
1985-11-01,6.67,29.65,23.23,81.66,25.74,37.0483382550445
1985-11-02,0.8,28.12,22.13,84.17,24.66,33.094462708993994
1985-11-03,0.23,27.76,21.6,86.75,24.26,32.49109813309929
1985-11-04,1.95,29.61,22.07,83.45,25.06,37.40408852999105
1985-11-05,0.53,29.46,20.91,83.22,24.46,36.86850366660669
1985-11-06,0.03,30.5,20.6,81.32,25.07,39.66084206431319
1985-11-07,0.08,30.65,21.76,81.83,25.62,40.33120127385454
1985-11-08,0.15,29.89,21.25,83.95,25.3,38.45588888014967
1985-11-09,0.01,29.66,21.54,81.26,25.32,36.972483909073546
1985-11-10,0.0,30.14,22.11,83.26,25.81,39.07976807236201
1985-11-11,0.02,30.01,23.01,86.74,25.82,39.713169187261514
1985-11-12,0.03,30.34,22.6,84.66,25.89,40.20877183375118
1985-11-13,2.06,30.49,22.18,86.38,25.6,41.32854019285051
1985-11-14,0.3,30.63,22.46,84.61,25.64,41.21827036484402
1985-11-15,1.31,29.33,21.61,86.58,25.05,37.32511403613984
1985-11-16,0.84,27.68,22.58,89.35,24.4,32.65044039431142
1985-11-17,1.96,29.38,22.18,87.05,25.06,37.61764533541575
1985-11-18,1.73,29.01,22.28,85.68,24.99,36.059650816541634
1985-11-19,0.2,29.93,22.01,83.0,25.25,38.30957637670477
1985-11-20,0.13,30.56,21.23,80.54,25.25,39.604229302995016
1985-11-21,0.26,30.25,21.01,79.82,24.82,38.38859461756811
1985-11-22,0.49,29.05,21.99,84.11,25.24,35.8153463388978
1985-11-23,7.42,28.48,22.63,85.51,24.89,34.38658579666238
1985-11-24,2.24,29.34,21.72,84.13,25.19,36.7245760766958
1985-11-25,2.76,28.6,22.61,85.74,25.41,34.79658893562269
1985-11-26,7.53,29.44,22.77,88.04,25.22,38.09243494530372
1985-11-27,2.32,28.42,23.49,88.36,25.2,34.77220096582104
1985-11-28,0.29,29.09,23.28,84.87,25.6,36.1195101271146
1985-11-29,0.04,29.03,20.77,81.54,24.47,35.16665867844862
1985-11-30,0.0,29.24,19.95,79.89,24.02,35.39204556261391
1985-12-01,0.12,29.1,20.11,78.14,24.2,34.61036470201372
1985-12-02,0.19,30.28,20.41,79.89,24.94,38.50368177619279
1985-12-03,0.18,30.27,22.33,81.22,25.96,38.87809780972516
1985-12-04,0.61,29.06,23.18,80.75,25.88,35.07580885311764
1985-12-05,1.2,28.28,21.65,81.05,24.44,32.99173677763942
1985-12-06,2.04,28.43,21.36,79.45,24.41,33.10141742663934
1985-12-07,0.45,30.05,21.26,84.25,25.35,39.081181357410884
1985-12-08,0.07,30.1,22.35,84.93,25.6,39.46196749483752
1985-12-09,0.07,30.5,21.76,78.6,25.56,38.794764365431085
1985-12-10,0.59,30.34,21.14,78.99,25.32,38.41813584048998
1985-12-11,0.3,30.04,22.39,82.41,25.62,38.49352084056193
1985-12-12,0.42,29.08,23.08,84.26,25.35,35.94317732251935
1985-12-13,0.01,30.36,21.52,83.6,25.26,39.9312940530657
1985-12-14,0.0,29.37,23.16,84.82,25.39,36.9974089351964
1985-12-15,0.04,28.19,19.5,78.83,23.76,32.38687110778895
1985-12-16,0.04,23.81,17.88,74.46,20.23,24.493003840921087
1985-12-17,0.01,23.66,16.99,73.96,19.61,24.37048957774105
1985-12-18,0.0,26.72,16.72,75.87,20.74,28.81629062818167
1985-12-19,0.0,27.6,17.55,78.82,21.65,30.969758536301374
1985-12-20,0.06,27.51,17.92,77.3,21.7,30.5784378086679
1985-12-21,0.04,25.91,16.91,74.82,20.9,27.3240663850613
1985-12-22,0.04,28.27,17.45,78.33,22.31,32.50265378444513
1985-12-23,0.01,28.16,18.83,78.16,22.93,32.205013380703356
1985-12-24,0.0,27.18,17.04,74.46,21.03,29.584529119522383
1985-12-25,0.0,26.55,16.26,72.68,20.47,28.290012071166363
1985-12-26,0.0,27.78,15.22,75.83,21.17,30.986432135833727
1985-12-27,0.01,29.15,18.27,79.65,23.14,35.08281873181309
1985-12-28,0.09,30.69,18.8,79.28,24.28,39.613284472561354
1985-12-29,0.07,30.99,19.78,80.81,24.51,41.130493699624516
1985-12-30,0.17,29.83,20.43,79.32,24.71,36.965317246251644
1985-12-31,0.6,30.37,20.53,74.31,25.34,37.134673822233964
1986-01-01,0.77,28.12,21.16,82.6,24.11,32.82877846291866
1986-01-02,0.02,28.78,19.24,75.42,22.97,33.236275936554364
1986-01-03,0.05,30.13,18.96,78.3,23.87,37.57647084373678
1986-01-04,0.24,29.62,20.68,82.51,24.56,37.18243879445341
1986-01-05,0.05,28.71,18.18,73.29,23.02,32.67790199329931
1986-01-06,0.0,26.97,17.22,72.38,21.0,29.002136963303226
1986-01-07,0.0,27.99,17.04,73.91,22.06,31.179466745239374
1986-01-08,0.0,26.39,16.65,69.7,20.87,27.85732142731105
1986-01-09,0.01,25.13,15.32,70.08,18.94,26.13978867363
1986-01-10,0.0,27.0,15.11,74.23,20.27,29.216305586642306
1986-01-11,0.02,27.89,17.55,72.78,21.54,30.8155624499649
1986-01-12,0.02,29.22,18.48,73.53,22.78,33.93274089928515
1986-01-13,0.01,29.86,19.34,75.76,23.71,36.11312280428604
1986-01-14,0.0,29.67,19.55,75.53,23.72,35.53931159919344
1986-01-15,0.0,29.33,19.71,76.6,23.91,34.883218770808554
1986-01-16,0.01,29.96,18.07,73.15,23.43,35.71578029504048
1986-01-17,0.0,27.91,16.39,73.52,20.99,30.956125925740974
1986-01-18,0.0,28.6,15.11,71.75,21.69,32.16389514980119
1986-01-19,0.0,29.85,17.01,69.28,23.29,34.508713112927424
1986-01-20,0.01,30.66,19.66,72.92,24.46,37.54089679548808
1986-01-21,0.01,27.67,19.84,75.81,23.21,30.744306335354754
1986-01-22,0.0,28.59,19.54,71.46,23.2,32.09345782804533
1986-01-23,0.02,27.28,18.1,71.72,21.82,29.505413531158833
1986-01-24,0.01,28.97,17.34,70.79,22.32,32.80797186986169
1986-01-25,0.0,28.76,19.63,72.25,23.46,32.60521649326321
1986-01-26,0.03,27.87,20.28,73.3,23.39,30.84317035959657
1986-01-27,0.02,30.3,19.82,71.44,23.83,36.15810406475087
1986-01-28,0.57,30.27,20.16,73.84,24.6,36.72698586644131
1986-01-29,0.7,30.49,20.82,77.37,25.04,38.38435776096468
1986-01-30,0.7,27.93,21.84,83.73,24.65,32.49779461855745
1986-01-31,6.13,28.7,22.09,84.13,24.9,34.761576112044416
1986-02-01,6.9,31.0,21.66,79.04,25.81,40.53874565560396
1986-02-02,9.61,28.72,21.95,83.67,24.85,34.724156325116724
1986-02-03,0.06,29.69,21.9,80.38,25.1,36.830003091645935
1986-02-04,5.36,30.01,21.21,79.95,25.11,37.68349385968731
1986-02-05,0.86,30.02,21.06,77.4,24.89,37.00071784923662
1986-02-06,0.08,29.54,21.22,77.73,24.47,35.72140916804627
1986-02-07,0.0,29.5,19.88,76.52,24.02,35.32014475497995
1986-02-08,0.01,29.3,19.6,70.79,23.72,33.55488643720102
1986-02-09,0.02,29.87,18.69,68.34,23.46,34.34030991865925
1986-02-10,0.06,29.48,17.75,70.99,23.17,34.01695174514217
1986-02-11,0.08,28.97,18.08,68.31,22.68,32.3557877213303
1986-02-12,0.02,28.26,18.88,67.5,22.42,30.821078678511103
1986-02-13,0.0,29.27,17.83,70.47,22.87,33.421058424259485
1986-02-14,0.0,30.05,18.21,74.96,23.57,36.426281820783494
1986-02-15,0.0,30.04,19.04,72.86,23.92,35.85116996693963
1986-02-16,0.0,31.77,19.88,71.48,24.91,40.265118669243776
1986-02-17,0.0,31.57,19.24,71.0,24.94,39.510125597016156
1986-02-18,0.0,31.49,20.9,73.08,25.37,39.99460171172317
1986-02-19,0.0,32.6,20.78,72.34,25.91,43.180314985664296
1986-02-20,0.14,30.19,20.99,74.74,25.14,36.75349282833492
1986-02-21,0.02,31.71,20.79,70.9,25.44,39.88232092292182
1986-02-22,0.0,30.66,18.71,65.13,24.12,35.39055674197958
1986-02-23,0.0,29.44,18.53,67.38,23.29,33.17615942575686
1986-02-24,0.34,29.24,18.93,69.1,23.54,33.081707604101304
1986-02-25,0.06,30.5,19.09,63.48,23.9,34.61955470307575
1986-02-26,0.0,30.58,17.84,61.98,23.37,34.43424182590719
1986-02-27,0.03,30.7,16.7,65.73,23.34,35.639888493431386
1986-02-28,0.06,31.18,18.43,64.99,24.11,36.587874187489334
1986-03-01,0.18,30.6,18.23,65.16,24.15,35.25945418627431
1986-03-02,0.06,30.93,19.09,63.64,24.07,35.625567636446426
1986-03-03,0.02,30.38,16.7,60.35,22.62,33.648426397520424
1986-03-04,0.01,30.37,16.66,59.33,22.84,33.40739384208322
1986-03-05,0.0,30.92,17.33,61.33,23.42,35.007045191486014
1986-03-06,0.24,30.77,18.83,65.02,24.19,35.61813795952664
1986-03-07,0.09,32.19,19.57,64.55,24.96,39.01180565119855
1986-03-08,0.0,32.42,20.37,62.25,25.52,38.8240701719535
1986-03-09,0.0,34.06,19.98,63.03,26.26,43.66279790311109
1986-03-10,0.0,34.63,20.39,65.45,26.93,46.595281432673055
1986-03-11,0.62,35.24,21.54,66.32,27.77,49.11369287552294
1986-03-12,0.45,35.83,22.37,66.45,28.09,51.28182735161906
1986-03-13,0.27,35.84,22.03,62.81,27.99,49.18595101301248
1986-03-14,0.02,35.8,21.04,61.7,27.89,48.43098843635331
1986-03-15,0.0,35.48,22.33,62.64,28.41,47.89947629110841
1986-03-16,0.0,36.25,22.17,60.91,28.48,49.465832082670964
1986-03-17,0.01,37.35,22.89,61.21,28.84,53.441194358599404
1986-03-18,0.0,36.63,21.29,61.42,28.29,51.050757690807224
1986-03-19,0.0,36.65,22.0,61.49,28.57,51.1623249292512
1986-03-20,0.0,37.09,20.95,62.47,28.57,53.3360854981606
1986-03-21,0.0,37.45,22.31,60.55,29.43,53.36111159091812
1986-03-22,0.0,35.47,24.01,61.52,29.13,47.268206542092486
1986-03-23,0.02,35.77,23.74,60.25,28.94,47.543408339242255
1986-03-24,3.13,36.32,23.02,62.17,28.4,50.440569136833346
1986-03-25,1.29,33.65,23.8,69.09,27.44,45.162810144200655
1986-03-26,1.47,34.53,23.16,67.0,27.61,47.05565084171235
1986-03-27,0.17,34.89,23.31,65.52,28.12,47.489282863275704
1986-03-28,0.01,37.1,21.64,61.19,28.68,52.541037577574315
1986-03-29,0.09,35.83,23.0,62.5,28.82,48.97710988370524
1986-03-30,0.0,36.8,23.84,59.66,29.1,50.55867419199161
1986-03-31,0.0,36.87,24.09,63.11,29.33,52.95778774103952
1986-04-01,0.0,37.72,24.91,58.95,29.83,53.25180131529913
1986-04-02,0.0,38.35,23.29,57.84,29.86,54.709748635503814
1986-04-03,0.0,37.64,23.3,59.14,29.51,53.09850527678806
1986-04-04,0.0,37.17,23.95,59.98,29.63,52.012754219146295
1986-04-05,0.0,37.89,23.17,58.14,29.42,53.30442621528076
1986-04-06,0.0,37.7,22.7,56.19,29.18,51.40132417977296
1986-04-07,3.23,32.65,23.92,65.31,27.47,40.53413072374254
1986-04-08,0.85,29.95,23.95,71.29,26.3,35.22814029838062
1986-04-09,0.01,34.79,22.81,62.45,28.04,45.60614185218043
1986-04-10,0.0,36.1,22.72,59.24,28.79,48.03861886846186
1986-04-11,0.0,36.72,22.68,59.12,29.02,49.97060984471552
1986-04-12,0.22,36.11,22.43,57.45,28.7,47.10105800230132
1986-04-13,0.08,36.79,22.56,59.97,28.95,50.71264770432443
1986-04-14,0.01,37.62,22.75,57.5,29.42,51.96602438662515
1986-04-15,0.28,37.51,23.59,59.59,29.67,52.94071983734439
1986-04-16,0.31,37.74,23.8,57.54,29.65,52.3965813265747
1986-04-17,0.0,35.23,22.67,58.91,28.68,45.20376993786304
1986-04-18,0.0,37.85,22.93,57.94,29.58,53.033731247639565
1986-04-19,0.0,37.1,24.21,58.12,29.46,50.621704503741086
1986-04-20,0.0,37.83,23.22,57.3,29.73,52.545570778254614
1986-04-21,0.0,37.56,23.37,56.93,29.54,51.40518804595709
1986-04-22,0.0,38.05,23.57,56.14,29.85,52.529427989037615
1986-04-23,0.0,36.77,24.65,57.29,29.79,49.06351072109393
1986-04-24,0.54,38.59,23.83,55.33,30.11,53.80885547874837
1986-04-25,0.51,38.26,21.71,56.56,29.25,53.51915562611233
1986-04-26,0.06,38.61,23.05,56.18,30.17,54.46377283618429
1986-04-27,0.0,37.26,24.96,59.01,29.88,51.70774950021445
1986-04-28,0.0,37.68,24.2,56.17,30.19,51.32318586414928
1986-04-29,0.19,37.68,24.65,57.29,30.33,52.0332222906081
1986-04-30,0.01,37.84,24.39,56.21,30.5,51.87547593269296
1986-05-01,1.62,38.17,24.05,57.16,30.14,53.614861018754205
1986-05-02,0.47,38.05,24.18,57.95,30.21,53.732560032346534
1986-05-03,0.03,34.3,24.93,59.36,29.18,42.73737068309336
1986-05-04,0.01,35.98,25.17,60.96,29.99,48.606922018735304
1986-05-05,0.0,37.91,25.89,55.65,30.71,51.74867592762916
1986-05-06,0.0,36.84,25.78,57.58,30.36,49.45475843876175
1986-05-07,0.0,37.92,25.02,56.59,30.45,52.38704601467432
1986-05-08,6.37,37.17,24.82,60.35,30.0,52.248074509306825
1986-05-09,0.8,37.76,24.8,61.18,30.47,54.90529068170253
1986-05-10,2.64,32.16,25.55,72.19,28.17,41.71908547907603
1986-05-11,0.55,31.26,25.22,74.79,27.63,39.889980442890575
1986-05-12,4.77,33.26,24.58,72.0,28.27,45.21984819345161
1986-05-13,3.35,32.19,25.07,73.42,27.73,42.29887824737903
1986-05-14,31.91,30.94,24.21,79.92,26.74,40.64764106744528
1986-05-15,30.97,29.86,23.91,82.36,26.31,37.89964641643024
1986-05-16,5.72,31.19,23.62,80.87,26.77,41.83979244554862
1986-05-17,5.69,30.28,23.66,84.28,26.17,39.87649694227965
1986-05-18,2.52,28.98,23.81,84.05,25.83,35.587098212680985
1986-05-19,2.84,28.69,23.35,83.43,25.88,34.5860487875271
1986-05-20,1.24,29.73,23.11,81.08,26.13,37.13847549495665
1986-05-21,0.34,31.24,23.28,75.53,26.88,40.08388191699921
1986-05-22,23.94,30.27,24.32,78.67,26.66,38.10708134252796
1986-05-23,10.89,31.44,23.35,80.47,26.84,42.55986384957774
1986-05-24,20.62,28.97,23.99,86.35,25.96,36.09012084957171
1986-05-25,21.52,28.99,23.59,87.15,25.89,36.34500106880676
1986-05-26,8.56,28.59,23.65,88.2,25.56,35.283645057882836
1986-05-27,8.52,29.74,23.22,83.58,26.05,37.85825775120975
1986-05-28,8.63,29.75,23.44,83.49,25.96,37.865386554981896
1986-05-29,5.84,30.16,23.0,82.25,25.91,38.836363060326526
1986-05-30,9.64,31.14,23.07,80.24,26.46,41.435546107568285
1986-05-31,7.51,31.4,23.95,77.6,26.77,41.336553583635876
1986-06-01,4.72,31.33,23.54,77.22,26.56,40.9687156962526
1986-06-02,5.84,30.24,23.46,79.07,26.25,38.13381278073165
1986-06-03,7.96,29.37,23.12,81.51,25.89,36.15986200013374
1986-06-04,1.32,30.95,23.53,78.01,26.54,40.02195293374222
1986-06-05,0.08,31.71,23.23,76.88,26.79,42.090175223699156
1986-06-06,0.01,32.07,23.89,76.58,27.34,43.18184164377461
1986-06-07,0.0,32.82,24.04,75.29,27.64,45.216117975297834
1986-06-08,0.05,32.07,23.68,77.23,27.35,43.45020266589463
1986-06-09,0.04,31.8,23.4,76.47,27.09,42.22987112600319
1986-06-10,0.0,32.19,23.78,74.76,27.22,42.83946008792288
1986-06-11,0.63,33.33,24.09,72.1,27.95,45.50478996159338
1986-06-12,10.06,32.49,23.53,72.27,27.62,42.79606788977951
1986-06-13,8.43,31.26,24.52,76.43,27.55,40.46153922251253
1986-06-14,2.15,32.17,23.28,77.02,27.31,43.708056089482774
1986-06-15,13.55,32.72,23.92,80.08,27.33,47.09731722775707
1986-06-16,2.53,32.77,23.57,79.53,27.61,47.02348504810837
1986-06-17,10.58,29.11,24.54,86.02,26.35,36.46140352428785
1986-06-18,4.79,27.99,23.85,84.76,25.8,32.8288128176055
1986-06-19,4.91,30.21,23.7,83.21,26.34,39.298405316465775
1986-06-20,2.11,31.64,23.16,79.53,26.79,42.89114274880379
1986-06-21,0.38,32.31,24.0,77.94,27.6,44.59471992088639
1986-06-22,1.93,29.96,23.44,82.38,26.65,38.22598803911252
1986-06-23,11.06,28.98,24.2,89.98,26.05,37.001024865293715
1986-06-24,14.97,28.35,22.89,91.19,25.28,35.1176811345623
1986-06-25,2.31,28.96,22.73,85.99,25.37,35.97369536945226
1986-06-26,0.01,31.75,23.26,77.87,27.27,42.61233494715819
1986-06-27,0.56,31.5,23.55,79.97,26.8,42.575264157615024
1986-06-28,0.04,32.53,23.88,77.71,27.53,45.28227116386943
1986-06-29,1.67,31.8,24.22,79.6,27.28,43.48305397445462
1986-06-30,0.97,32.43,24.17,79.13,27.53,45.5602033096396
1986-07-01,9.51,29.1,23.87,85.54,25.89,36.312485878764726
1986-07-02,17.27,29.92,23.63,82.54,25.94,38.14358495115975
1986-07-03,28.24,29.27,22.82,87.22,25.76,37.29141357060544
1986-07-04,8.98,28.88,23.4,86.2,25.76,35.76824614858427
1986-07-05,1.73,29.52,23.38,84.48,26.14,37.392289385169505
1986-07-06,1.0,29.0,23.74,86.19,26.09,36.14851251978856
1986-07-07,7.87,28.41,24.3,90.29,25.96,35.133676182871724
1986-07-08,23.82,27.44,23.47,88.37,25.16,31.80265220343532
1986-07-09,66.51,25.32,23.07,92.45,24.01,26.365896471193018
1986-07-10,99.34,27.07,24.0,92.77,25.14,31.244524814342967
1986-07-11,15.64,28.22,23.56,90.88,25.33,34.62228471096409
1986-07-12,5.01,28.44,23.1,88.58,25.51,34.88075379357369
1986-07-13,3.82,28.34,22.93,85.77,25.63,34.018622066419944
1986-07-14,10.4,29.83,23.3,82.23,26.1,37.76742456431504
1986-07-15,3.14,26.97,23.31,91.64,24.97,30.8198706561542
1986-07-16,2.67,28.41,23.65,90.15,25.59,35.104822622890566
1986-07-17,1.59,27.73,23.36,90.16,25.2,32.928201076036835
1986-07-18,8.85,28.53,22.9,86.39,25.25,34.715995008884505
1986-07-19,1.45,28.61,22.39,89.78,25.12,35.69179713153395
1986-07-20,14.58,29.91,22.69,83.93,25.86,38.516312702977075
1986-07-21,6.14,31.46,22.01,73.77,26.19,40.145798546804535
1986-07-22,2.51,31.42,22.76,78.53,26.51,41.749662145914726
1986-07-23,9.69,31.36,22.11,76.78,26.26,40.906454727406064
1986-07-24,1.05,31.76,21.12,77.53,26.18,42.51196536894585
1986-07-25,0.45,30.91,21.64,77.73,26.33,39.800074035186675
1986-07-26,0.19,29.03,23.55,85.42,25.99,36.061467406812945
1986-07-27,1.11,32.03,22.53,80.4,27.04,44.650065215568716
1986-07-28,1.1,29.81,23.48,79.39,26.6,36.9247030422276
1986-07-29,7.99,30.42,23.42,81.26,26.28,39.37843973806085
1986-07-30,5.67,29.29,22.51,85.51,25.65,36.916369780071875
1986-07-31,26.38,30.79,22.87,85.0,26.39,41.93668880909702
1986-08-01,39.57,26.71,23.28,91.49,24.77,30.048181142763635
1986-08-02,42.23,25.21,22.75,92.52,23.86,26.09346665372511
1986-08-03,21.47,27.39,23.33,89.16,25.01,31.761979725551694
1986-08-04,5.43,29.65,22.47,84.28,25.85,37.76060761363229
1986-08-05,13.99,29.36,22.86,87.35,25.89,37.6300493576793
1986-08-06,12.66,30.06,23.56,84.98,26.47,39.339824682767734
1986-08-07,62.52,30.45,23.5,84.07,26.75,40.39738464231341
1986-08-08,11.31,29.22,23.39,87.57,26.01,37.21364943714506
1986-08-09,9.34,28.23,22.87,89.97,25.35,34.47937798144179
1986-08-10,7.13,27.75,22.99,91.12,25.22,33.14275041827184
1986-08-11,1.71,27.08,23.23,92.79,25.14,31.277547068620127
1986-08-12,6.26,30.08,24.21,89.34,26.34,40.805589009074254
1986-08-13,7.29,31.44,22.38,84.59,26.6,44.208488669636075
1986-08-14,13.3,29.97,24.02,88.64,26.57,40.16843613330114
1986-08-15,6.35,28.75,24.06,89.83,25.96,36.17488537036592
1986-08-16,5.07,26.36,23.95,94.35,25.07,29.243859900802825
1986-08-17,2.47,29.65,23.61,86.53,26.08,38.39350352152095
1986-08-18,1.92,28.07,23.63,89.15,25.3,33.81753165238135
1986-08-19,1.19,29.41,23.19,88.6,25.71,38.14201388185899
1986-08-20,1.56,29.17,22.62,88.9,25.44,37.38628599038296
1986-08-21,13.08,27.76,23.19,93.06,25.18,33.48954103577632
1986-08-22,5.8,28.08,23.43,90.62,25.38,34.11519967061344
1986-08-23,25.52,28.19,23.53,92.83,25.35,34.90122712201531
1986-08-24,21.12,27.84,23.11,89.09,25.04,33.09589810444246
1986-08-25,31.28,28.32,22.83,90.65,25.29,34.9081063795268
1986-08-26,16.31,27.09,23.85,92.2,25.13,31.240946750617688
1986-08-27,24.9,27.75,23.64,92.72,25.33,33.40089456033929
1986-08-28,40.15,28.17,23.95,91.33,25.52,34.543223522062476
1986-08-29,30.97,26.75,23.54,94.16,24.84,30.403897910995276
1986-08-30,43.55,26.41,23.2,94.01,24.66,29.369312450114744
1986-08-31,28.18,27.78,22.73,92.12,25.0,33.40102233111847
1986-09-01,69.0,26.5,23.67,95.62,24.77,29.754346848279813
1986-09-02,60.8,25.76,23.55,95.06,24.68,27.544856548677263
1986-09-03,96.08,25.74,23.65,95.62,24.59,27.49948024860115
1986-09-04,16.13,26.75,23.51,94.51,24.89,30.435907712976448
1986-09-05,10.64,27.03,23.11,93.72,24.77,31.22708951617085
1986-09-06,4.71,29.65,22.36,87.24,25.65,38.5972861323119
1986-09-07,3.22,29.49,22.4,84.0,25.62,37.16782586701135
1986-09-08,1.59,28.41,20.8,84.52,24.74,33.98654466596252
1986-09-09,5.19,30.39,21.81,84.19,25.78,40.228290862696866
1986-09-10,1.54,31.4,23.49,82.59,26.78,43.24964824854153
1986-09-11,0.91,31.45,22.46,82.21,26.69,43.28076180254024
1986-09-12,7.34,30.77,23.28,83.2,26.49,41.218919652292
1986-09-13,7.9,29.38,22.83,83.48,25.9,36.68488043861507
1986-09-14,15.45,27.76,23.39,87.83,25.12,32.65660226359937
1986-09-15,2.92,29.69,23.12,86.11,25.77,38.41001746995313
1986-09-16,1.09,28.84,22.58,86.61,25.61,35.73453903305736
1986-09-17,24.07,26.57,23.56,92.09,24.92,29.696113176158406
1986-09-18,12.35,27.41,23.41,89.81,24.9,31.906745253335274
1986-09-19,15.49,27.62,22.81,91.15,25.25,32.73759149086103
1986-09-20,15.41,26.41,23.61,92.85,24.91,29.2922755219432
1986-09-21,6.12,27.88,22.4,89.96,24.78,33.36280601215069
1986-09-22,1.81,27.71,22.13,90.37,24.62,32.89895438417212
1986-09-23,8.93,28.92,22.08,87.16,24.93,36.11904948427403
1986-09-24,5.84,29.13,21.88,82.78,25.0,35.74654373624184
1986-09-25,0.47,30.26,21.0,80.22,25.31,38.54066929671012
1986-09-26,0.5,31.24,21.38,79.2,26.17,41.393261251223926
1986-09-27,2.51,30.23,22.25,84.13,25.95,39.6564655716115
1986-09-28,7.73,28.07,23.33,86.35,25.24,33.32558964418802
1986-09-29,0.94,29.42,23.14,85.23,25.66,37.2667226623185
1986-09-30,3.83,29.57,23.37,83.01,25.82,37.15897409336229
1986-10-01,5.73,30.55,22.31,84.79,25.73,40.99477854500671
1986-10-02,0.09,30.58,21.85,80.03,25.83,39.503523913496245
1986-10-03,0.05,31.21,22.24,80.53,26.39,41.782425839797924
1986-10-04,12.48,31.19,23.12,83.46,26.57,42.822407121005696
1986-10-05,23.78,30.21,23.89,84.35,26.29,39.65780581478079
1986-10-06,21.82,28.29,23.89,85.46,25.72,33.8125181725876
1986-10-07,11.16,28.6,23.6,90.29,25.64,35.77036867830874
1986-10-08,7.26,28.43,23.21,88.93,25.29,34.92002544279288
1986-10-09,3.07,28.98,22.8,86.79,25.63,36.226509768318074
1986-10-10,1.84,29.86,23.71,85.24,26.19,38.735016262108275
1986-10-11,7.91,30.52,23.52,84.18,26.35,40.679575678150655
1986-10-12,15.18,28.35,23.88,86.93,25.78,34.27101312219045
1986-10-13,10.5,27.66,23.56,90.95,25.27,32.83252220152778
1986-10-14,6.47,26.4,23.19,95.31,24.72,29.426010823712804
1986-10-15,0.87,27.92,22.92,91.58,25.18,33.766046187752146
1986-10-16,1.24,28.16,22.6,90.86,25.13,34.42081867840695
1986-10-17,5.95,29.42,22.35,82.65,25.58,36.59764987753922
1986-10-18,0.43,31.09,21.8,81.37,26.07,41.67763846100351
1986-10-19,12.93,30.08,21.74,83.45,25.85,38.93786254524699
1986-10-20,5.48,28.41,22.42,86.98,24.8,34.46507689602625
1986-10-21,1.57,30.28,21.28,84.39,25.56,39.912013132055776
1986-10-22,2.02,28.66,22.74,90.43,24.91,36.005305995314416
1986-10-23,7.9,28.01,22.26,88.81,24.84,33.5710101859934
1986-10-24,1.44,29.85,21.18,83.83,25.15,38.28886254229885
1986-10-25,0.33,30.03,20.13,83.37,24.37,38.74755079121225
1986-10-26,0.07,30.17,19.94,83.39,24.66,39.22034258692909
1986-10-27,0.42,30.42,22.47,80.78,25.88,39.22591060269967
1986-10-28,0.1,29.93,23.29,83.56,26.17,38.473613536376256
1986-10-29,0.08,29.23,22.45,83.97,25.66,36.33911135703143
1986-10-30,4.74,29.74,21.49,84.69,24.64,38.172172259207656
1986-10-31,3.28,27.29,22.13,89.8,24.13,31.5512697791264
1986-11-01,0.11,29.21,21.13,80.47,25.13,35.44124777057865
1986-11-02,0.0,29.78,21.95,79.23,25.88,36.793039774439734
1986-11-03,0.05,29.9,23.62,83.5,26.24,38.35734922434053
1986-11-04,0.13,29.97,23.23,84.53,26.04,38.895725303229845
1986-11-05,0.11,31.22,22.48,81.78,26.26,42.28705228260323
1986-11-06,1.27,31.41,21.69,86.39,25.82,44.84032185919274
1986-11-07,6.01,29.35,22.8,88.76,25.83,37.97545476931177
1986-11-08,6.53,28.49,23.07,87.1,25.21,34.73706738937814
1986-11-09,2.58,28.76,22.2,86.42,24.98,35.438497481769254
1986-11-10,2.3,28.28,22.59,90.1,24.83,34.6672944801764
1986-11-11,2.35,29.4,22.94,87.59,25.43,37.831268756693596
1986-11-12,1.98,28.85,22.05,87.16,24.87,35.89220374208831
1986-11-13,17.69,26.76,22.47,89.26,24.38,29.993788238506454
1986-11-14,6.83,26.41,23.86,89.54,24.77,29.075948909580607
1986-11-15,3.58,28.02,22.94,89.24,24.91,33.677146313099975
1986-11-16,8.12,27.99,21.55,90.02,24.25,33.719456544784585
1986-11-17,0.09,28.4,21.92,86.47,24.69,34.33413057858729
1986-11-18,0.18,30.05,20.93,82.57,24.82,38.573702057088184
1986-11-19,1.21,29.2,20.85,80.33,24.45,35.38005864911818
1986-11-20,0.96,29.28,21.52,83.04,24.88,36.264773927354724
1986-11-21,0.41,29.88,22.41,85.08,25.59,38.755485816885106
1986-11-22,1.3,27.67,22.8,89.44,24.8,32.63380442792667
1986-11-23,0.99,29.53,21.48,85.23,24.6,37.62760480389027
1986-11-24,0.22,30.13,20.34,84.35,24.47,39.38383555670865
1986-11-25,0.53,30.01,20.8,80.98,24.65,37.97880357231426
1986-11-26,0.09,29.52,21.33,79.56,24.55,36.11696878806698
1986-11-27,1.13,29.84,21.3,80.56,24.83,37.33349574946293
1986-11-28,0.22,30.36,21.8,80.25,25.52,38.867019052631036
1986-11-29,0.18,29.35,22.45,81.07,25.41,35.9923352417348
1986-11-30,2.34,28.71,23.18,82.43,25.5,34.437334343603474
1986-12-01,2.99,29.38,22.94,84.86,25.42,37.04001333988409
1986-12-02,1.59,30.18,22.35,84.11,25.53,39.47922774414134
1986-12-03,3.45,29.79,21.01,83.68,24.69,38.04914535202485
1986-12-04,1.12,29.03,19.79,81.85,23.69,35.2363620613917
1986-12-05,0.17,29.38,19.72,80.75,24.05,36.00250071854323
1986-12-06,0.0,28.63,19.71,78.21,23.48,33.388657088125214
1986-12-07,0.0,27.67,16.74,78.04,21.59,31.03040992684953
1986-12-08,0.19,28.29,17.74,78.26,22.18,32.540436659255114
1986-12-09,0.45,26.8,17.61,76.05,21.69,28.9840778139563
1986-12-10,0.34,26.86,16.78,76.38,21.48,29.128129395341016
1986-12-11,0.0,27.93,17.66,76.63,22.57,31.43192326231734
1986-12-12,0.0,29.27,19.14,80.0,23.82,35.50335455608938
1986-12-13,0.23,29.91,20.76,80.91,24.96,37.64674240486775
1986-12-14,0.41,30.41,21.53,83.02,25.4,39.912895608241215
1986-12-15,0.07,29.74,19.36,82.59,24.04,37.582400919121866
1986-12-16,0.02,30.04,18.68,82.9,23.95,38.63960319785738
1986-12-17,0.01,29.83,19.74,78.59,24.27,36.76949085848672
1986-12-18,0.0,29.03,18.19,76.85,23.43,34.15002270628517
1986-12-19,0.0,28.32,19.46,79.07,23.46,32.75304485179764
1986-12-20,0.48,27.52,18.25,79.32,22.17,30.846957013822223
1986-12-21,0.05,26.69,16.44,76.21,20.65,28.783938758940558
1986-12-22,6.65,25.35,17.41,82.78,21.36,26.470672278122358
1986-12-23,3.99,27.2,20.9,85.97,23.74,30.843965716965222
1986-12-24,0.49,29.19,21.44,83.33,24.4,36.05958704116861
1986-12-25,1.54,30.24,20.79,80.25,24.98,38.48664742023217
1986-12-26,2.3,28.92,20.39,81.43,23.73,34.82621354611813
1986-12-27,0.41,29.26,19.34,79.09,23.75,35.262871267523295
1986-12-28,0.01,29.77,18.69,78.87,23.44,36.668249410643234
1986-12-29,0.01,26.94,17.81,74.85,21.58,29.155501499884906
1986-12-30,0.0,27.05,16.37,75.05,21.5,29.385900629228438
1986-12-31,0.0,28.43,15.99,75.29,22.44,32.37741567430783
1987-01-01,0.02,29.35,20.49,82.03,24.13,36.2283909250425
1987-01-02,0.05,30.32,21.29,80.48,25.24,38.81055217490184
1987-01-03,0.01,30.31,21.69,81.45,25.45,39.07912201074095
1987-01-04,0.05,30.54,20.74,81.95,25.12,40.000567993745754
1987-01-05,0.27,28.31,21.37,83.18,24.49,33.45168145101924
1987-01-06,0.32,30.21,21.09,81.66,24.63,38.81901232240721
1987-01-07,0.25,30.17,21.13,77.56,24.84,37.48417183010807
1987-01-08,0.39,30.23,20.4,77.66,24.17,37.69062421668031
1987-01-09,0.06,29.37,19.05,75.53,23.48,34.74626999530522
1987-01-10,0.0,29.78,17.71,75.82,23.46,35.90916982862101
1987-01-11,0.01,29.95,19.41,78.83,24.15,37.188528770884
1987-01-12,0.0,29.74,21.05,79.32,24.37,36.69884974210434
1987-01-13,0.02,26.9,16.47,70.61,21.65,28.736090076377415
1987-01-14,0.01,25.94,14.87,69.68,19.59,27.197919714909727
1987-01-15,0.11,26.21,15.13,74.62,19.57,27.81810245870896
1987-01-16,0.03,28.43,15.16,73.08,21.68,32.01115825807067
1987-01-17,0.05,29.85,17.55,75.78,23.1,36.09077459356172
1987-01-18,0.05,29.87,17.49,72.78,23.23,35.390483105908004
1987-01-19,0.0,29.87,18.2,76.8,23.46,36.41099164521488
1987-01-20,0.0,29.81,20.14,75.77,23.97,35.978531254850175
1987-01-21,0.25,29.71,18.04,74.04,23.39,35.28349873558239
1987-01-22,0.08,29.78,18.11,74.23,23.47,35.51296409286047
1987-01-23,0.0,29.84,17.79,71.95,23.38,35.11261824860569
1987-01-24,0.0,29.69,18.97,73.85,23.76,35.186031274222586
1987-01-25,0.06,29.16,18.59,73.65,22.8,33.81140054315339
1987-01-26,0.03,27.09,16.98,69.57,20.84,28.97088559007543
1987-01-27,0.0,27.14,15.71,71.36,20.51,29.217153318682133
1987-01-28,0.23,27.17,15.84,72.72,20.52,29.398389309867486
1987-01-29,0.08,28.16,16.23,72.36,21.47,31.317930599343487
1987-01-30,0.0,29.04,16.19,70.88,22.49,32.98123589068012
1987-01-31,0.0,30.5,17.49,72.36,23.6,36.94036253775951
1987-02-01,0.44,31.03,18.94,73.67,24.28,38.82825415432593
1987-02-02,0.06,30.53,19.32,76.15,24.19,38.1332167734385
1987-02-03,0.01,30.39,19.98,71.18,24.04,36.32246397587598
1987-02-04,0.0,26.9,16.28,64.67,20.8,28.28561176377029
1987-02-05,0.0,26.04,14.5,66.77,19.33,27.227804867063405
1987-02-06,0.0,28.25,14.24,69.06,20.96,31.022642890577533
1987-02-07,0.01,29.51,15.7,70.9,22.17,34.0683739060579
1987-02-08,0.18,29.81,16.47,72.71,22.38,35.219978942162065
1987-02-09,0.04,30.35,17.09,72.89,22.8,36.68297198776432
1987-02-10,0.07,30.83,17.11,71.81,23.41,37.680977788967525
1987-02-11,0.17,30.94,17.55,71.47,23.59,37.88142372028804
1987-02-12,0.03,30.43,17.94,73.74,23.6,37.13983015613332
1987-02-13,0.0,31.82,19.06,71.6,24.49,40.457631752459704
1987-02-14,0.0,32.14,16.78,67.95,23.98,40.069742956314215
1987-02-15,0.0,32.38,18.07,68.76,24.64,41.06477700409409
1987-02-16,0.15,32.36,18.7,68.98,24.72,41.08962879372933
1987-02-17,0.11,32.38,16.97,67.93,24.32,40.75047852409671
1987-02-18,0.0,32.3,19.06,67.17,25.2,40.23968625422934
1987-02-19,0.01,31.25,16.82,64.44,23.45,36.600313905564605
1987-02-20,0.0,31.43,16.23,65.55,23.19,37.371969130234554
1987-02-21,0.0,31.69,16.17,65.23,22.98,37.93427122011473
1987-02-22,0.02,32.22,16.46,67.28,23.87,40.053949105114825
1987-02-23,0.08,32.97,18.09,67.57,24.77,42.35242910601819
1987-02-24,0.12,31.87,19.57,69.55,25.03,39.8700437592952
1987-02-25,0.17,32.4,19.75,68.87,25.73,41.165949293621594
1987-02-26,0.02,33.61,20.8,65.52,26.34,43.415987851707996
1987-02-27,0.0,32.97,20.97,70.71,25.81,43.68094089028674
1987-02-28,0.07,32.55,20.07,65.71,25.36,40.404083827504536
1987-03-01,0.01,32.13,18.68,61.45,24.74,37.835209785304876
1987-03-02,0.02,31.94,18.43,61.91,24.16,37.516849694349304
1987-03-03,0.0,31.78,17.89,61.54,23.89,37.019700087860166
1987-03-04,0.0,32.22,17.87,62.58,24.4,38.4262523620394
1987-03-05,0.0,33.51,19.58,65.6,25.36,43.14852465628829
1987-03-06,0.0,34.19,19.45,64.4,25.91,44.68455613014444
1987-03-07,0.0,35.24,19.35,63.86,26.48,47.768352503991565
1987-03-08,0.0,35.38,20.6,62.99,26.85,47.761388087941434
1987-03-09,0.0,35.96,18.84,61.19,26.63,48.670307400373204
1987-03-10,0.0,36.12,20.43,62.73,27.38,50.08813001785669
1987-03-11,0.0,36.57,20.66,61.43,27.13,50.85117164582457
1987-03-12,0.01,35.48,19.01,61.0,26.69,47.02587799761008
1987-03-13,2.1,35.69,21.43,64.13,27.93,49.42848400997425
1987-03-14,0.12,36.46,22.38,63.58,28.46,51.786145258151215
1987-03-15,0.0,36.59,21.4,58.69,28.07,49.29532251682804
1987-03-16,0.01,35.64,19.95,58.65,27.07,46.30089922733645
1987-03-17,0.02,36.25,20.34,57.89,27.55,47.768798050026476
1987-03-18,0.0,36.59,21.87,60.7,28.31,50.479076643413265
1987-03-19,0.0,36.17,21.83,61.14,28.11,49.33320450537016
1987-03-20,0.06,36.58,21.99,59.63,28.62,49.81060819425835
1987-03-21,0.24,36.24,23.18,62.08,29.04,50.114651699544126
1987-03-22,0.46,36.0,23.78,61.6,28.83,49.032866952035576
1987-03-23,0.04,36.64,21.42,60.19,28.31,50.34174549520685
1987-03-24,0.0,36.61,22.2,60.93,28.5,50.68511227915771
1987-03-25,0.0,36.72,21.62,60.49,28.58,50.79176631466041
1987-03-26,0.13,36.8,22.99,59.56,28.93,50.49837308180636
1987-03-27,2.87,35.37,22.91,61.78,27.91,47.0868512731223
1987-03-28,0.21,36.62,20.83,60.41,28.01,50.406297289451985
1987-03-29,0.11,36.81,21.11,59.9,28.35,50.73745925123699
1987-03-30,0.05,37.11,20.92,58.6,28.31,50.94820584317227
1987-03-31,0.0,37.13,21.28,55.73,28.38,49.293996967972625
1987-04-01,0.16,35.66,21.58,59.61,27.88,46.85961175511762
1987-04-02,0.27,35.44,22.54,61.34,28.38,47.07802288299021
1987-04-03,0.03,32.98,23.85,63.75,27.7,40.859643241880825
1987-04-04,5.51,34.7,23.2,65.87,28.05,47.04035849167563
1987-04-05,0.13,34.03,23.04,61.38,27.92,42.848758199754634
1987-04-06,0.01,37.25,23.1,56.56,29.24,50.16680553616956
1987-04-07,0.0,37.32,22.77,58.13,29.36,51.358264264840024
1987-04-08,0.0,37.22,23.56,58.36,29.76,51.16714728392183
1987-04-09,0.0,36.67,23.84,58.63,29.77,49.51940971771191
1987-04-10,0.2,32.47,24.86,67.53,28.01,40.85991635463747
1987-04-11,0.01,35.66,24.56,62.5,28.96,48.413550188934124
1987-04-12,0.0,36.6,24.38,62.99,29.32,51.91557351046605
1987-04-13,1.99,37.62,23.12,55.51,29.56,50.71824640093177
1987-04-14,0.01,36.18,23.39,61.83,29.29,49.76549403905053
1987-04-15,0.05,37.74,25.17,59.54,30.01,53.715555384897776
1987-04-16,0.0,36.14,24.67,62.93,29.52,50.27436453682438
1987-04-17,0.0,36.5,24.44,63.61,29.42,51.947228592043594
1987-04-18,18.69,35.35,24.9,68.5,29.1,50.75440923709696
1987-04-19,4.09,35.85,23.26,69.96,28.58,53.53779357439181
1987-04-20,0.53,35.87,23.15,66.67,29.0,51.5604693325419
1987-04-21,1.28,36.54,23.83,62.38,29.61,51.32699777097445
1987-04-22,0.26,38.18,23.16,60.83,29.83,56.21081921063743
1987-04-23,0.0,38.81,23.57,58.35,30.28,56.733118665221255
1987-04-24,0.0,38.13,22.93,57.42,29.97,53.652248395944156
1987-04-25,0.01,38.46,23.36,57.72,30.15,55.0154201331229
1987-04-26,0.0,38.34,22.97,56.07,29.92,53.46162496038156
1987-04-27,0.0,37.99,23.22,54.84,30.08,51.494643415336306
1987-04-28,0.97,37.45,24.0,58.35,29.77,51.934286666136586
1987-04-29,1.43,37.35,23.86,59.68,29.59,52.44290582054387
1987-04-30,0.02,37.54,23.12,56.95,29.96,51.35163058094192
1987-05-01,0.0,38.43,23.42,57.69,30.27,54.88799194467665
1987-05-02,0.0,37.11,24.65,57.89,30.24,50.51494402530534
1987-05-03,1.38,37.14,25.48,59.93,30.44,51.87789181536686
1987-05-04,4.23,37.39,25.37,60.55,30.25,53.148565485564056
1987-05-05,1.2,37.16,23.39,60.64,29.53,52.39864732316413
1987-05-06,0.37,37.34,23.76,61.51,29.83,53.604070945489376
1987-05-07,0.02,36.42,25.57,61.1,30.22,50.144602687338725
1987-05-08,0.64,37.85,25.06,56.29,30.85,51.95984635391431
1987-05-09,0.7,39.38,25.52,55.43,31.29,56.628235986878224
1987-05-10,0.35,38.59,25.13,56.8,30.79,54.827423158341794
1987-05-11,0.22,38.6,25.12,57.15,31.0,55.10925215531936
1987-05-12,0.11,36.99,26.36,58.16,31.01,50.28434503425569
1987-05-13,4.02,34.78,26.07,65.16,29.59,46.93814382705917
1987-05-14,3.11,33.65,25.13,71.24,28.81,46.190002641084476
1987-05-15,0.62,32.43,25.29,67.85,28.61,40.86525199737925
1987-05-16,0.0,37.02,23.96,56.92,30.11,49.64368179840019
1987-05-17,5.62,34.88,25.24,61.91,29.76,45.61849656603607
1987-05-18,0.9,31.82,25.86,69.04,28.28,39.54875086227523
1987-05-19,0.25,32.67,25.4,64.05,28.67,40.12104183102881
1987-05-20,1.23,37.34,23.82,56.38,30.02,50.347941205133566
1987-05-21,2.57,35.1,25.48,63.8,29.59,47.27755657557313
1987-05-22,0.6,32.53,25.87,64.74,28.9,39.991956519879466
1987-05-23,0.04,37.08,24.75,58.44,30.23,50.75052226816051
1987-05-24,1.42,34.59,25.95,59.89,29.76,43.79580200666851
1987-05-25,7.55,33.81,24.78,68.52,28.14,45.418844837983634
1987-05-26,1.58,32.52,24.46,74.72,27.46,43.92778223830071
1987-05-27,1.06,32.01,23.4,72.16,27.25,41.242424096296524
1987-05-28,0.44,32.8,24.51,69.35,28.19,42.56764668617061
1987-05-29,1.62,29.42,24.92,77.69,26.93,35.379355247761175
1987-05-30,0.43,34.57,23.91,67.31,28.92,47.35046117699315
1987-05-31,3.48,36.42,24.6,64.98,29.7,52.51914308479918
1987-06-01,5.0,34.29,24.92,68.55,29.28,47.0385468082
1987-06-02,6.36,35.63,24.59,67.11,29.32,50.95259318202696
1987-06-03,0.62,35.84,24.46,64.85,29.36,50.36463041463586
1987-06-04,0.79,35.27,24.34,64.53,29.45,48.22955725453476
1987-06-05,0.37,36.94,24.08,59.03,29.91,50.64447055632803
1987-06-06,1.79,36.67,25.17,58.57,29.9,49.4844364732281
1987-06-07,3.43,32.28,23.7,65.95,27.83,39.743253149648076
1987-06-08,2.91,30.95,24.84,78.28,27.27,40.11395770298983
1987-06-09,5.35,29.57,24.68,81.04,26.74,36.641507500424304
1987-06-10,19.83,28.72,24.16,89.28,25.88,35.948258884355624
1987-06-11,25.82,28.48,24.05,88.29,25.82,34.94933768292936
1987-06-12,6.02,29.08,24.04,85.72,26.17,36.29214633935233
1987-06-13,13.42,28.94,23.98,89.6,26.17,36.769340435716884
1987-06-14,16.57,30.38,24.84,89.38,26.59,41.96623531936424
1987-06-15,8.2,29.1,24.77,87.55,26.63,36.80607973001807
1987-06-16,23.81,29.74,24.55,88.96,26.72,39.425289345099216
1987-06-17,14.02,30.51,24.63,89.37,26.72,42.468588708707415
1987-06-18,17.54,28.5,24.57,90.37,26.09,35.450886914016024
1987-06-19,8.53,29.66,24.02,87.81,26.09,38.79755180046788
1987-06-20,0.56,30.66,23.33,83.88,26.53,41.06987073663138
1987-06-21,0.17,32.31,24.15,76.94,27.77,44.160978942494374
1987-06-22,0.0,30.87,24.51,81.01,27.11,40.793674656873876
1987-06-23,1.08,31.67,24.11,79.82,27.24,43.112408641729424
1987-06-24,1.28,32.61,24.06,78.91,27.82,46.126297166147296
1987-06-25,2.42,30.77,24.58,83.6,27.29,41.36077498522377
1987-06-26,2.32,29.57,24.4,85.28,26.59,37.7734814869968
1987-06-27,10.61,29.26,23.79,84.38,26.19,36.53485131871255
1987-06-28,13.63,28.46,23.78,86.79,25.69,34.58139221255641
1987-06-29,4.99,28.68,23.29,85.87,25.66,35.06956970728365
1987-06-30,21.1,28.22,24.0,88.2,25.78,34.1116936529298
1987-07-01,7.62,28.62,23.76,89.85,25.79,35.740712826080824
1987-07-02,2.04,28.96,24.0,88.79,25.93,36.64059418204944
1987-07-03,0.31,29.58,23.69,84.06,26.19,37.473059621632466
1987-07-04,3.61,31.23,23.35,79.15,26.66,41.34136289941334
1987-07-05,2.88,31.89,22.19,79.13,26.85,43.60843806203694
1987-07-06,0.52,30.72,23.74,81.26,27.01,40.37387629668728
1987-07-07,2.01,30.65,23.99,82.15,27.07,40.43963564589525
1987-07-08,7.78,30.23,24.59,82.87,27.05,39.258972983959524
1987-07-09,7.23,31.37,24.63,80.53,27.32,42.33787568046377
1987-07-10,6.93,32.73,24.61,76.38,27.77,45.395563441903064
1987-07-11,3.72,31.01,24.51,79.03,27.32,40.56808934902996
1987-07-12,2.66,30.24,24.91,82.44,26.9,39.15799797818381
1987-07-13,6.41,28.48,24.31,85.71,26.06,34.426384812082006
1987-07-14,8.11,28.92,23.96,87.21,26.02,36.13078150275543
1987-07-15,14.34,29.1,23.62,89.34,25.95,37.25689062584649
1987-07-16,4.91,27.91,23.89,89.98,25.4,33.46021586449022
1987-07-17,0.78,29.72,23.15,83.84,26.13,37.86620510924529
1987-07-18,1.92,30.26,23.83,84.59,26.3,39.907286591822306
1987-07-19,5.01,28.69,23.93,87.84,25.97,35.52827914249261
1987-07-20,6.44,28.81,24.33,89.01,26.07,36.18768650985222
1987-07-21,5.45,27.36,23.38,91.57,25.21,31.989339732586295
1987-07-22,1.82,29.53,23.14,85.08,26.18,37.586856988749346
1987-07-23,13.02,31.38,24.44,76.88,27.14,41.00734180780147
1987-07-24,6.81,32.11,22.8,73.95,27.16,42.25217669674841
1987-07-25,2.96,29.21,23.77,85.29,26.04,36.60280526986391
1987-07-26,9.23,27.13,23.37,90.51,25.21,31.167217189374078
1987-07-27,1.0,29.85,22.75,85.89,25.85,38.89380985908155
1987-07-28,0.27,28.94,23.11,86.05,25.6,35.92410594477849
1987-07-29,10.82,28.07,23.21,86.77,25.68,33.3982649045815
1987-07-30,1.95,30.28,23.53,77.81,26.97,37.883621464131274
1987-07-31,0.83,29.38,23.5,82.42,26.19,36.41674563017201
1987-08-01,0.87,31.85,22.65,76.56,26.93,42.431831604071895
1987-08-02,3.99,32.74,22.3,75.17,27.42,44.881964527139125
1987-08-03,2.38,31.12,23.27,77.78,27.42,40.488575075721414
1987-08-04,3.82,30.8,23.79,81.01,26.96,40.55733519047177
1987-08-05,1.05,31.06,24.25,80.6,27.27,41.29360965250732
1987-08-06,0.93,31.13,23.74,80.97,27.17,41.66906230291434
1987-08-07,0.74,30.97,24.44,80.93,27.21,41.10518920429004
1987-08-08,3.15,31.09,23.8,77.06,27.24,40.14228001616012
1987-08-09,12.76,30.0,23.68,77.35,26.85,36.92914878443056
1987-08-10,4.34,29.71,23.89,79.6,26.42,36.68396834892298
1987-08-11,5.55,31.95,23.82,76.94,27.43,42.92062836869698
1987-08-12,3.27,32.45,23.89,76.52,27.7,44.468402415645585
1987-08-13,9.81,31.63,24.52,79.81,27.24,42.96755151900548
1987-08-14,17.89,29.48,24.04,86.31,25.99,37.75507162365064
1987-08-15,11.36,28.04,23.52,88.19,25.46,33.55514464962011
1987-08-16,13.51,28.91,23.4,85.7,25.42,35.74845658188586
1987-08-17,14.78,28.22,23.51,88.04,25.78,34.08175364077692
1987-08-18,24.71,28.78,25.66,84.55,26.94,35.09106634786787
1987-08-19,26.3,28.68,24.18,87.99,25.87,35.528923096711964
1987-08-20,7.58,28.86,23.73,87.88,25.99,36.091082568641504
1987-08-21,3.09,26.62,23.5,92.47,24.85,29.870284060413773
1987-08-22,33.61,27.12,23.75,89.2,25.21,30.98970736683451
1987-08-23,10.24,30.61,23.4,82.97,26.42,40.58141225021052
1987-08-24,9.27,32.94,23.1,77.21,27.57,46.54587796319884
1987-08-25,1.72,31.66,22.74,77.22,27.07,42.05492190135452
1987-08-26,0.87,30.77,23.5,81.87,26.8,40.75301710362712
1987-08-27,12.53,29.76,23.82,85.82,26.14,38.564889863143044
1987-08-28,27.1,29.07,23.54,89.2,25.97,37.117678622626876
1987-08-29,53.84,28.99,24.0,89.36,26.06,36.88228762808299
1987-08-30,32.58,29.37,23.85,87.13,26.12,37.60518607712524
1987-08-31,6.1,29.98,23.97,86.16,26.23,39.426983453672456
1987-09-01,37.92,28.94,23.6,87.05,25.79,36.15819673110613
1987-09-02,12.24,28.71,23.0,87.72,25.55,35.5663813752041
1987-09-03,1.83,27.83,23.61,90.56,25.41,33.30508677729947
1987-09-04,1.24,28.42,22.98,89.17,25.49,34.936673541205906
1987-09-05,8.82,27.0,23.63,91.7,25.31,30.91522265725789
1987-09-06,19.77,27.44,23.73,91.56,25.48,32.235374865582536
1987-09-07,37.26,26.83,23.54,93.38,24.96,30.57500334685258
1987-09-08,36.71,26.3,23.49,93.92,24.69,29.041844108433654
1987-09-09,20.95,28.48,23.93,91.56,25.68,35.6376090266972
1987-09-10,0.42,29.47,23.45,87.09,25.92,37.93444669569081
1987-09-11,10.95,29.18,23.29,84.85,26.1,36.398384378126735
1987-09-12,16.62,29.02,23.27,89.24,25.82,36.955623087586105
1987-09-13,5.86,30.1,23.34,88.03,26.16,40.45077863388687
1987-09-14,0.61,29.96,23.67,89.06,26.18,40.26532007531851
1987-09-15,6.01,27.79,24.04,91.95,25.57,33.405621377857365
1987-09-16,4.8,29.85,23.59,84.74,26.12,38.553963249797505
1987-09-17,7.7,29.47,23.16,86.35,26.07,37.73234801113277
1987-09-18,4.0,28.81,23.8,86.97,25.99,35.720243735482704
1987-09-19,4.25,29.29,23.8,87.3,26.22,37.37968228211875
1987-09-20,1.61,28.42,23.98,88.02,26.05,34.70367122924641
1987-09-21,0.45,30.39,23.64,83.46,26.55,39.98839097121603
1987-09-22,9.72,30.34,23.09,83.07,26.38,39.69179088392164
1987-09-23,0.87,31.36,23.12,81.52,26.73,42.68477275706165
1987-09-24,0.04,29.86,24.36,84.14,26.68,38.41194996997454
1987-09-25,0.13,30.27,24.62,85.81,26.75,40.33975615127823
1987-09-26,10.38,31.02,23.54,84.11,27.12,42.44835998323436
1987-09-27,7.8,31.42,23.07,79.96,26.9,42.293104404563024
1987-09-28,4.34,31.0,23.62,83.7,26.79,42.22171030936451
1987-09-29,10.1,30.3,23.26,83.95,26.52,39.83889529305771
1987-09-30,1.32,30.04,23.81,85.09,26.33,39.30503609041472
1987-10-01,0.94,29.68,24.52,83.78,26.4,37.71963735433337
1987-10-02,0.56,30.14,23.23,81.72,26.37,38.61078668939582
1987-10-03,28.14,29.64,23.64,86.32,26.3,38.2994896610622
1987-10-04,16.57,29.31,23.47,89.36,26.05,37.997401133983374
1987-10-05,7.77,27.1,23.7,88.25,24.97,30.828153721395765
1987-10-06,0.31,31.54,21.98,79.3,26.73,42.45315328662702
1987-10-07,0.64,31.3,23.5,80.18,26.88,41.96182629365697
1987-10-08,0.56,31.41,21.82,80.2,25.95,42.35061669547471
1987-10-09,1.13,31.7,21.06,81.21,25.96,43.785364163548884
1987-10-10,0.04,30.05,22.69,79.74,26.22,37.746163364941545
1987-10-11,7.88,30.09,23.3,85.78,26.23,39.693872525211184
1987-10-12,1.96,30.97,23.31,83.09,26.84,41.88776098377869
1987-10-13,5.91,31.7,22.27,82.01,26.58,44.11690637096032
1987-10-14,2.5,30.77,24.0,83.89,26.83,41.4641215850666
1987-10-15,1.15,30.31,23.01,82.33,26.45,39.35541428135954
1987-10-16,0.12,30.53,23.63,84.49,26.69,40.8205781530709
1987-10-17,0.1,29.85,23.85,86.06,26.22,38.94450549528223
1987-10-18,0.23,29.95,23.24,82.11,26.04,38.11548411153928
1987-10-19,0.32,31.56,22.19,79.2,26.61,42.48324536468817
1987-10-20,7.61,31.53,22.41,80.64,26.41,42.944155346512716
1987-10-21,0.64,31.66,22.88,78.94,26.93,42.726694728727175
1987-10-22,0.3,30.36,22.49,80.01,25.98,38.79275287509938
1987-10-23,46.25,27.62,22.71,88.09,24.92,32.285415343926864
1987-10-24,29.92,26.25,23.33,92.61,24.55,28.824910579824873
1987-10-25,7.78,27.23,22.81,89.34,24.96,31.320515785184845
1987-10-26,5.31,29.64,22.47,83.81,26.07,37.598578496108516
1987-10-27,2.83,26.61,23.74,87.82,25.12,29.47668106693781
1987-10-28,3.83,30.09,22.44,84.51,25.86,39.297061931729196
1987-10-29,4.22,29.44,23.6,86.96,25.93,37.79677828216491
1987-10-30,6.94,30.62,22.88,84.02,26.19,40.97716313543417
1987-10-31,0.44,30.29,23.17,82.34,26.02,39.29222892445552
1987-11-01,0.1,30.86,22.09,80.95,25.97,40.73888690603312
1987-11-02,0.43,30.67,21.34,82.28,25.3,40.55218360912655
1987-11-03,0.3,30.87,21.51,82.22,25.44,41.22074475252297
1987-11-04,0.14,31.43,21.6,81.78,25.68,43.03754170154886
1987-11-05,0.05,31.03,21.95,80.71,25.65,41.23095950088331
1987-11-06,0.18,30.73,20.85,80.34,25.55,40.09585809846384
1987-11-07,0.01,31.0,21.54,79.59,25.85,40.731451497525946
1987-11-08,0.0,31.17,21.06,77.77,25.66,40.646757612526365
1987-11-09,0.01,31.35,20.62,79.11,25.64,41.7309968506978
1987-11-10,0.11,31.83,21.31,77.82,26.18,42.865788497135625
1987-11-11,0.08,31.29,20.42,78.88,25.66,41.44342313023336
1987-11-12,0.03,31.86,20.99,80.11,26.18,43.90851050958092
1987-11-13,0.06,31.73,23.01,81.2,26.98,43.890529034358664
1987-11-14,0.6,30.07,23.12,81.44,26.14,38.3028402395302
1987-11-15,1.31,30.87,22.67,81.61,25.9,41.00450922536189
1987-11-16,2.18,30.49,22.94,84.01,25.97,40.51689001073668
1987-11-17,1.58,27.72,23.77,92.51,25.37,33.268661619385114
1987-11-18,0.48,28.93,23.07,88.57,25.57,36.48644018862856
1987-11-19,2.63,31.07,22.9,85.3,26.19,43.088643697005324
1987-11-20,0.81,30.52,23.32,78.0,26.49,38.6699193530034
1987-11-21,5.17,28.56,23.28,82.93,25.26,34.109784190781156
1987-11-22,1.92,30.25,22.49,82.97,25.78,39.35716128817771
1987-11-23,3.74,30.46,22.39,84.02,25.99,40.415530980925645
1987-11-24,0.16,31.44,20.92,80.01,25.85,42.38178355657857
1987-11-25,2.03,30.52,19.65,81.55,24.96,39.802115661224136
1987-11-26,8.7,29.12,23.36,83.86,25.98,35.971678566180195
1987-11-27,0.93,29.21,22.76,84.9,25.44,36.505866633612776
1987-11-28,0.95,28.91,22.88,87.22,25.32,36.10058705183023
1987-11-29,0.29,30.23,21.25,83.14,25.39,39.34355324465433
1987-11-30,0.01,30.59,21.65,83.2,25.55,40.59055752189664
1987-12-01,2.52,30.26,23.0,83.61,25.88,39.593346852533465
1987-12-02,0.87,27.25,20.57,79.14,23.58,30.210383992073325
1987-12-03,0.58,28.22,20.38,81.27,23.78,32.8709845161048
1987-12-04,4.43,28.84,21.63,84.87,24.79,35.343928968779075
1987-12-05,5.45,28.6,22.49,86.12,25.06,34.87570762093873
1987-12-06,0.24,29.71,20.13,78.59,24.05,36.42052799923605
1987-12-07,0.17,27.65,18.86,77.54,22.38,30.920311046604482
1987-12-08,0.22,27.76,19.99,82.1,23.36,31.803918822095778
1987-12-09,1.94,30.18,20.84,80.74,24.95,38.44430115563342
1987-12-10,0.86,30.42,21.69,83.15,25.21,39.989455351133635
1987-12-11,0.09,30.91,21.52,82.24,25.52,41.36713176298747
1987-12-12,0.01,29.73,20.57,77.49,24.64,36.19462179912881
1987-12-13,0.07,29.1,19.79,78.4,23.53,34.66710072986842
1987-12-14,0.42,28.71,19.54,78.6,22.99,33.670565150784675
1987-12-15,0.03,28.33,17.98,74.22,22.64,31.972318524088752
1987-12-16,0.01,29.28,18.81,75.75,24.07,34.5615868246337
1987-12-17,4.59,29.56,21.94,79.99,25.06,36.34227499039032
1987-12-18,1.15,27.72,22.24,84.2,24.57,32.00147857310074
1987-12-19,0.43,29.86,21.94,81.78,25.14,37.73551336088739
1987-12-20,0.13,31.32,21.07,80.61,25.52,42.1939297162939
1987-12-21,0.2,30.31,21.74,79.87,25.13,38.591886864754116
1987-12-22,0.23,28.73,22.01,78.82,24.37,33.766052005690554
1987-12-23,3.17,30.44,21.75,79.14,25.44,38.775460912631914
1987-12-24,1.41,31.01,21.96,81.76,25.29,41.542037909638495
1987-12-25,1.19,28.85,21.91,82.78,25.01,34.91613348900504
1987-12-26,0.12,29.61,21.66,82.17,25.09,37.06048383694039
1987-12-27,0.02,30.6,19.99,78.4,24.92,39.043710437872534
1987-12-28,0.25,30.5,20.49,77.84,25.1,38.55903904438498
1987-12-29,0.08,30.76,21.39,80.1,25.38,40.113819834989556
1987-12-30,0.17,29.97,22.58,82.0,25.7,38.14755628416144
1987-12-31,0.91,29.68,22.16,82.86,25.24,37.46633261855102
1988-01-01,6.87,28.65,21.95,84.24,24.61,34.63607948848945
1988-01-02,1.73,29.23,21.54,82.69,24.51,36.02690810445185
1988-01-03,0.04,29.06,20.26,77.95,24.11,34.46204317256028
1988-01-04,0.02,30.55,20.3,76.19,24.76,38.20453253016312
1988-01-05,0.01,30.13,21.4,75.36,25.25,36.75583908977033
1988-01-06,0.06,30.51,20.7,75.83,24.89,37.978077794119386
1988-01-07,1.46,30.81,20.89,81.1,25.1,40.62213049802696
1988-01-08,0.22,31.63,21.24,78.24,25.86,42.34902552115775
1988-01-09,0.92,31.38,21.38,76.72,25.86,40.94919937160551
1988-01-10,0.38,30.84,21.44,79.61,25.36,40.210423864918354
1988-01-11,1.08,30.61,21.84,78.42,25.32,39.0813598315909
1988-01-12,0.71,30.47,20.98,80.33,24.95,39.24471816769495
1988-01-13,0.12,30.53,22.16,80.47,25.54,39.48381673974464
1988-01-14,0.0,30.96,20.52,75.38,25.08,39.17575445069973
1988-01-15,0.0,31.32,20.07,74.81,25.0,40.0810742568664
1988-01-16,1.31,31.77,18.87,76.44,24.79,42.118675032596485
1988-01-17,2.69,29.08,23.33,81.0,25.67,35.18924513993878
1988-01-18,0.59,29.9,23.43,81.33,25.72,37.73409881203984
1988-01-19,0.15,31.34,22.59,78.97,26.26,41.64491696165677
1988-01-20,0.03,31.42,21.15,73.68,25.73,39.992803785106105
1988-01-21,0.01,31.99,20.29,74.5,26.03,42.081361102570135
1988-01-22,0.0,32.62,23.18,78.17,27.25,45.82006473242862
1988-01-23,0.56,32.3,23.22,77.96,26.91,44.56778132413617
1988-01-24,0.51,31.01,22.69,75.16,25.9,39.25454000716635
1988-01-25,2.19,32.04,22.21,78.35,26.05,43.813045393425135
1988-01-26,1.57,29.73,23.25,82.08,26.08,37.410462117646226
1988-01-27,0.07,32.49,23.05,76.1,26.85,44.4241642949761
1988-01-28,0.17,33.09,21.45,73.32,26.44,45.25030328037024
1988-01-29,0.41,33.12,20.74,73.39,26.07,45.38615140114518
1988-01-30,0.11,32.55,19.56,73.05,25.33,43.316043515395414
1988-01-31,0.0,32.68,18.37,69.04,25.1,42.07315862665116
1988-02-01,0.0,32.51,18.91,69.74,25.16,41.83558637392657
1988-02-02,0.0,31.78,20.79,73.6,25.5,41.07042289476048
1988-02-03,0.04,32.35,20.5,72.53,25.76,42.45385620165858
1988-02-04,0.18,31.99,21.63,72.13,25.94,41.16953967252904
1988-02-05,0.28,32.36,20.96,74.29,25.96,43.208832662019674
1988-02-06,0.97,32.16,21.11,71.83,26.01,41.57939985327245
1988-02-07,1.21,32.33,21.28,74.41,26.17,43.15919033953347
1988-02-08,0.3,31.99,22.04,74.45,26.24,42.06176279597748
1988-02-09,0.05,32.03,22.23,73.08,26.4,41.656543641137745
1988-02-10,0.06,33.68,22.92,70.27,27.23,45.823195351367595
1988-02-11,0.52,33.21,22.78,70.81,27.05,44.50774762851022
1988-02-12,0.7,33.65,23.81,70.58,27.47,45.87081276401713
1988-02-13,3.3,34.19,22.64,70.95,27.46,47.930548192188475
1988-02-14,7.72,33.99,21.63,73.54,26.95,48.56950263616763
1988-02-15,1.57,33.49,21.53,72.7,26.41,46.34486330808266
1988-02-16,3.14,32.28,22.79,73.66,26.33,42.68657578281822
1988-02-17,6.22,30.97,22.14,76.92,25.59,39.71686143595676
1988-02-18,1.54,29.78,22.17,78.88,25.18,36.7001751149423
1988-02-19,1.13,30.8,21.86,74.33,25.17,38.366478827641714
1988-02-20,2.21,30.2,21.43,76.76,25.27,37.3446708741074
1988-02-21,0.39,31.4,22.85,75.66,25.79,40.63073705016096
1988-02-22,0.32,29.99,22.67,75.19,25.58,36.32218115029965
1988-02-23,0.24,31.78,21.93,74.4,26.1,41.37012102495576
1988-02-24,0.3,32.72,21.87,73.3,26.31,43.98622727172426
1988-02-25,0.34,33.25,20.92,70.33,26.63,44.422383091289696
1988-02-26,4.45,32.64,22.1,74.1,26.12,44.065529750247464
1988-02-27,0.14,33.6,21.89,70.89,26.82,45.850070234687394
1988-02-28,0.02,33.76,21.27,69.52,26.64,45.73140230000982
1988-02-29,0.01,34.8,19.47,66.95,26.15,47.94264774460165
1988-03-01,0.0,34.53,20.8,66.77,26.62,46.93771933321297
1988-03-02,0.0,34.81,21.3,67.67,27.21,48.363035906885266
1988-03-03,0.19,35.05,21.28,64.68,27.27,47.57732539190974
1988-03-04,0.02,34.68,20.71,64.49,27.11,46.272735260705815
1988-03-05,0.0,34.54,22.66,64.64,27.8,45.89934452199413
1988-03-06,0.0,35.34,22.49,65.0,28.27,48.72362460427269
1988-03-07,0.13,35.33,23.09,63.65,28.16,47.952427292966924
1988-03-08,4.18,34.78,22.77,67.36,27.59,48.09293879631055
1988-03-09,0.6,34.04,22.64,69.08,27.12,46.45742146174334
1988-03-10,0.04,34.67,22.08,66.38,27.54,47.2042258438798
1988-03-11,0.0,36.29,21.2,64.5,28.06,51.74893890017627
1988-03-12,0.0,36.62,22.68,62.72,28.94,51.817775823981215
1988-03-13,0.01,36.99,23.32,63.19,29.48,53.44538470651928
1988-03-14,0.0,37.46,23.36,62.18,29.15,54.490701506173004
1988-03-15,0.0,37.84,22.59,61.42,29.03,55.36700641632516
1988-03-16,0.14,36.23,21.79,62.41,28.15,50.27536897781296
1988-03-17,0.15,36.68,21.89,62.86,28.37,52.11780935493017
1988-03-18,0.0,36.79,22.85,60.81,28.57,51.22567258459416
1988-03-19,0.02,37.2,21.27,59.87,28.51,52.04633037395104
1988-03-20,0.0,37.77,22.57,59.23,28.76,53.6135165172063
1988-03-21,0.0,37.2,20.65,56.48,27.86,49.95843034777458
1988-03-22,0.76,36.72,20.32,59.84,28.15,50.399646703629614
1988-03-23,0.12,36.24,21.68,60.28,27.98,49.07135167055741
1988-03-24,0.17,35.3,20.78,62.97,27.41,47.49008825864218
1988-03-25,0.01,36.23,20.86,58.25,28.0,47.90361640772589
1988-03-26,0.0,35.99,21.8,56.71,28.2,46.35189578480989
1988-03-27,0.0,36.2,22.25,52.69,28.45,44.92970187856853
1988-03-28,0.0,36.2,21.87,57.06,28.4,47.16677173772341
1988-03-29,0.0,36.4,21.53,56.63,28.5,47.54373356748293
1988-03-30,0.0,36.77,23.01,57.35,29.42,49.0980764354209
1988-03-31,0.0,37.04,23.86,56.35,29.66,49.37280394781278
1988-04-01,0.0,38.62,23.89,53.78,30.41,52.86260381305694
1988-04-02,0.0,38.24,24.9,56.94,30.47,53.70735230267384
1988-04-03,0.92,35.56,24.96,62.8,29.29,48.24894481741354
1988-04-04,12.54,32.56,24.67,71.24,27.85,42.595581080172536
1988-04-05,10.32,35.3,23.63,70.4,28.16,51.6971865401024
1988-04-06,1.62,33.19,24.14,72.97,27.81,45.43203690144958
1988-04-07,8.2,33.49,23.35,72.56,27.46,46.276894525465416
1988-04-08,0.64,30.6,24.32,75.55,26.77,38.15745760515685
1988-04-09,4.47,32.46,23.52,70.47,26.89,41.972428724110245
1988-04-10,0.8,33.77,23.14,66.34,27.2,44.27518167724773
1988-04-11,0.42,35.27,22.56,63.64,27.97,47.749341174927906
1988-04-12,10.49,34.91,22.82,71.46,27.85,50.84896587373081
1988-04-13,3.96,32.23,24.16,75.1,27.58,43.111882789050064
1988-04-14,0.92,32.26,23.01,72.53,27.26,42.167495357833815
1988-04-15,0.37,34.26,22.62,68.25,27.95,46.784569422485774
1988-04-16,1.25,35.37,23.87,67.27,28.87,50.11084683099502
1988-04-17,0.19,35.8,23.27,67.16,28.78,51.60239436847485
1988-04-18,0.0,32.46,24.48,71.56,28.13,42.4103203945842
1988-04-19,0.42,36.9,23.17,64.25,29.64,53.81263243359898
1988-04-20,0.16,35.53,25.57,68.53,29.61,51.43507432747631
1988-04-21,0.81,35.96,25.11,65.28,29.66,51.04452516378246
1988-04-22,0.1,37.73,23.95,58.57,29.88,53.03538365544635
1988-04-23,0.0,35.49,23.31,60.83,28.82,46.968217418984565
1988-04-24,0.06,35.98,24.35,63.83,29.41,50.25277821682809
1988-04-25,2.62,33.6,25.37,69.28,28.63,45.087561763924704
1988-04-26,0.5,32.86,25.17,70.18,28.4,43.102307801720166
1988-04-27,0.33,36.67,24.32,63.37,29.67,52.40427211546297
1988-04-28,0.05,37.89,24.42,60.54,30.23,54.93670469777508
1988-04-29,0.0,37.42,24.41,60.91,30.22,53.4926826112294
1988-04-30,0.2,37.23,24.65,59.39,30.32,51.84524856889826
1988-05-01,0.43,36.86,25.04,61.93,30.02,52.167613120705724
1988-05-02,4.28,38.38,25.71,62.08,30.57,57.89031223257833
1988-05-03,0.05,36.01,23.58,62.11,28.93,49.356737742594596
1988-05-04,0.01,35.43,22.25,62.28,28.64,47.543754719293105
1988-05-05,0.64,36.24,25.12,62.75,30.14,50.51153286707735
1988-05-06,0.08,38.43,24.96,56.75,31.04,54.23450362740594
1988-05-07,0.21,37.13,24.86,62.07,29.93,53.21821042977025
1988-05-08,0.94,33.53,26.08,69.41,29.1,44.91840135886615
1988-05-09,0.11,33.23,25.81,71.2,28.93,44.75098756068323
1988-05-10,2.6,34.81,25.73,67.42,29.8,48.22839389661341
1988-05-11,4.63,36.29,25.7,67.71,30.12,53.78486487917414
1988-05-12,4.32,34.25,25.71,72.09,29.15,48.750884116662526
1988-05-13,6.98,35.09,24.77,70.14,28.94,50.75478388601094
1988-05-14,1.19,34.02,24.83,70.75,28.92,47.2283929774835
1988-05-15,3.08,36.21,25.15,67.4,29.88,53.28004207986422
1988-05-16,0.26,32.94,26.16,72.02,29.07,44.156760241078615
1988-05-17,2.19,36.73,24.63,66.33,29.69,54.55713314746944
1988-05-18,2.13,36.51,24.95,65.97,29.8,53.48653611686806
1988-05-19,0.54,35.02,24.7,64.86,29.6,47.57321723282226
1988-05-20,1.76,31.06,25.37,73.74,27.92,38.93889109165148
1988-05-21,12.21,32.54,25.34,73.55,28.63,43.494559503992996
1988-05-22,3.11,32.08,25.14,80.21,27.9,44.75139399131364
1988-05-23,1.17,34.06,25.33,74.01,28.84,49.08096063582431
1988-05-24,1.6,32.95,24.94,74.73,28.47,45.41521141425664
1988-05-25,3.94,31.32,25.43,80.92,27.55,42.312129182084064
1988-05-26,13.51,30.69,24.95,86.44,27.06,42.090981804998016
1988-05-27,27.1,30.12,24.79,87.77,26.84,40.43949930458527
1988-05-28,16.75,29.44,24.57,87.4,26.61,37.916716190720706
1988-05-29,32.86,29.62,24.61,88.79,26.84,38.94114921452245
1988-05-30,51.29,28.73,24.67,93.63,26.33,36.99726598001958
1988-05-31,34.53,28.46,24.38,93.09,26.16,35.89839403558951
1988-06-01,34.12,28.16,24.69,92.46,26.21,34.726599595447226
1988-06-02,101.44,27.61,25.01,93.6,26.15,33.078391991800494
1988-06-03,16.05,27.54,23.54,93.29,25.49,32.80147059227068
1988-06-04,5.81,28.6,23.11,81.86,25.4,34.01177667271128
1988-06-05,15.04,29.5,22.69,85.23,25.56,37.52882197533442
1988-06-06,4.77,27.78,23.23,90.39,25.37,33.12030753275722
1988-06-07,5.69,29.97,23.34,85.13,26.59,39.07710021470681
1988-06-08,2.57,32.33,23.75,79.87,27.51,45.524663153776565
1988-06-09,4.89,31.26,23.4,83.75,27.09,43.19318924738926
1988-06-10,10.66,28.9,24.49,89.83,26.25,36.687557677994704
1988-06-11,3.48,28.33,24.16,89.48,25.97,34.7075230102254
1988-06-12,9.41,30.01,24.04,87.32,26.32,39.895606852877435
1988-06-13,11.17,29.86,23.44,84.92,26.44,38.64052325160711
1988-06-14,3.8,29.74,24.25,85.16,26.72,38.306562988902066
1988-06-15,7.41,29.61,23.45,87.73,25.85,38.59859989256566
1988-06-16,6.73,29.23,23.14,87.4,25.76,37.2035045384399
1988-06-17,3.15,29.45,23.52,89.49,25.95,38.53195894656855
1988-06-18,3.75,30.64,23.07,85.06,26.63,41.412503683011636
1988-06-19,1.66,30.63,22.84,82.7,26.79,40.55832801315645
1988-06-20,2.05,31.0,24.08,79.35,27.4,40.64716658910774
1988-06-21,3.77,30.84,24.65,83.07,27.16,41.419249260054826
1988-06-22,3.97,30.25,24.02,85.85,26.59,40.28165355789049
1988-06-23,14.74,29.07,23.98,87.51,26.21,36.69630302499528
1988-06-24,11.24,28.26,23.62,90.58,25.65,34.695814391179574
1988-06-25,14.53,28.91,23.1,86.95,25.78,36.03751294105987
1988-06-26,1.79,28.97,23.06,86.8,25.78,36.19646445969915
1988-06-27,7.31,30.03,22.7,83.51,26.47,38.78965735017661
1988-06-28,4.01,30.61,23.97,82.95,26.92,40.574598883856005
1988-06-29,0.44,29.53,23.8,86.68,26.28,38.02584902125865
1988-06-30,7.27,32.17,22.96,78.66,27.25,44.40681783793972
1988-07-01,14.8,31.06,24.57,82.07,27.21,41.83067012351067
1988-07-02,14.68,30.0,23.95,87.57,26.24,39.93853347739945
1988-07-03,3.27,28.44,23.52,89.12,25.79,34.991303016725105
1988-07-04,0.75,31.67,22.85,81.61,26.92,43.840708236029954
1988-07-05,1.95,32.5,24.0,79.85,27.77,46.151511566642576
1988-07-06,1.49,30.68,24.54,84.16,26.92,41.23892317457569
1988-07-07,0.2,30.27,24.3,85.61,26.86,40.274089414099635
1988-07-08,0.5,29.71,24.34,86.77,26.55,38.669488842913466
1988-07-09,5.21,28.0,23.47,89.55,25.6,33.66881820159953
1988-07-10,16.78,29.0,22.85,83.97,25.5,35.62973247090959
1988-07-11,9.36,29.97,22.25,80.49,26.12,37.71383056657088
1988-07-12,14.26,29.65,23.17,84.75,26.29,37.89119284184569
1988-07-13,15.85,29.26,24.05,87.78,26.09,37.40365548717463
1988-07-14,8.4,31.02,23.45,81.93,26.82,41.63893311733188
1988-07-15,8.05,32.65,23.16,79.52,27.58,46.562838780023576
1988-07-16,28.92,30.89,24.73,81.32,27.55,40.97060807912718
1988-07-17,15.57,30.0,24.62,86.02,27.07,39.453695205735514
1988-07-18,59.53,26.6,24.68,93.94,25.63,29.929520007399997
1988-07-19,29.3,27.85,24.18,93.08,25.92,33.792911539515
1988-07-20,20.45,29.19,23.64,87.53,26.2,37.10236665575498
1988-07-21,4.32,31.83,24.46,78.79,27.57,43.257849063669305
1988-07-22,2.19,31.85,23.46,79.98,27.33,43.81838578325737
1988-07-23,19.16,29.88,23.38,86.34,26.63,39.13265347571067
1988-07-24,12.88,30.24,23.97,85.82,26.72,40.23627076066122
1988-07-25,4.58,30.09,22.66,85.95,26.46,39.74751793914081
1988-07-26,17.36,28.59,24.11,88.26,25.98,35.29647871567757
1988-07-27,21.53,28.86,23.55,88.89,25.91,36.32740594020381
1988-07-28,40.75,28.56,23.59,91.47,26.0,35.8938033090817
1988-07-29,54.55,28.43,24.6,93.3,26.1,35.83732209816049
1988-07-30,37.36,27.64,24.93,92.81,25.95,33.05493046528514
1988-07-31,26.01,28.2,24.52,92.88,25.76,34.94549406430187
1988-08-01,30.97,27.78,24.25,93.03,25.62,33.55099776194623
1988-08-02,7.8,27.96,24.16,92.22,25.79,34.009850905527486
1988-08-03,0.26,29.59,23.0,84.34,26.43,37.58161418751044
1988-08-04,1.61,30.97,24.27,83.83,26.75,42.16145895579526
1988-08-05,24.58,28.63,23.36,87.95,25.62,35.35879565136226
1988-08-06,15.03,28.45,23.21,90.48,25.33,35.3065692868756
1988-08-07,11.53,28.59,23.3,90.53,25.65,35.78936104171482
1988-08-08,33.7,28.35,23.49,90.77,25.5,35.03216980994557
1988-08-09,29.09,27.71,23.11,92.04,25.15,33.16127524868055
1988-08-10,2.32,28.97,23.79,88.32,26.06,36.56041721154238
1988-08-11,0.17,29.89,24.44,84.44,26.83,38.59986955203424
1988-08-12,0.0,30.72,23.55,81.23,26.98,40.363669154390855
1988-08-13,0.0,28.78,23.33,88.27,26.15,35.91787765491353
1988-08-14,1.43,28.5,23.77,87.92,25.91,34.93672601059315
1988-08-15,20.6,29.15,23.75,88.35,26.02,37.17632986802332
1988-08-16,17.27,28.51,23.73,89.16,25.67,35.22762132849932
1988-08-17,2.23,27.26,23.49,89.89,24.75,31.47449979957463
1988-08-18,0.27,29.5,23.07,84.98,25.96,37.461495307564896
1988-08-19,3.79,31.63,23.61,82.84,27.06,44.20221484818612
1988-08-20,2.35,31.53,23.17,81.49,27.06,43.28288069479467
1988-08-21,1.93,30.96,23.19,84.55,26.96,42.393736693382905
1988-08-22,4.75,29.94,24.31,85.8,26.7,39.17741345583686
1988-08-23,5.85,29.25,24.32,85.38,26.58,36.75396332466778
1988-08-24,8.57,30.69,23.4,84.42,26.47,41.36636535641615
1988-08-25,4.52,28.25,22.97,88.88,25.37,34.33452150577024
1988-08-26,10.34,26.74,22.91,91.39,24.45,30.12547351265426
1988-08-27,2.76,29.35,22.59,86.38,25.56,37.339175328127595
1988-08-28,2.69,28.56,23.42,89.85,25.41,35.53999579564712
1988-08-29,0.49,28.22,23.21,84.81,25.69,33.49042521378
1988-08-30,0.03,30.18,24.11,79.52,26.87,38.08199780205649
1988-08-31,0.18,29.41,24.14,86.47,26.51,37.563378579484635
1988-09-01,0.03,29.59,24.1,87.35,26.53,38.420227432780194
1988-09-02,0.88,29.27,24.21,87.75,26.27,37.42981936814226
1988-09-03,1.4,27.02,23.84,90.33,25.3,30.82744918327193
1988-09-04,0.12,28.56,23.09,88.98,25.26,35.3529614488148
1988-09-05,0.36,28.52,23.04,88.32,25.48,35.083742894257234
1988-09-06,3.16,30.75,23.2,84.67,26.52,41.67169445415523
1988-09-07,6.96,30.77,23.27,84.67,26.5,41.74417994657188
1988-09-08,3.96,30.91,23.03,83.73,26.62,41.90788806858048
1988-09-09,5.51,28.51,23.37,88.24,25.93,35.03498043131925
1988-09-10,4.5,29.9,23.84,85.63,26.44,38.98801608050072
1988-09-11,3.46,30.28,24.2,86.35,26.72,40.554007577945754
1988-09-12,16.58,30.07,23.16,83.22,26.48,38.834818304520894
1988-09-13,5.94,31.6,24.02,77.85,27.23,42.09654739191623
1988-09-14,7.28,30.45,23.88,87.02,26.54,41.40364734379418
1988-09-15,2.5,30.2,22.94,84.33,26.28,39.617115019596845
1988-09-16,5.54,30.66,24.1,84.53,26.84,41.29765528808029
1988-09-17,8.48,31.25,23.48,82.83,27.07,42.797339348999095
1988-09-18,7.98,28.04,24.09,89.4,25.76,33.76797550158369
1988-09-19,33.71,30.67,23.04,83.99,26.45,41.14372357342384
1988-09-20,41.55,27.55,23.74,93.64,25.63,32.886384369531584
1988-09-21,14.47,27.53,24.46,94.6,25.6,32.96354942307135
1988-09-22,2.13,27.48,23.98,93.46,25.48,32.63070834221903
1988-09-23,13.33,28.33,23.89,90.32,25.92,34.87502462485534
1988-09-24,2.31,30.01,24.05,85.87,26.6,39.44218741860614
1988-09-25,2.9,29.14,23.71,86.4,26.3,36.65234708533396
1988-09-26,7.87,27.85,23.77,88.99,25.38,33.110169720697314
1988-09-27,22.0,28.02,22.82,91.16,25.08,34.01801535894467
1988-09-28,11.96,27.48,23.62,94.9,25.14,32.83988661140856
1988-09-29,4.46,28.18,23.02,91.47,25.35,34.603334120564845
1988-09-30,3.91,28.28,23.9,91.64,25.68,34.97241863065812
1988-10-01,11.61,29.5,22.99,83.15,25.9,36.97574022267886
1988-10-02,11.35,29.0,23.13,89.66,25.67,36.99101006794779
1988-10-03,2.58,30.53,24.16,85.19,26.71,41.06122677479724
1988-10-04,9.9,29.35,24.23,88.08,26.29,37.791600873410715
1988-10-05,14.23,29.22,24.46,89.86,26.35,37.81290846888518
1988-10-06,3.61,29.52,24.57,88.81,26.6,38.589544842003754
1988-10-07,6.97,29.65,24.45,89.88,26.62,39.37213540005424
1988-10-08,5.22,27.71,24.45,91.84,25.93,33.1295869644149
1988-10-09,30.34,29.57,23.86,89.88,25.76,39.07862384604554
1988-10-10,7.96,26.73,23.67,92.16,24.74,30.164495373863936
1988-10-11,3.16,30.33,22.44,82.74,25.95,39.55238052984391
1988-10-12,5.73,29.66,22.57,86.11,25.56,38.307865073556044
1988-10-13,13.45,27.76,23.97,89.83,25.58,32.96896550596164
1988-10-14,6.31,30.27,23.44,86.25,25.99,40.48485734941289
1988-10-15,1.79,29.7,23.12,88.22,25.82,39.05988993918728
1988-10-16,1.14,31.34,23.12,83.92,26.56,43.55836364172665
1988-10-17,1.36,29.94,23.02,84.22,26.23,38.70207030248772
1988-10-18,9.82,31.59,23.01,80.96,26.82,43.28601132143929
1988-10-19,7.44,29.12,24.0,84.24,25.96,36.06238934477928
1988-10-20,14.83,28.86,23.56,87.24,25.54,35.942947203009886
1988-10-21,40.41,27.62,23.52,91.49,25.28,32.78885033046022
1988-10-22,11.31,28.77,22.94,89.37,25.59,36.13656962150589
1988-10-23,4.68,30.19,22.77,87.37,25.98,40.56462533302182
1988-10-24,11.06,30.32,23.07,85.25,26.49,40.332769914959144
1988-10-25,35.42,27.86,24.89,92.56,25.99,33.737366738090984
1988-10-26,23.13,28.1,23.83,91.7,25.65,34.38043619601418
1988-10-27,9.29,28.73,23.24,92.36,25.36,36.69505689035206
1988-10-28,25.46,28.33,23.15,87.82,25.55,34.38170612406452
1988-10-29,8.03,29.76,23.81,87.02,26.01,38.91690402607317
1988-10-30,1.15,29.46,23.14,83.63,25.63,36.97520891166492
1988-10-31,0.25,30.25,21.92,82.09,25.48,39.08209779887821
1988-11-01,0.02,30.42,22.03,79.69,25.79,38.8835279193136
1988-11-02,1.58,29.81,22.23,81.0,25.23,37.36250675637001
1988-11-03,4.03,30.15,22.29,81.85,25.42,38.68234941720125
1988-11-04,7.95,29.81,22.01,83.4,25.03,38.03455503095549
1988-11-05,2.33,30.0,22.77,83.81,25.55,38.779985905106095
1988-11-06,0.12,29.96,22.42,81.61,25.4,38.00293183840742
1988-11-07,7.23,29.02,22.4,83.1,25.17,35.49059855408802
1988-11-08,12.03,27.57,23.77,89.71,25.56,32.37165223977712
1988-11-09,7.5,27.06,24.1,92.03,25.48,31.130965293177084
1988-11-10,0.37,28.57,22.99,86.11,25.33,34.78138158286972
1988-11-11,0.92,29.11,22.32,85.22,25.15,36.26682516807451
1988-11-12,14.37,29.15,22.31,87.13,25.28,36.86743857965257
1988-11-13,1.4,30.12,21.24,84.19,25.49,39.29998611818823
1988-11-14,1.93,28.3,21.9,83.12,24.5,33.41293306997281
1988-11-15,0.21,29.59,21.86,82.86,25.06,37.18193354974694
1988-11-16,0.11,30.47,21.01,83.2,25.29,40.17693828657634
1988-11-17,0.02,31.21,22.1,80.71,26.19,41.84946629578073
1988-11-18,0.53,30.7,22.15,82.53,25.66,40.741065181514415
1988-11-19,0.17,28.39,20.44,80.56,24.0,33.19614327548555
1988-11-20,0.04,29.12,19.73,81.02,23.53,35.30894378076049
1988-11-21,0.05,29.59,19.85,81.93,24.03,36.935053112604265
1988-11-22,0.03,30.22,20.58,80.45,24.77,38.48379256343652
1988-11-23,0.17,29.61,19.69,81.21,24.32,36.80689944447927
1988-11-24,0.02,28.84,20.68,80.12,24.05,34.324408416666415
1988-11-25,0.12,29.24,20.56,80.65,24.06,35.569918441490394
1988-11-26,0.01,29.4,19.89,79.58,24.05,35.77558853513186
1988-11-27,0.08,28.86,19.44,79.16,23.48,34.180432756026406
1988-11-28,0.17,27.12,18.27,79.76,21.86,29.984097638329427
1988-11-29,0.1,25.94,16.95,78.43,20.45,27.496019292172562
1988-11-30,0.04,26.96,15.99,78.19,20.9,29.48760841837994
1988-12-01,0.06,27.77,16.33,77.31,21.8,31.161907526647635
1988-12-02,0.09,27.84,17.29,79.79,21.83,31.672364412284885
1988-12-03,0.12,27.98,18.67,81.49,22.6,32.27920146566356
1988-12-04,0.04,28.53,18.89,80.37,23.26,33.53364114921974
1988-12-05,0.01,28.45,19.08,78.17,22.98,32.924066329273316
1988-12-06,0.0,26.47,17.24,79.16,20.95,28.551795833189423
1988-12-07,0.0,27.2,15.8,78.99,20.82,30.08318731677491
1988-12-08,0.0,27.35,15.23,74.69,21.09,29.94564729160898
1988-12-09,0.0,26.62,15.52,77.02,20.39,28.706663133776097
1988-12-10,0.05,26.66,17.2,76.02,21.33,28.712910522304178
1988-12-11,0.02,25.95,17.61,76.46,20.83,27.44642963876599
1988-12-12,0.01,26.23,16.14,76.66,20.5,27.95173651071342
1988-12-13,0.0,25.64,13.56,71.38,19.21,26.82259122011829
1988-12-14,0.0,26.34,12.22,76.81,18.77,28.16160552227514
1988-12-15,0.0,26.54,14.22,78.98,19.69,28.681825165188293
1988-12-16,0.11,27.46,16.66,78.86,21.09,30.65294023659649
1988-12-17,0.09,25.15,18.35,76.11,20.6,26.149901197744256
1988-12-18,0.02,26.29,17.81,78.17,20.99,28.140473846932025
1988-12-19,0.03,28.62,17.57,79.77,22.37,33.65959216467351
1988-12-20,0.06,29.5,19.47,80.94,23.93,36.40571591731534
1988-12-21,0.0,29.07,19.62,80.07,23.38,34.952468355954224
1988-12-22,0.0,27.6,19.27,80.81,22.38,31.2270898766293
1988-12-23,0.03,27.77,19.55,78.9,23.39,31.37865102423843
1988-12-24,0.94,28.68,21.41,80.44,24.88,33.95184905859018
1988-12-25,3.33,27.61,22.47,88.53,24.35,32.31996434505017
1988-12-26,0.72,27.24,21.2,82.25,23.51,30.527145878553288
1988-12-27,0.93,27.21,20.33,80.22,23.13,30.235482172903417
1988-12-28,1.68,29.47,20.92,84.11,24.29,37.132896094987046
1988-12-29,0.76,27.68,21.48,87.48,23.77,32.37028338439642
1988-12-30,0.29,28.77,20.59,83.07,23.87,34.744339858374836
1988-12-31,0.31,28.66,20.85,82.31,24.17,34.27040236811551
1989-01-01,0.05,30.28,20.87,81.9,24.69,39.12143617208239
1989-01-02,0.02,30.31,21.02,79.02,24.73,38.33446176981249
1989-01-03,0.02,30.0,19.95,79.33,24.19,37.477670803310474
1989-01-04,0.01,28.78,19.66,78.17,23.01,33.76885864846736
1989-01-05,0.01,28.72,18.92,78.11,22.59,33.601377283265585
1989-01-06,0.01,29.71,17.88,77.55,23.41,36.15345593691694
1989-01-07,0.02,30.69,20.63,78.88,25.02,39.48232202321618
1989-01-08,0.01,31.55,20.66,78.63,25.5,42.22785768162454
1989-01-09,0.0,31.95,20.7,77.77,25.54,43.25846796598645
1989-01-10,1.32,31.43,19.33,79.0,25.16,41.96098593564838
1989-01-11,0.15,31.48,21.99,79.88,25.84,42.47057115873791
1989-01-12,0.01,30.71,19.72,77.58,24.41,39.12410269117576
1989-01-13,0.0,29.2,18.52,77.25,22.89,34.682875311226226
1989-01-14,0.0,29.6,17.01,76.28,22.9,35.533126270423885
1989-01-15,0.06,29.49,17.91,76.73,22.83,35.342958875899996
1989-01-16,0.08,29.94,19.03,77.08,23.43,36.68378492360288
1989-01-17,0.12,29.48,19.39,74.99,23.47,34.90925198666361
1989-01-18,3.72,30.68,20.91,78.98,24.86,39.483087389961284
1989-01-19,0.86,30.37,21.96,79.44,25.49,38.64875287237438
1989-01-20,10.28,30.89,21.48,79.03,25.71,40.17594581361876
1989-01-21,0.93,31.11,21.52,78.92,25.5,40.858757600418734
1989-01-22,5.92,29.32,19.73,83.73,24.38,36.56048466421404
1989-01-23,2.91,31.27,22.77,81.72,25.57,42.44159992111852
1989-01-24,0.19,29.49,20.33,75.06,23.93,34.951444431788495
1989-01-25,0.0,29.62,18.85,71.89,23.52,34.55302822988296
1989-01-26,0.0,30.32,17.41,72.06,23.17,36.37654871472534
1989-01-27,0.0,29.87,16.83,70.36,22.57,34.808076345876636
1989-01-28,0.02,25.13,17.81,72.57,20.9,26.13564115843709
1989-01-29,0.02,27.2,17.97,72.73,21.45,29.45538621379588
1989-01-30,0.1,26.02,18.58,75.8,21.61,27.543181314527494
1989-01-31,0.25,29.43,20.16,75.9,23.78,34.98806151246731
1989-02-01,0.14,29.22,21.08,76.87,24.36,34.651959421011554
1989-02-02,0.03,30.35,20.64,72.22,24.43,36.49939107725234
1989-02-03,0.09,28.59,20.21,70.39,23.24,31.91599933408067
1989-02-04,0.29,28.33,18.62,72.31,22.8,31.67104786740632
1989-02-05,0.04,29.92,19.38,70.92,23.52,35.06386339982255
1989-02-06,0.0,31.0,18.68,69.8,24.1,37.538484362364535
1989-02-07,0.0,30.27,18.71,70.2,23.92,35.75636821070897
1989-02-08,0.0,29.48,19.09,73.98,23.52,34.67836321754645
1989-02-09,0.0,29.62,19.54,75.59,23.35,35.41993657285225
1989-02-10,0.0,29.76,18.62,72.22,23.26,34.97643359486906
1989-02-11,0.05,29.57,19.28,72.33,23.55,34.529898341366156
1989-02-12,0.01,29.39,20.15,70.31,23.75,33.66306866290081
1989-02-13,0.08,30.96,18.5,72.99,24.15,38.40893250795538
1989-02-14,1.74,30.99,19.85,74.2,24.61,38.88182513614307
1989-02-15,1.59,29.49,20.19,74.65,24.03,34.856905095357085
1989-02-16,3.82,31.81,20.49,73.57,25.25,41.15285518369951
1989-02-17,0.1,32.19,20.72,75.9,25.49,43.30845055945204
1989-02-18,0.0,32.26,20.9,73.4,25.9,42.516352838277584
1989-02-19,0.0,32.67,19.24,69.26,24.85,42.13143934587018
1989-02-20,0.13,30.48,18.15,71.3,23.92,36.590953808591756
1989-02-21,0.02,31.2,18.59,69.0,23.75,37.82964182305798
1989-02-22,0.13,29.79,17.02,69.63,22.45,34.447341124088474
1989-02-23,0.5,31.07,18.91,70.95,24.18,38.08023322284893
1989-02-24,0.46,32.82,20.87,71.95,25.84,43.731083673745815
1989-02-25,1.0,31.48,21.23,76.6,25.53,41.228725988701726
1989-02-26,0.81,31.84,22.6,72.89,26.14,40.99234561370621
1989-02-27,4.78,31.17,22.23,73.04,25.79,39.03243303544994
1989-02-28,14.05,32.34,21.65,79.01,25.83,45.175627701717694
1989-03-01,4.14,32.21,22.05,79.3,26.16,44.82960345825917
1989-03-02,0.89,33.45,21.93,74.07,26.81,46.87413344910519
1989-03-03,0.22,33.26,21.63,74.28,26.46,46.29762570248343
1989-03-04,0.11,30.87,23.09,78.68,25.79,39.99238761209759
1989-03-05,2.63,31.91,21.47,72.55,25.65,41.08126717897474
1989-03-06,0.67,31.52,19.59,68.19,24.73,38.43398099266904
1989-03-07,0.24,30.1,19.49,65.91,23.98,34.3064975246462
1989-03-08,0.08,29.37,18.6,63.15,22.84,32.22714454648074
1989-03-09,0.02,27.86,17.77,62.06,21.73,29.466222349530174
1989-03-10,0.01,28.45,15.56,63.33,21.28,30.581815762691715
1989-03-11,0.02,32.05,16.68,66.78,23.97,39.40413414705565
1989-03-12,0.41,32.92,19.65,70.6,25.67,43.47256152820651
1989-03-13,0.87,32.8,21.48,75.11,26.08,45.06414809608859
1989-03-14,3.31,30.8,23.12,78.15,26.26,39.59178797852538
1989-03-15,24.11,30.43,23.51,81.84,26.08,39.59735512071218
1989-03-16,0.76,31.91,22.67,76.56,26.45,42.63283349825611
1989-03-17,0.01,30.85,21.93,73.57,25.73,38.27476041927206
1989-03-18,0.68,32.95,19.77,72.95,25.93,44.60443410966114
1989-03-19,1.03,29.19,22.88,78.49,25.39,34.932257497613904
1989-03-20,10.48,30.88,21.96,74.76,25.81,38.736501409761196
1989-03-21,9.31,30.07,21.75,78.13,25.09,37.349838151165244
1989-03-22,9.06,29.91,20.44,72.9,24.65,35.52317951896108
1989-03-23,2.13,30.48,20.68,77.6,24.91,38.42433868353155
1989-03-24,0.76,31.53,22.38,74.75,26.05,40.71163404878624
1989-03-25,0.07,32.16,21.72,73.15,26.04,42.095637075367414
1989-03-26,0.0,32.31,19.96,71.53,25.52,41.928025096215165
1989-03-27,0.02,32.41,21.26,72.53,26.21,42.64592681907479
1989-03-28,0.4,32.3,22.41,73.52,26.51,42.694596795472414
1989-03-29,2.29,32.3,22.44,72.26,26.18,42.186505885009005
1989-03-30,14.79,32.45,21.52,76.69,26.19,44.542939308073464
1989-03-31,2.64,31.32,22.69,77.43,26.49,41.01231652689974
1989-04-01,0.1,30.97,23.14,75.69,26.63,39.307818064787824
1989-04-02,2.04,30.81,23.27,77.54,26.32,39.42242795058625
1989-04-03,3.28,33.03,22.36,72.77,26.94,44.79378338921717
1989-04-04,1.65,31.73,22.72,70.67,26.74,39.85982933670718
1989-04-05,0.0,34.01,22.2,69.43,27.61,46.529731792070685
1989-04-06,0.0,33.89,22.99,71.51,27.79,47.1582467715481
1989-04-07,0.0,34.92,23.16,68.95,28.13,49.45429536170803
1989-04-08,1.02,34.89,22.06,66.45,27.87,47.982398693880015
1989-04-09,1.04,32.4,24.28,69.3,27.77,41.33144697544372
1989-04-10,2.62,30.66,23.52,73.48,26.61,37.70693722283
1989-04-11,0.41,33.48,21.96,69.83,26.82,44.94874644515252
1989-04-12,0.19,35.0,20.89,66.0,27.15,48.11453561111123
1989-04-13,0.43,35.96,20.74,66.39,27.88,51.717910273937825
1989-04-14,0.15,36.01,23.19,64.77,28.68,50.915965692991975
1989-04-15,0.02,36.51,23.5,65.81,29.01,53.382733701253706
1989-04-16,0.38,36.28,23.74,64.59,28.91,51.768668385404965
1989-04-17,0.04,37.08,22.59,60.7,29.12,52.15802841761932
1989-04-18,0.04,36.9,21.77,60.27,28.88,51.26870172392596
1989-04-19,0.01,37.32,21.87,58.36,28.92,51.50209210164682
1989-04-20,0.0,36.54,22.66,62.95,28.9,51.67861447732034
1989-04-21,0.0,35.35,23.49,65.81,28.65,49.20941327637413
1989-04-22,0.0,34.57,23.59,64.13,28.25,45.74334854620161
1989-04-23,0.0,35.36,23.54,65.26,28.83,48.93620185597141
1989-04-24,0.01,35.13,24.0,63.4,28.97,47.165377752751496
1989-04-25,0.08,35.31,25.23,65.67,29.11,48.993032424434
1989-04-26,0.58,34.26,24.64,70.53,28.26,47.95873070474329
1989-04-27,4.13,32.92,24.3,72.98,27.8,44.516614772532336
1989-04-28,0.82,32.07,24.05,74.64,27.56,42.39674806945771
1989-04-29,0.51,33.28,24.07,72.67,27.58,45.601353970290624
1989-04-30,1.57,34.83,24.27,69.07,28.74,49.198826688780905
1989-05-01,0.71,33.91,25.09,73.16,28.36,48.07651765847855
1989-05-02,3.44,31.69,25.18,73.65,28.0,40.80918153984102
1989-05-03,8.46,33.12,24.75,73.95,28.02,45.64740134469303
1989-05-04,31.73,30.92,23.76,83.39,26.19,41.81922770966625
1989-05-05,6.42,27.88,22.95,85.49,24.71,32.636943833547875
1989-05-06,0.35,31.07,23.18,77.4,26.61,40.19599508227607
1989-05-07,0.07,32.05,23.59,73.48,27.16,41.87499931696734
1989-05-08,0.59,34.15,24.01,69.45,28.49,47.017911063700744
1989-05-09,2.62,31.37,24.86,75.68,27.63,40.543263858744936
1989-05-10,0.85,34.83,23.22,68.1,28.67,48.66594056603952
1989-05-11,0.61,35.47,23.67,66.47,29.17,50.00493240239463
1989-05-12,1.57,35.09,24.77,67.11,29.25,49.03103236137497
1989-05-13,1.48,36.52,24.36,64.14,29.6,52.35154394534595
1989-05-14,10.11,35.97,24.23,67.83,29.09,52.647548121430845
1989-05-15,3.68,35.12,24.21,69.01,28.79,50.211128992397796
1989-05-16,6.21,36.58,23.91,68.32,29.28,55.31795142147158
1989-05-17,30.13,32.4,23.95,76.17,27.71,44.14205419163214
1989-05-18,41.47,28.62,25.36,84.49,27.14,34.59857001766319
1989-05-19,4.99,28.8,24.95,89.54,26.46,36.27727723945852
1989-05-20,8.19,29.19,24.01,87.57,26.28,37.11258608886005
1989-05-21,2.04,32.17,23.01,77.0,26.99,43.69964104981339
1989-05-22,0.2,33.06,22.87,74.03,27.29,45.47536149900262
1989-05-23,0.14,29.62,23.49,79.54,26.45,36.40345703863006
1989-05-24,6.85,30.44,24.09,81.35,27.04,39.47284359657026
1989-05-25,1.83,32.65,23.59,74.42,27.36,44.23915947045294
1989-05-26,10.0,31.44,23.12,75.08,26.96,40.54877149131207
1989-05-27,10.79,31.41,22.65,78.13,26.5,41.566385756225316
1989-05-28,1.4,32.63,22.46,74.62,27.43,44.25859071569173
1989-05-29,0.26,33.06,22.97,75.57,27.79,46.19980810221314
1989-05-30,5.81,32.45,24.66,79.53,28.01,45.816733938723445
1989-05-31,3.26,30.98,24.57,81.46,27.45,41.329448312739665
1989-06-01,5.36,32.64,24.42,77.88,27.76,45.75951866319372
1989-06-02,2.09,33.02,22.76,74.52,27.51,45.56339632631651
1989-06-03,3.07,32.57,23.77,74.63,27.67,44.05860758520507
1989-06-04,9.01,31.33,23.61,78.89,27.11,41.581459172767104
1989-06-05,3.39,32.1,23.3,78.7,27.41,44.17379394059188
1989-06-06,4.86,31.3,24.75,75.67,27.53,40.31986024744994
1989-06-07,14.06,31.36,24.46,82.83,26.96,43.19846307316667
1989-06-08,3.92,28.89,24.31,84.26,26.13,35.360674067642194
1989-06-09,6.24,28.65,23.92,85.74,25.64,34.94963283191865
1989-06-10,4.99,30.66,23.13,82.27,26.37,40.514582562407924
1989-06-11,1.43,31.79,22.96,78.24,27.04,42.8967927373035
1989-06-12,8.07,31.03,23.73,80.7,26.81,41.227361170004414
1989-06-13,0.31,32.14,24.0,75.05,27.62,42.79197040661846
1989-06-14,7.49,31.01,24.87,79.97,27.56,40.89902113515422
1989-06-15,0.66,31.16,24.74,83.11,27.04,42.578603690317195
1989-06-16,5.66,30.94,23.56,81.7,26.41,41.27754441960522
1989-06-17,10.64,28.8,23.5,84.52,25.79,35.14508079824439
1989-06-18,3.22,30.92,23.16,81.22,26.62,41.037690896124865
1989-06-19,2.35,30.4,23.98,81.78,26.67,39.478708279156365
1989-06-20,24.13,29.62,23.74,83.69,25.98,37.50133865140658
1989-06-21,13.83,27.72,23.7,89.42,25.16,32.78242944476423
1989-06-22,22.4,26.59,23.92,92.94,25.25,29.820262744147257
1989-06-23,19.8,28.56,23.7,88.31,25.72,35.210339718170346
1989-06-24,3.93,29.0,23.16,86.37,25.76,36.191267420690934
1989-06-25,4.06,28.62,22.76,86.3,25.36,34.97523614985664
1989-06-26,0.49,30.04,23.44,83.19,26.4,38.726543173221934
1989-06-27,1.34,32.03,22.8,80.29,27.05,44.602592799829374
1989-06-28,2.03,30.82,23.76,82.31,26.97,41.07912546380099
1989-06-29,17.39,27.6,24.49,91.23,25.75,32.68692716832314
1989-06-30,4.61,29.24,23.6,84.81,25.99,36.57884623064139
1989-07-01,1.65,30.62,23.95,83.55,26.72,40.81481986054674
1989-07-02,0.57,31.35,23.46,77.1,26.97,40.9900980057099
1989-07-03,4.62,30.76,23.06,81.76,26.45,40.6807773527364
1989-07-04,2.78,31.42,23.29,79.3,27.13,42.04084521251937
1989-07-05,1.08,30.72,24.05,81.46,26.94,40.44203803358616
1989-07-06,6.25,30.93,24.06,84.64,26.95,42.3171716514086
1989-07-07,5.6,30.56,23.68,85.85,26.9,41.399735940490785
1989-07-08,37.61,29.57,24.82,88.12,26.7,38.56979317382169
1989-07-09,11.83,27.66,23.61,88.06,25.8,32.39789423192882
1989-07-10,1.54,28.65,22.74,86.16,25.37,35.0385723843568
1989-07-11,4.22,31.11,22.42,78.78,26.51,40.80895975245347
1989-07-12,0.95,31.86,23.65,75.95,27.36,42.225015150312146
1989-07-13,1.4,32.61,23.58,79.13,27.71,46.228971671666926
1989-07-14,0.99,33.48,23.97,75.72,28.15,47.810591312365354
1989-07-15,40.54,30.64,25.52,85.62,27.26,41.611014955692646
1989-07-16,102.72,26.97,23.64,94.4,25.4,31.112891863900213
1989-07-17,30.78,28.61,23.84,90.56,26.02,35.86399458226515
1989-07-18,10.78,27.95,24.3,93.18,25.72,34.14729176031168
1989-07-19,8.45,28.55,23.58,90.42,25.59,35.62989719980047
1989-07-20,12.57,30.27,23.69,83.61,26.64,39.62733417264784
1989-07-21,16.12,27.4,23.88,91.27,25.3,32.07227465315667
1989-07-22,1.18,27.38,23.29,92.2,25.0,32.135624097216045
1989-07-23,0.04,29.28,22.59,85.39,25.74,36.85335998223619
1989-07-24,1.14,29.18,23.05,83.68,25.39,36.11334728524686
1989-07-25,6.16,29.53,23.18,84.33,25.93,37.38438315137748
1989-07-26,31.37,28.39,23.19,90.01,25.63,35.01007624065005
1989-07-27,27.14,28.01,23.83,93.14,25.47,34.34388483211721
1989-07-28,32.12,27.97,23.81,92.09,25.61,34.01991988339265
1989-07-29,79.3,27.41,24.16,93.49,25.54,32.40770145140183
1989-07-30,78.41,26.75,23.79,94.28,25.03,30.414861161173366
1989-07-31,43.89,27.52,23.27,93.19,25.2,32.72159046708609
1989-08-01,11.78,26.14,23.07,92.76,24.56,28.52639209470766
1989-08-02,24.58,27.14,22.99,90.95,24.78,31.24741989297402
1989-08-03,41.43,28.04,23.36,92.51,25.4,34.32979239865033
1989-08-04,21.44,28.33,22.96,91.73,25.45,35.16016186131041
1989-08-05,29.95,26.94,24.07,94.82,25.35,31.062639184522805
1989-08-06,31.77,26.93,24.1,95.0,25.35,31.04979305795486
1989-08-07,41.48,27.2,23.62,94.77,25.17,31.89442709026384
1989-08-08,17.65,28.44,23.05,91.47,25.13,35.48129380924617
1989-08-09,5.25,27.23,23.03,92.98,24.63,31.76655853181336
1989-08-10,5.73,27.87,22.56,91.83,24.86,33.645880362537454
1989-08-11,0.5,28.76,22.77,88.96,25.58,36.00904030719858
1989-08-12,7.68,28.55,23.78,88.68,25.95,35.256462360460844
1989-08-13,23.96,26.37,24.3,93.71,25.17,29.232570424973996
1989-08-14,23.05,29.44,24.12,89.09,26.14,38.38396757301822
1989-08-15,15.49,28.22,22.8,89.33,25.51,34.32488703036464
1989-08-16,8.85,27.83,23.95,91.86,25.67,33.5206529068372
1989-08-17,8.86,28.44,23.67,89.65,25.64,35.10054794022411
1989-08-18,30.88,28.03,23.06,92.6,25.47,34.31263884185307
1989-08-19,33.47,27.34,24.14,94.29,25.42,32.28946368633524
1989-08-20,20.85,27.17,23.85,92.96,25.33,31.576326590722903
1989-08-21,9.36,27.54,24.25,94.48,25.62,32.97910718772819
1989-08-22,17.96,27.64,23.95,93.98,25.48,33.23733959674868
1989-08-23,9.62,28.67,23.35,91.95,25.51,36.38620997738107
1989-08-24,0.78,29.02,22.59,88.03,25.5,36.65730053954539
1989-08-25,0.07,28.49,23.06,84.99,25.62,34.31327585575192
1989-08-26,0.77,28.36,23.16,88.79,25.29,34.66698973910284
1989-08-27,0.31,28.6,23.06,86.46,25.56,34.946839126808605
1989-08-28,2.54,28.1,22.81,90.09,25.05,34.082716702580484
1989-08-29,4.3,29.28,22.44,83.21,26.0,36.30670552678109
1989-08-30,4.77,30.43,24.04,84.44,26.77,40.45112334603962
1989-08-31,3.27,30.23,23.95,84.3,26.71,39.71063822203945
1989-09-01,17.69,28.01,23.08,90.67,25.38,33.898022382516245
1989-09-02,28.09,27.31,23.01,90.34,24.86,31.67838119549967
1989-09-03,11.21,27.51,22.65,90.71,24.65,32.3323623975397
1989-09-04,18.02,27.99,22.23,91.26,25.04,33.938078776274594
1989-09-05,7.86,28.78,23.14,91.19,25.55,36.595710874809896
1989-09-06,1.52,27.55,23.69,92.79,25.15,32.75982448553096
1989-09-07,2.03,29.05,23.12,88.43,25.65,36.856784477406855
1989-09-08,27.05,26.91,22.82,92.35,24.81,30.714427770151513
1989-09-09,93.45,27.02,24.41,94.75,25.32,31.310297461289387
1989-09-10,81.35,26.34,24.65,94.63,25.29,29.20215430155442
1989-09-11,56.39,26.92,23.64,94.01,25.08,30.91487523838894
1989-09-12,33.44,28.07,23.28,92.15,25.34,34.36403925673517
1989-09-13,28.8,26.84,23.8,95.31,25.15,30.79462995977265
1989-09-14,24.27,27.11,23.82,95.23,25.21,31.656753657658655
1989-09-15,17.4,26.72,22.77,93.47,24.59,30.250659194465854
1989-09-16,16.51,27.47,22.3,92.23,24.6,32.42303537388639
1989-09-17,21.49,26.77,22.81,92.85,24.52,30.344562079655606
1989-09-18,7.1,28.26,22.37,87.26,24.98,34.05867070796367
1989-09-19,0.01,30.2,22.02,80.4,25.96,38.405648697498414
1989-09-20,0.14,30.75,23.23,78.18,26.66,39.443710592847815
1989-09-21,6.34,29.92,21.94,81.12,25.81,37.73718918676544
1989-09-22,1.5,29.89,22.65,83.33,25.61,38.27512623729579
1989-09-23,2.09,29.88,21.82,83.64,25.7,38.332422455452985
1989-09-24,0.39,31.34,22.9,80.14,26.51,42.08483445669457
1989-09-25,7.48,31.59,22.75,81.4,26.73,43.46361228086001
1989-09-26,12.63,31.7,23.07,78.68,26.95,42.761906955026866
1989-09-27,9.88,29.6,22.97,83.55,26.03,37.39920004287726
1989-09-28,37.37,28.74,23.67,89.62,25.51,36.09283823871988
1989-09-29,9.0,27.37,23.01,91.4,24.86,31.99754459547522
1989-09-30,4.65,28.72,22.58,91.55,25.08,36.469614098264955
1989-10-01,2.47,28.12,22.82,90.8,25.25,34.278552519656294
1989-10-02,8.53,27.22,23.68,91.53,25.2,31.556400121887982
1989-10-03,8.1,30.72,22.07,82.23,26.23,40.706313707928565
1989-10-04,3.35,30.71,23.64,85.85,26.45,41.95117420329773
1989-10-05,1.04,29.8,22.03,86.92,25.72,39.0272317715024
1989-10-06,7.0,28.22,23.78,92.79,25.67,34.99665308675138
1989-10-07,4.27,28.49,23.33,92.05,25.33,35.77796259621818
1989-10-08,12.5,27.71,23.25,92.14,25.25,33.17714720835088
1989-10-09,13.51,26.72,23.92,93.91,25.05,30.289709835269704
1989-10-10,5.93,31.31,23.02,82.19,26.63,42.76593533793614
1989-10-11,15.46,28.3,24.59,88.6,26.01,34.438896030822896
1989-10-12,1.73,28.05,23.27,90.11,25.71,33.92628444926938
1989-10-13,0.04,30.69,22.14,81.93,25.97,40.50084003843173
1989-10-14,0.08,31.19,22.42,80.25,26.37,41.609980595897
1989-10-15,0.05,31.46,23.39,80.9,26.85,42.798307581645886
1989-10-16,0.84,31.19,22.73,81.69,26.5,42.14694614201604
1989-10-17,0.01,31.02,21.5,77.12,26.22,39.941495299257646
1989-10-18,0.32,30.84,21.35,78.28,26.05,39.7619508915653
1989-10-19,24.39,26.2,23.11,92.47,24.79,28.6783224707737
1989-10-20,18.6,27.98,23.56,91.74,25.29,33.990666957238645
1989-10-21,1.05,28.92,22.39,84.37,25.4,35.47676058655591
1989-10-22,4.76,30.05,21.88,83.84,25.52,38.95621758502908
1989-10-23,2.24,28.69,23.38,82.65,25.78,34.42522608907781
1989-10-24,0.58,30.77,22.61,81.42,26.16,40.597388340518805
1989-10-25,0.01,31.41,22.25,85.51,26.12,44.47315919922928
1989-10-26,0.0,30.38,20.24,78.75,25.12,38.468923438309986
1989-10-27,0.93,29.75,20.16,80.77,24.85,37.11588104843614
1989-10-28,0.44,29.41,22.06,84.79,25.12,37.118592945202955
1989-10-29,0.18,30.31,19.45,80.99,24.83,38.936097641644125
1989-10-30,0.01,30.22,21.88,76.16,25.46,37.23281682676809
1989-10-31,0.15,30.16,18.69,73.42,24.46,36.31533161161876
1989-11-01,0.01,29.93,21.14,80.3,24.49,37.536985955582445
1989-11-02,0.23,29.39,20.34,82.0,24.15,36.34189744777579
1989-11-03,0.14,29.76,21.05,79.8,24.92,36.885552194052224
1989-11-04,0.64,28.1,22.02,81.18,24.88,32.54121510098739
1989-11-05,1.56,28.26,22.51,83.19,24.69,33.31416759240483
1989-11-06,2.73,29.09,22.13,85.69,25.14,36.31686760672225
1989-11-07,0.03,30.71,21.29,81.2,25.22,40.31991145816076
1989-11-08,0.0,30.26,20.43,80.71,24.79,38.68963228980705
1989-11-09,0.06,30.49,19.53,80.51,24.64,39.366828676813704
1989-11-10,0.47,30.44,21.26,81.32,25.22,39.463223885095026
1989-11-11,0.74,30.28,21.47,84.19,25.05,39.847478882720374
1989-11-12,1.66,30.41,21.24,82.4,25.11,39.71144701387554
1989-11-13,0.08,30.18,19.79,78.51,24.76,37.787028861553786
1989-11-14,0.0,30.31,20.46,79.33,25.11,38.42796570003432
1989-11-15,0.07,29.98,21.41,77.92,24.87,37.0268601394048
1989-11-16,0.05,30.01,20.67,79.41,24.62,37.530468862966686
1989-11-17,0.0,29.03,19.42,76.18,23.63,34.010594451314965
1989-11-18,0.0,28.52,18.67,75.4,22.69,32.60794253188499
1989-11-19,0.0,27.4,18.25,75.8,21.89,30.16921812860231
1989-11-20,0.01,27.48,18.66,76.69,22.59,30.440749288954116
1989-11-21,16.24,30.8,20.54,80.05,24.96,40.22863655440339
1989-11-22,56.58,27.17,22.24,88.95,24.78,31.10306768967521
1989-11-23,7.2,27.46,21.97,88.85,24.2,31.925070946126993
1989-11-24,0.01,28.45,21.2,83.4,24.15,33.887590544817044
1989-11-25,0.02,30.49,20.61,80.94,24.95,39.505000580607394
1989-11-26,0.0,30.3,20.01,79.23,24.94,38.3667474560352
1989-11-27,0.01,29.7,19.32,79.17,24.3,36.54203729599709
1989-11-28,0.1,30.04,20.1,80.29,24.53,37.87330768583865
1989-11-29,0.02,27.67,18.7,77.65,22.57,30.979723606788394
1989-11-30,0.55,25.84,16.9,77.96,20.47,27.300770063699094
1989-12-01,0.43,25.62,15.87,78.12,19.67,26.91879633546076
1989-12-02,0.0,26.7,15.64,74.38,20.75,28.669719967549586
1989-12-03,0.0,27.01,16.22,77.2,21.43,29.501979494687387
1989-12-04,0.06,26.55,18.37,81.94,21.92,28.90429198408007
1989-12-05,0.13,26.08,17.36,82.0,21.41,27.903789968272424
1989-12-06,0.07,26.48,17.79,78.52,22.03,28.53143316697994
1989-12-07,0.03,26.49,17.65,78.86,21.91,28.573032003929093
1989-12-08,0.0,26.76,17.42,77.29,21.05,29.002433372245914
1989-12-09,0.01,25.89,16.49,77.56,20.23,27.377546484490292
1989-12-10,0.05,26.29,15.87,78.17,20.22,28.140473846932025
1989-12-11,0.02,26.89,15.73,78.99,20.45,29.41009051457008
1989-12-12,0.01,28.04,16.89,78.59,21.81,31.980801060426074
1989-12-13,0.03,28.98,18.29,76.64,23.15,33.97752520501916
1989-12-14,0.03,29.16,19.19,76.93,23.36,34.506754637565926
1989-12-15,0.05,28.68,19.52,77.2,23.04,33.32523262841525
1989-12-16,0.29,28.48,19.94,79.22,23.5,33.189235897297436
1989-12-17,0.07,28.75,19.73,79.14,23.47,33.882204819252365
1989-12-18,0.07,27.9,21.21,80.01,23.86,31.851910860625715
1989-12-19,0.21,27.03,20.52,82.72,23.44,30.071439458722303
1989-12-20,0.38,27.95,21.21,82.4,23.65,32.342812222896704
1989-12-21,0.83,28.69,20.08,84.39,23.6,34.7863901561207
1989-12-22,0.08,30.0,20.07,78.23,24.54,37.17088886166599
1989-12-23,0.03,30.39,19.53,77.98,24.7,38.26623699029981
1989-12-24,0.02,30.53,20.41,79.58,25.09,39.198288202416876
1989-12-25,0.01,30.43,20.84,81.4,25.08,39.455993281922176
1989-12-26,0.04,29.88,21.77,81.94,24.94,37.843936136244196
1989-12-27,0.06,29.72,21.25,79.68,24.56,36.73465767194003
1989-12-28,0.1,29.72,18.89,76.11,23.83,35.81801198475477
1989-12-29,0.02,28.77,19.75,80.56,23.67,34.22242478586737
1989-12-30,0.18,29.83,20.04,79.29,24.15,36.95722699266551
1989-12-31,0.39,29.22,19.87,77.68,23.98,34.83214488445637
1990-01-01,0.18,29.62,19.66,78.63,24.0,36.17156055716126
1990-01-02,0.01,29.61,20.41,78.36,24.14,36.07487041853322
1990-01-03,0.01,30.17,19.27,73.81,24.07,36.44652575475053
1990-01-04,0.01,28.98,18.48,72.57,23.26,33.16777772394702
1990-01-05,0.6,28.68,18.37,74.91,22.93,32.90051896366006
1990-01-06,0.4,29.54,18.58,76.35,23.49,35.38763238983577
1990-01-07,0.02,29.6,19.6,75.39,23.6,35.31855379134445
1990-01-08,0.04,30.31,19.09,75.88,24.13,37.41198188672139
1990-01-09,0.03,30.39,20.63,76.47,25.04,37.81612313373829
1990-01-10,0.02,30.89,20.82,77.81,25.53,39.76357981333388
1990-01-11,1.32,31.73,20.51,76.48,25.45,42.0018637398945
1990-01-12,1.18,31.63,19.64,73.3,25.06,40.49731446272696
1990-01-13,0.24,31.13,19.65,77.59,24.41,40.45420258896829
1990-01-14,0.68,30.93,19.37,79.26,24.3,40.38545672610382
1990-01-15,0.36,30.83,20.14,77.54,24.63,39.48499354809926
1990-01-16,0.01,30.54,19.99,76.75,24.49,38.345445150869345
1990-01-17,0.33,29.6,19.62,72.47,23.75,34.635816579914334
1990-01-18,0.22,29.24,18.75,72.84,23.2,33.83702504313766
1990-01-19,0.07,29.81,18.06,72.81,23.49,35.244170893494115
1990-01-20,0.02,29.23,17.77,71.43,22.75,33.52335029569446
1990-01-21,0.0,29.44,16.07,72.26,21.92,34.19663042209005
1990-01-22,0.07,30.44,16.76,74.96,23.26,37.51890767633666
1990-01-23,0.24,30.79,20.08,75.76,24.68,38.78653824616586
1990-01-24,0.15,28.2,20.36,73.18,23.28,31.524633305570767
1990-01-25,0.36,28.57,19.75,72.81,23.37,32.27720054159592
1990-01-26,0.32,28.51,20.03,77.79,24.05,33.00681933620313
1990-01-27,0.27,30.18,21.26,75.58,25.12,36.95680439668068
1990-01-28,0.51,30.84,21.55,78.41,25.34,39.80539012198292
1990-01-29,0.01,32.36,21.2,73.38,26.4,42.83244101231692
1990-01-30,0.0,32.93,21.94,74.75,26.52,45.35434869997269
1990-01-31,0.02,32.89,20.46,71.33,25.94,43.69089865506582
1990-02-01,0.48,31.91,21.4,74.32,25.87,41.753922509565385
1990-02-02,0.74,32.43,19.98,76.14,25.62,44.233052353240346
1990-02-03,0.24,32.46,21.17,75.11,25.95,43.89165304839117
1990-02-04,0.04,32.24,21.34,72.8,26.24,42.21151416793131
1990-02-05,0.05,33.04,19.59,69.69,25.83,43.46319260781805
1990-02-06,0.13,31.61,19.22,70.68,24.48,39.51574194218787
1990-02-07,0.06,31.11,19.82,70.03,24.42,37.90486703747022
1990-02-08,0.02,31.02,18.97,69.9,23.72,37.62219770573914
1990-02-09,0.15,31.48,18.83,71.55,24.3,39.43717201218044
1990-02-10,0.02,31.16,19.25,68.18,24.29,37.47377834723284
1990-02-11,0.0,31.53,17.96,65.51,24.15,37.61307632064719
1990-02-12,0.0,31.72,18.68,67.04,24.63,38.59707977498743
1990-02-13,0.0,31.88,18.85,69.82,24.94,39.99465447997089
1990-02-14,0.06,32.31,19.69,70.71,25.44,41.60630641905766
1990-02-15,0.0,32.43,20.7,68.25,25.67,41.01722730944328
1990-02-16,0.01,32.94,20.39,67.37,25.64,42.18026558163316
1990-02-17,0.09,32.61,19.65,68.63,25.49,41.69810646119213
1990-02-18,0.02,33.08,20.15,66.45,25.52,42.220793550506016
1990-02-19,0.02,32.84,19.56,67.98,25.56,42.1284398887698
1990-02-20,0.01,33.76,20.23,66.88,26.17,44.49085369766696
1990-02-21,0.05,33.82,19.95,65.24,26.41,43.93152202203951
1990-02-22,0.0,33.96,21.04,68.53,26.76,45.91902614730157
1990-02-23,0.09,33.9,21.56,69.33,26.84,46.10862824277457
1990-02-24,0.0,34.8,21.59,62.74,27.0,45.78023614373553
1990-02-25,0.04,34.2,20.44,66.43,26.69,45.68442424798534
1990-02-26,0.19,33.77,21.79,67.52,26.96,44.818530056790664
1990-02-27,0.11,34.94,20.77,64.1,26.95,46.91339965879045
1990-02-28,0.02,34.48,20.16,64.66,26.7,45.71818039691095
1990-03-01,0.0,34.24,21.98,65.83,27.07,45.52229682918178
1990-03-02,0.0,34.14,22.35,64.66,27.28,44.651339665271244
1990-03-03,0.0,34.66,21.67,63.82,27.31,45.874997305708405
1990-03-04,0.0,33.86,22.52,66.7,27.09,44.72414899076707
1990-03-05,0.0,32.32,22.53,67.75,26.14,40.510311498851266
1990-03-06,0.11,32.49,22.01,65.97,26.24,40.3326984793247
1990-03-07,0.5,33.84,21.31,64.61,26.55,43.70989070116638
1990-03-08,1.09,33.44,20.88,63.29,25.93,41.969797439447234
1990-03-09,0.12,32.84,20.97,59.7,25.86,39.007885524038116
1990-03-10,0.0,33.25,19.12,59.45,25.36,39.95795906706989
1990-03-11,0.0,34.08,18.65,61.38,25.79,42.99200074774781
1990-03-12,0.01,34.69,21.01,60.93,26.8,44.570839278653416
1990-03-13,0.04,34.28,20.51,59.15,26.45,42.59118188250822
1990-03-14,0.0,34.99,19.11,60.82,26.46,45.419178742777135
1990-03-15,0.08,35.77,20.84,61.2,27.44,48.0583525866904
1990-03-16,0.04,35.14,20.45,58.84,26.99,44.90460231805442
1990-03-17,0.01,34.3,19.04,58.7,26.29,42.4536191275331
1990-03-18,0.09,33.95,19.72,61.3,26.39,42.58653840986754
1990-03-19,0.14,34.46,21.03,62.98,26.91,44.84605623727594
1990-03-20,0.03,35.36,21.2,62.35,27.8,47.35529138403998
1990-03-21,0.25,35.64,22.87,63.17,28.42,48.71864707428251
1990-03-22,0.05,35.71,23.66,62.18,28.52,48.401422471896915
1990-03-23,0.01,36.43,21.18,60.14,28.03,49.614433061615145
1990-03-24,0.0,36.9,21.21,60.59,28.56,51.46683549531455
1990-03-25,0.0,36.18,22.5,62.56,28.4,50.193104037974564
1990-03-26,0.0,36.31,22.9,59.47,28.87,48.83805070538961
1990-03-27,0.62,36.44,23.33,57.44,28.65,48.111659090204185
1990-03-28,0.51,36.61,22.72,60.04,28.59,50.15219728337932
1990-03-29,0.38,34.99,23.18,63.72,28.01,46.87893708855347
1990-03-30,0.0,35.85,23.14,58.19,28.69,46.700052318641696
1990-03-31,0.0,35.75,23.65,60.85,28.92,47.80353864132092
1990-04-01,0.0,37.23,22.79,57.87,29.3,50.89803040849348
1990-04-02,0.0,37.33,23.66,58.86,29.64,51.850800282675685
1990-04-03,0.0,38.53,23.59,54.76,29.78,53.22025612822684
1990-04-04,0.09,37.04,23.23,57.16,29.4,49.84968444312138
1990-04-05,0.13,37.09,22.42,55.31,29.12,48.92579174120437
1990-04-06,0.06,36.47,22.93,56.25,28.94,47.55014957047271
1990-04-07,0.06,37.28,22.66,56.16,29.2,50.022930253198474
1990-04-08,0.1,37.47,23.3,58.83,29.42,52.309342918895915
1990-04-09,0.02,36.23,24.04,57.7,28.88,47.60340206430024
1990-04-10,0.02,37.1,22.43,57.95,29.21,50.51848435449628
1990-04-11,0.0,37.04,23.66,56.49,29.9,49.45470885014222
1990-04-12,0.19,37.57,24.49,59.59,30.14,53.15052028785117
1990-04-13,0.42,35.24,25.34,63.15,29.2,47.390623603775985
1990-04-14,0.12,37.7,24.81,54.98,30.23,50.64864739164065
1990-04-15,0.0,37.31,24.31,57.82,29.71,51.132158037568466
1990-04-16,0.0,37.03,23.05,59.21,29.21,51.05542405978795
1990-04-17,0.65,37.37,23.74,59.94,29.61,52.68035783791545
1990-04-18,0.2,37.3,24.79,58.75,30.24,51.679620372776945
1990-04-19,0.02,36.48,25.19,55.47,30.05,47.15879667303786
1990-04-20,0.0,38.18,24.99,51.11,30.51,49.78263775969266
1990-04-21,0.0,37.85,24.57,55.98,30.37,51.7616723259798
1990-04-22,0.0,37.69,25.61,59.38,30.57,53.43239863193085
1990-04-23,0.0,37.61,26.51,57.77,30.8,52.10507456091976
1990-04-24,0.0,39.4,25.6,52.17,31.34,54.33632147100449
1990-04-25,2.67,37.49,24.9,55.9,30.42,50.53906724433515
1990-04-26,0.22,36.76,24.58,58.62,29.57,49.806229141152144
1990-04-27,0.0,38.25,23.52,53.76,30.19,51.64640145973129
1990-04-28,0.0,38.2,22.51,53.57,29.95,51.36524807733477
1990-04-29,0.0,39.79,23.74,52.4,31.05,55.81314843228742
1990-04-30,0.32,39.11,23.97,54.46,30.86,54.97776960376965
1990-05-01,0.07,39.52,24.35,55.22,30.8,56.97026619609179
1990-05-02,0.45,38.85,24.89,55.09,30.86,54.53020934559166
1990-05-03,0.77,38.45,24.91,57.78,30.56,55.02213035252203
1990-05-04,4.23,33.28,24.83,70.47,27.94,44.584125018708384
1990-05-05,0.73,37.44,24.03,59.98,29.68,52.95106666390939
1990-05-06,0.02,38.06,24.62,57.46,30.64,53.43743826235447
1990-05-07,0.0,35.78,26.06,61.31,30.06,48.150936015669316
1990-05-08,8.47,36.46,25.14,61.33,30.14,50.416387089982344
1990-05-09,1.48,36.84,24.44,63.75,29.7,53.26387413575878
1990-05-10,0.12,35.82,24.4,61.81,29.7,48.55758291028311
1990-05-11,8.39,35.32,25.5,65.46,29.66,48.910469479847535
1990-05-12,0.52,34.48,24.61,67.09,29.07,46.93433080394632
1990-05-13,4.7,37.7,24.85,62.7,30.25,55.74404787424754
1990-05-14,3.46,33.44,24.87,72.12,28.81,45.891657150866806
1990-05-15,0.32,34.35,23.88,67.0,28.27,46.45626538827566
1990-05-16,0.55,35.93,23.57,62.98,28.99,49.586852872980636
1990-05-17,2.8,36.23,24.67,64.33,29.47,51.43022253120218
1990-05-18,0.46,36.42,23.17,65.13,29.42,52.61411305150397
1990-05-19,1.19,33.12,25.3,71.16,28.75,44.368670280794845
1990-05-20,6.02,31.48,25.36,78.03,27.66,41.762566324760286
1990-05-21,12.37,29.89,24.97,86.97,26.95,39.35901172213741
1990-05-22,13.36,30.57,24.89,83.35,27.13,40.572215448040915
1990-05-23,8.62,30.58,24.45,83.13,26.92,40.532165461837046
1990-05-24,5.12,29.79,24.51,83.4,26.6,37.969624346658385
1990-05-25,19.49,30.05,23.9,82.71,26.54,38.61553046596008
1990-05-26,16.43,29.65,23.99,80.63,26.6,36.775602524242224
1990-05-27,27.08,29.14,24.22,85.98,26.16,36.54849487946201
1990-05-28,17.62,29.38,23.98,84.36,26.06,36.910551204224056
1990-05-29,9.24,29.36,23.33,86.75,25.71,37.47031407858729
1990-05-30,12.6,28.03,23.43,84.05,25.59,32.82363185426859
1990-05-31,15.97,28.39,23.31,88.67,25.61,34.738909616091405
1990-06-01,54.93,29.41,24.02,87.2,26.22,37.75983762266088
1990-06-02,24.42,29.21,23.28,88.3,25.91,37.368468842960525
1990-06-03,11.1,29.72,23.58,87.31,26.23,38.86227728140639
1990-06-04,1.56,31.01,24.07,82.01,27.16,41.633184575165544
1990-06-05,2.02,30.03,24.72,80.11,26.98,37.79068378755069
1990-06-06,11.6,32.4,23.58,75.23,27.74,43.738982418355164
1990-06-07,3.65,30.15,24.01,83.02,26.87,39.03920544200973
1990-06-08,1.48,30.44,24.09,85.41,26.71,40.81355317880636
1990-06-09,0.5,30.43,24.58,83.86,26.9,40.25793279357615
1990-06-10,7.01,31.7,24.7,80.76,27.57,43.6005438371412
1990-06-11,4.64,31.21,24.62,81.34,27.63,42.08549982744453
1990-06-12,0.94,31.23,23.85,76.76,26.96,40.48260521364822
1990-06-13,0.7,31.76,23.13,78.75,26.88,42.99767469897695
1990-06-14,39.91,30.29,23.79,84.09,26.73,39.8496768370286
1990-06-15,33.28,27.55,24.45,91.89,25.67,32.627147388492496
1990-06-16,5.57,28.23,24.22,90.9,25.84,34.659232529978205
1990-06-17,2.05,28.05,24.37,90.65,25.84,34.023543969368546
1990-06-18,1.65,30.34,23.98,86.35,26.63,40.77095204467728
1990-06-19,4.73,31.91,23.42,80.55,26.75,44.274886709361155
1990-06-20,18.17,32.16,22.83,80.53,26.72,45.187410398444975
1990-06-21,60.22,27.67,23.78,92.17,25.39,33.0527305448467
1990-06-22,105.05,26.95,24.65,94.85,25.83,31.097657618953374
1990-06-23,90.76,27.97,24.37,93.82,25.87,34.33093601387934
1990-06-24,32.74,27.22,23.71,94.48,25.35,31.923069309690828
1990-06-25,24.2,29.37,23.54,89.78,25.89,38.325975093052975
1990-06-26,9.41,28.72,23.59,89.33,25.77,35.95958088421321
1990-06-27,98.27,25.92,23.99,94.8,24.9,27.989964808450946
1990-06-28,44.72,27.23,22.75,92.82,24.95,31.74657725683813
1990-06-29,9.67,26.79,22.76,94.65,24.83,30.57320657812933
1990-06-30,2.87,27.74,23.07,88.6,25.23,32.71611067301348
1990-07-01,6.64,28.63,23.33,84.61,25.78,34.653085003776816
1990-07-02,2.47,30.12,23.9,85.19,26.37,39.6126708164858
1990-07-03,23.84,27.81,23.6,91.21,25.02,33.34843252607616
1990-07-04,6.01,27.82,23.27,88.4,25.2,32.92430019764535
1990-07-05,22.37,30.25,23.42,85.64,26.43,40.21298524674127
1990-07-06,13.72,29.37,24.1,88.4,26.32,37.947479960502434
1990-07-07,17.49,27.62,23.47,90.52,25.44,32.64314952034248
1990-07-08,19.27,28.33,22.55,88.76,25.41,34.56535709619595
1990-07-09,5.68,28.09,23.61,91.41,25.53,34.29334115180094
1990-07-10,23.34,27.7,23.53,89.93,25.43,32.79997870790972
1990-07-11,24.44,28.14,23.31,90.35,25.32,34.2597415921301
1990-07-12,7.23,29.51,23.38,81.2,26.14,36.50191336586826
1990-07-13,1.4,29.01,24.32,82.73,26.55,35.37650002640757
1990-07-14,2.02,28.18,24.4,89.04,26.04,34.14332648680285
1990-07-15,6.01,30.18,23.64,81.12,26.73,38.5584915688199
1990-07-16,0.66,31.31,23.35,76.24,26.96,40.552869650044784
1990-07-17,18.0,29.38,23.46,86.58,25.83,37.49222574605393
1990-07-18,10.51,28.4,23.44,88.48,25.5,34.73267805542063
1990-07-19,17.67,28.2,23.87,85.98,25.68,33.642701170005644
1990-07-20,3.66,28.66,23.08,88.55,25.64,35.586916336434825
1990-07-21,1.59,30.09,22.49,84.88,26.03,39.41194852405337
1990-07-22,1.84,29.41,21.98,88.41,25.58,38.08973036254834
1990-07-23,11.34,28.74,23.92,90.03,25.84,36.186908845225624
1990-07-24,33.15,27.46,23.84,92.36,25.44,32.409720653625804
1990-07-25,37.24,26.33,23.72,95.04,25.13,29.1976164413461
1990-07-26,53.35,27.52,23.14,92.42,25.28,32.60917727949067
1990-07-27,46.6,28.06,23.06,91.88,25.32,34.280742944359076
1990-07-28,39.69,28.55,22.71,91.91,25.35,35.95625829237068
1990-07-29,34.12,27.86,23.59,92.2,25.51,33.67603542249807
1990-07-30,15.69,28.41,23.71,91.87,25.69,35.46282676415829
1990-07-31,18.24,28.62,23.36,91.01,25.85,35.99851024757732
1990-08-01,13.3,28.83,23.69,91.66,25.88,36.88466869271187
1990-08-02,9.99,28.33,24.1,92.42,25.83,35.301512093946045
1990-08-03,24.0,28.3,23.98,91.98,25.7,35.108739267093284
1990-08-04,4.93,29.44,23.55,87.12,26.16,37.840310166130784
1990-08-05,2.46,28.56,24.1,86.97,26.12,34.928793128804166
1990-08-06,1.02,29.45,24.41,88.33,26.36,38.207544317610726
1990-08-07,18.32,28.87,23.98,90.55,26.21,36.75743826296278
1990-08-08,0.4,29.05,24.93,88.2,26.55,36.79980708974924
1990-08-09,1.08,27.93,24.29,91.11,25.87,33.717158452944155
1990-08-10,2.72,29.23,24.01,88.08,26.38,37.37967798446079
1990-08-11,3.26,30.14,23.61,83.45,26.81,39.138348139881
1990-08-12,21.2,31.01,23.65,80.9,26.98,41.23100127062101
1990-08-13,12.02,29.18,24.28,83.88,26.4,36.16174291517635
1990-08-14,1.26,29.71,23.05,83.25,26.17,37.66945880192947
1990-08-15,4.04,31.28,22.11,83.47,26.51,43.15696801788549
1990-08-16,7.17,30.4,23.3,88.0,26.27,41.55807662179567
1990-08-17,40.47,27.35,24.23,93.28,25.38,32.18590239116905
1990-08-18,56.83,25.75,24.39,93.36,24.9,27.482639181795275
1990-08-19,30.88,28.12,24.23,90.9,25.94,34.29718112942521
1990-08-20,13.53,28.8,24.73,91.2,26.29,36.668272885011824
1990-08-21,8.04,28.92,24.6,90.83,26.24,37.00089969648397
1990-08-22,21.12,29.02,24.43,90.95,26.25,37.38526547261629
1990-08-23,52.24,27.19,24.1,93.59,25.49,31.71592362760642
1990-08-24,45.47,26.28,23.92,95.39,25.09,29.06853171357356
1990-08-25,25.32,27.28,23.5,93.03,25.19,31.9304019917385
1990-08-26,89.12,27.08,22.98,91.26,24.72,31.104738965431572
1990-08-27,52.2,27.83,23.52,92.58,25.34,33.6414838645434
1990-08-28,23.18,27.09,23.76,95.05,25.09,31.570346414465455
1990-08-29,24.47,27.54,23.31,92.46,25.16,32.6789770636174
1990-08-30,11.12,27.37,23.35,93.37,25.02,32.26220701616196
1990-08-31,45.25,27.45,23.1,93.21,25.03,32.49773221765392
1990-09-01,71.19,27.28,23.22,94.26,25.19,32.08977782882519
1990-09-02,14.89,26.73,23.36,93.12,24.81,30.249568203054668
1990-09-03,25.02,25.63,22.7,94.49,23.99,27.17611952998424
1990-09-04,5.39,28.3,22.62,90.9,25.25,34.891634051872735
1990-09-05,6.41,26.99,23.1,91.44,24.86,30.857933623212652
1990-09-06,19.2,27.14,23.27,92.19,24.98,31.39209296258851
1990-09-07,119.83,26.2,23.81,95.39,24.8,28.82931813013424
1990-09-08,41.23,26.8,23.27,93.94,24.7,30.53690503811758
1990-09-09,13.9,27.81,22.79,92.25,25.1,33.52042843178944
1990-09-10,1.74,27.86,23.09,90.22,25.21,33.343375170467894
1990-09-11,0.47,28.74,23.26,87.74,25.57,35.66780239774976
1990-09-12,4.9,30.16,23.07,87.56,25.99,40.51734874944328
1990-09-13,1.3,31.0,23.92,84.57,26.76,42.54852719560706
1990-09-14,16.16,29.93,22.33,85.9,25.87,39.17316544788585
1990-09-15,31.37,27.68,24.1,93.18,25.59,33.24413554593348
1990-09-16,3.18,28.93,23.26,89.85,25.62,36.79581588997248
1990-09-17,7.0,28.21,23.16,89.98,25.55,34.41653683300704
1990-09-18,2.73,29.15,23.44,86.2,26.07,36.635328680806786
1990-09-19,12.73,27.18,23.33,89.11,25.27,31.150040020112865
1990-09-20,8.38,31.15,23.53,85.15,26.56,43.331883403264214
1990-09-21,0.96,30.78,22.56,78.8,26.22,39.743469060022264
1990-09-22,1.89,31.62,21.67,82.93,26.14,44.20223428284089
1990-09-23,24.49,29.26,23.24,90.83,25.91,38.21716380765151
1990-09-24,7.76,29.45,24.14,88.11,26.24,38.14657399257233
1990-09-25,1.17,27.32,23.86,92.08,25.18,31.93265136215248
1990-09-26,0.7,29.43,22.94,87.9,25.87,38.01922728821345
1990-09-27,2.71,29.27,24.48,86.82,26.4,37.18760385665033
1990-09-28,0.77,28.71,23.8,87.71,25.93,35.564170478334205
1990-09-29,4.06,30.7,23.05,84.59,26.37,41.46256094940614
1990-09-30,17.62,30.5,23.79,82.94,26.61,40.19332756171265
1990-10-01,7.46,29.15,22.71,86.64,25.6,36.74478220522087
1990-10-02,4.49,27.71,22.46,90.07,24.74,32.85237888107006
1990-10-03,3.3,27.29,22.57,90.56,24.6,31.64659240449684
1990-10-04,1.34,29.31,23.18,89.28,25.76,37.97575687383919
1990-10-05,0.48,29.26,23.91,85.8,26.04,36.89282554246212
1990-10-06,0.16,29.38,22.95,87.72,25.46,37.797807710374826
1990-10-07,0.06,28.93,21.57,84.75,24.79,35.59363238476299
1990-10-08,0.77,28.96,22.81,86.5,25.48,36.09332054980292
1990-10-09,0.67,29.26,23.43,83.01,25.82,36.196115083071646
1990-10-10,5.28,30.23,23.33,83.03,26.19,39.309055329564885
1990-10-11,7.28,30.95,23.53,83.47,26.49,41.95608470381771
1990-10-12,6.34,28.36,23.17,91.14,25.35,35.14114306872412
1990-10-13,12.07,27.15,23.25,93.74,25.01,31.607320564110328
1990-10-14,1.65,30.06,22.52,88.7,25.54,40.5209636701283
1990-10-15,9.49,28.11,23.41,90.66,25.31,34.21996421428396
1990-10-16,24.43,29.27,22.8,86.9,25.51,37.20832124087045
1990-10-17,10.65,30.09,22.78,85.54,25.88,39.61835047462671
1990-10-18,15.05,28.49,23.34,88.08,25.6,34.93794542232217
1990-10-19,10.17,28.57,22.94,88.58,25.19,35.300110737689174
1990-10-20,11.73,27.71,23.24,93.34,25.15,33.3690572363555
1990-10-21,6.26,30.31,21.96,84.39,25.71,40.01595614433117
1990-10-22,2.27,30.26,21.31,82.74,25.34,39.318262872882634
1990-10-23,0.56,30.4,21.72,81.45,25.45,39.37340021261875
1990-10-24,0.0,30.74,20.39,81.36,25.17,40.47535886808444
1990-10-25,0.02,30.23,22.53,81.01,25.89,38.68515331563357
1990-10-26,0.01,30.52,22.01,82.31,25.83,40.05229624412734
1990-10-27,0.0,30.65,21.14,83.73,25.32,40.9823717783469
1990-10-28,0.0,30.64,21.36,82.9,25.46,40.66115548109886
1990-10-29,14.1,30.46,22.17,84.76,25.75,40.664491486170036
1990-10-30,0.24,30.46,23.31,82.4,26.26,39.87949103535318
1990-10-31,0.11,31.31,20.3,84.12,25.77,43.52603328578576
1990-11-01,1.35,30.01,23.63,88.8,26.18,40.36760174921996
1990-11-02,3.67,30.41,23.63,85.92,26.44,40.87887744684245
1990-11-03,0.42,29.19,23.48,87.69,25.88,37.14327701444069
1990-11-04,0.43,30.23,22.21,83.23,25.96,39.37181899487055
1990-11-05,2.76,29.53,23.44,86.95,25.81,38.10087532501697
1990-11-06,4.37,29.11,22.92,85.65,25.66,36.37114725400685
1990-11-07,4.84,29.33,23.08,84.85,25.94,36.876535797402965
1990-11-08,10.44,29.04,22.65,83.53,25.16,35.64981591639709
1990-11-09,6.54,30.06,21.72,84.78,25.24,39.27800488738675
1990-11-10,2.03,29.55,21.61,84.55,24.74,37.50858594348276
1990-11-11,4.14,29.98,21.05,84.86,24.99,39.029332273028196
1990-11-12,1.05,29.92,22.14,81.06,25.26,37.72020173313023
1990-11-13,13.18,28.74,21.51,81.76,24.86,34.38474243304215
1990-11-14,3.2,27.98,23.73,85.48,25.71,32.91871324521795
1990-11-15,2.17,27.17,23.26,91.82,24.82,31.439684789434377
1990-11-16,0.19,28.66,21.77,84.31,24.55,34.68028122302605
1990-11-17,0.59,30.58,21.3,82.34,25.34,40.265629621147156
1990-11-18,2.1,30.83,22.84,82.24,25.91,41.08906669417321
1990-11-19,1.46,31.45,22.76,83.96,26.26,43.9878812560863
1990-11-20,0.17,31.43,21.77,83.78,26.05,43.83917276384086
1990-11-21,0.05,30.55,20.17,83.18,24.61,40.445466731440675
1990-11-22,0.07,30.15,21.44,80.4,24.79,38.24841811486894
1990-11-23,0.14,29.61,20.76,79.9,24.22,36.466558581241586
1990-11-24,0.08,29.32,20.04,79.59,23.82,35.549293130490085
1990-11-25,0.12,29.03,19.02,83.03,23.5,35.50452688346775
1990-11-26,0.03,29.67,19.99,79.47,24.2,36.53207383448126
1990-11-27,0.01,29.54,17.87,82.55,23.68,36.94337816596616
1990-11-28,0.07,28.74,21.11,84.68,24.29,34.99815248355453
1990-11-29,0.01,27.62,21.3,85.52,23.71,31.91837636131423
1990-11-30,1.63,25.88,20.36,88.44,22.71,27.68932766068158
1990-12-01,1.84,25.98,20.0,81.83,22.48,27.692161131179212
1990-12-02,1.86,27.37,19.53,81.96,22.43,30.80984696593704
1990-12-03,0.12,26.43,18.46,78.64,21.29,28.43969168686908
1990-12-04,0.02,26.23,18.36,80.0,21.79,28.11701009416912
1990-12-05,0.08,28.2,20.23,80.08,23.64,32.61817941992878
1990-12-06,1.17,30.4,20.29,81.99,24.81,39.545985456949346
1990-12-07,0.35,29.72,21.01,82.84,24.41,37.587967182728114
1990-12-08,0.06,30.16,20.39,80.95,24.62,38.443699125981695
1990-12-09,0.04,30.42,20.43,81.5,24.88,39.455106751266115
1990-12-10,0.02,30.79,20.03,80.57,25.14,40.37277205770469
1990-12-11,0.5,30.62,20.08,82.39,24.93,40.41873810983097
1990-12-12,2.62,30.1,21.05,83.8,25.02,39.11188405959081
1990-12-13,1.02,29.76,22.1,82.49,25.25,37.61810626333912
1990-12-14,2.18,29.81,21.6,83.61,24.89,38.09446534287654
1990-12-15,1.39,30.51,21.56,84.95,25.07,40.906983811244615
1990-12-16,0.44,30.04,21.61,80.86,25.03,38.0381763174359
1990-12-17,0.41,29.72,21.26,81.1,24.84,37.11323461265398
1990-12-18,0.24,29.64,21.48,80.9,24.83,36.81642309612729
1990-12-19,0.99,29.6,20.71,82.54,24.47,37.12787324144579
1990-12-20,0.18,27.94,21.14,84.31,24.15,32.61708179168431
1990-12-21,0.1,28.53,21.03,85.73,24.3,34.58156786962556
1990-12-22,0.62,28.7,20.86,82.88,23.98,34.50132765156146
1990-12-23,0.55,28.27,20.01,80.9,23.17,32.93930467886668
1990-12-24,0.31,26.62,18.99,80.48,22.11,28.952791128960158
1990-12-25,0.37,28.11,18.07,79.47,22.49,32.2909084431511
1990-12-26,0.01,28.34,19.8,77.3,23.33,32.501685488401414
1990-12-27,0.09,27.68,18.3,75.03,22.15,30.667562037319815
1990-12-28,0.57,28.39,17.24,78.92,22.52,32.90469571259589
1990-12-29,2.42,29.69,19.8,83.23,24.12,37.59981466816604
1990-12-30,0.52,29.98,21.35,79.85,24.87,37.563390110570595
1990-12-31,0.07,30.33,20.7,79.26,24.98,38.46895502145915
1991-01-01,0.1,30.34,21.28,80.42,25.31,38.85586777536327
1991-01-02,0.76,30.05,21.35,84.02,24.85,39.01099110442445
1991-01-03,0.4,29.05,21.11,82.29,24.08,35.39477288620819
1991-01-04,0.13,28.75,19.91,80.24,23.28,34.10259963122941
1991-01-05,0.03,28.53,20.14,79.39,23.65,33.350473534724905
1991-01-06,0.14,29.92,20.14,77.45,24.41,36.72560513193751
1991-01-07,0.11,30.1,19.85,80.64,24.2,38.162255417867854
1991-01-08,0.0,29.68,19.76,80.47,23.88,36.82372855634243
1991-01-09,0.04,29.74,19.36,77.67,23.56,36.269112582359504
1991-01-10,0.09,29.19,18.56,74.94,23.15,34.15600623043608
1991-01-11,0.01,29.69,18.68,77.94,23.84,36.19619083991197
1991-01-12,0.03,29.15,20.94,81.08,24.2,35.40947342951147
1991-01-13,0.02,30.6,20.5,76.86,24.71,38.55994041729865
1991-01-14,1.01,29.55,19.65,76.68,23.86,35.494021158525655
1991-01-15,0.41,29.78,20.15,76.67,24.11,36.125131484785385
1991-01-16,0.48,29.36,19.38,77.77,23.59,35.233338662569196
1991-01-17,0.17,29.67,18.26,76.2,23.31,35.70386741590694
1991-01-18,0.06,30.14,18.54,76.13,23.72,36.99559494393043
1991-01-19,0.16,30.33,18.86,74.06,24.08,36.953100581079056
1991-01-20,0.04,31.03,18.65,74.3,24.36,39.0326190604163
1991-01-21,0.02,31.18,19.52,75.07,24.52,39.7409914959882
1991-01-22,0.01,30.85,18.39,72.05,23.71,37.80865024642142
1991-01-23,0.29,29.98,18.65,76.09,23.4,36.53261345730565
1991-01-24,0.96,29.91,19.31,76.4,23.85,36.418416171046246
1991-01-25,0.28,30.02,18.12,74.13,23.39,36.12626146918496
1991-01-26,0.1,30.31,18.35,73.3,23.77,36.68756614145209
1991-01-27,0.03,30.35,18.99,73.21,23.85,36.77137897886055
1991-01-28,0.21,29.97,18.0,71.58,23.51,35.349516550693295
1991-01-29,0.17,30.3,19.42,74.24,24.42,36.92027952339341
1991-01-30,0.23,31.08,20.6,75.74,24.94,39.6610970819686
1991-01-31,1.18,31.21,20.72,76.62,25.09,40.369778962301645
1991-02-01,1.36,30.89,21.92,77.24,25.21,39.57353582976714
1991-02-02,0.13,31.02,20.88,78.76,25.05,40.506563224535775
1991-02-03,0.82,31.11,20.08,77.12,25.04,40.22649980037218
1991-02-04,1.42,31.06,21.71,77.3,25.51,40.12971386453519
1991-02-05,1.07,30.95,20.71,75.47,25.07,39.174962074544176
1991-02-06,0.42,32.08,20.59,75.61,25.36,42.819679254401706
1991-02-07,0.0,30.79,21.78,74.9,25.6,38.51519867754033
1991-02-08,0.07,32.15,19.51,71.68,25.31,41.49058623932805
1991-02-09,0.87,31.59,19.68,76.18,25.13,41.42942473450126
1991-02-10,0.22,31.67,21.01,75.21,25.55,41.32399849746258
1991-02-11,0.83,30.78,21.38,73.37,25.63,38.01324435795344
1991-02-12,2.7,31.06,21.08,75.71,25.3,39.589549764502166
1991-02-13,0.28,32.38,20.37,73.75,25.76,43.05048202809732
1991-02-14,0.03,31.91,22.27,73.11,26.32,41.29199954949801
1991-02-15,0.11,32.28,22.47,72.94,26.08,42.39530310794415
1991-02-16,0.25,32.69,21.37,71.86,26.03,43.26946578745453
1991-02-17,0.75,31.82,20.83,70.09,25.65,39.916726026986446
1991-02-18,0.7,30.56,20.36,71.2,24.72,36.77441892461598
1991-02-19,0.22,31.94,20.29,70.48,25.34,40.407501365285306
1991-02-20,0.1,30.63,20.31,71.84,24.93,37.143730980344884
1991-02-21,0.2,30.94,21.13,70.68,24.98,37.64172689158712
1991-02-22,1.13,31.59,20.6,68.74,24.97,38.804958773514635
1991-02-23,0.58,30.33,19.94,68.58,24.25,35.489254217398575
1991-02-24,1.21,27.64,20.44,68.65,23.14,29.833128314925336
1991-02-25,0.98,28.65,20.32,66.64,23.21,31.43420414780479
1991-02-26,0.98,29.54,19.47,68.37,23.67,33.5979219274412
1991-02-27,0.39,32.22,19.86,69.1,25.02,40.72258805433051
1991-02-28,0.08,32.76,19.04,67.5,25.4,41.696742421326064
1991-03-01,0.0,32.84,19.08,68.79,25.33,42.45974830767414
1991-03-02,0.01,33.37,19.46,65.46,25.7,42.669652660101846
1991-03-03,0.0,32.4,19.19,63.99,24.99,39.373769287872406
1991-03-04,0.0,33.18,17.84,64.48,25.22,41.71088405216895
1991-03-05,0.04,33.73,19.5,64.11,26.07,43.15979282805288
1991-03-06,0.04,33.96,20.04,64.44,26.1,43.99748900235449
1991-03-07,0.06,34.37,18.92,64.93,26.48,45.5006744688776
1991-03-08,0.01,34.26,21.57,66.06,26.65,45.698117069275824
1991-03-09,0.0,34.95,19.63,60.96,26.04,45.36636017880629
1991-03-10,0.0,34.21,18.27,62.93,25.55,44.06542735197658
1991-03-11,0.0,34.31,17.7,60.78,25.58,43.389215197684656
1991-03-12,0.0,34.13,18.8,59.85,26.06,42.4739274681542
1991-03-13,1.58,35.14,18.82,66.19,26.68,48.69609473698708
1991-03-14,1.21,29.06,22.78,72.06,25.57,33.254480770550316
1991-03-15,0.11,34.21,23.14,61.4,27.46,43.37588762679446
1991-03-16,0.26,35.0,21.72,63.87,27.67,46.98894670486779
1991-03-17,3.42,34.84,22.09,70.33,27.11,49.94035392193286
1991-03-18,0.15,34.91,22.27,67.28,27.28,48.49830944314788
1991-03-19,0.04,35.3,20.93,62.9,27.49,47.452930288574045
1991-03-20,0.07,35.16,21.09,63.4,27.63,47.26266241929019
1991-03-21,4.9,34.71,21.63,66.31,27.46,47.3016093174241
1991-03-22,0.96,34.31,22.48,68.86,27.63,47.26562231372385
1991-03-23,0.0,35.08,23.29,64.38,28.37,47.517639189161024
1991-03-24,1.59,35.75,22.34,63.21,28.28,49.109890191704125
1991-03-25,0.52,36.1,22.35,63.42,28.02,50.42626886307033
1991-03-26,0.03,35.67,21.83,61.85,27.63,48.089444432539
1991-03-27,0.18,35.95,20.21,61.23,27.5,48.659990879801605
1991-03-28,0.1,35.45,20.58,60.49,27.51,46.66605299222394
1991-03-29,0.08,34.7,20.42,60.44,26.71,44.37040097763726
1991-03-30,0.08,35.18,19.65,59.57,26.9,45.37821166313706
1991-03-31,0.01,36.14,21.12,56.05,28.04,46.454439445940466
1991-04-01,0.76,35.4,21.79,58.81,28.05,45.65989987965025
1991-04-02,12.01,34.64,22.38,69.71,26.76,48.87151301267678
1991-04-03,1.15,34.73,22.41,67.67,27.49,48.08646638248938
1991-04-04,7.66,34.21,22.39,71.41,27.09,48.243795971101484
1991-04-05,2.79,31.19,22.68,74.06,26.16,39.43012796605829
1991-04-06,4.22,33.44,21.98,72.08,27.27,45.87254479083842
1991-04-07,0.88,34.35,23.17,67.89,27.71,46.90560669911083
1991-04-08,0.66,35.0,22.35,66.3,28.07,48.27640685677792
1991-04-09,1.92,31.82,24.05,66.73,27.16,38.76274247433693
1991-04-10,0.11,35.78,21.86,63.52,28.3,49.38733516652136
1991-04-11,0.0,35.88,22.25,63.09,28.44,49.480595134461964
1991-04-12,0.0,37.77,21.75,58.22,29.08,52.94299547739844
1991-04-13,0.03,38.26,21.99,57.48,29.25,54.14475612279734
1991-04-14,0.48,37.97,22.45,59.26,29.41,54.342069493043645
1991-04-15,0.15,36.51,22.57,61.75,29.0,50.83933032682238
1991-04-16,0.11,37.29,22.54,59.43,29.48,52.07603554038215
1991-04-17,0.08,37.84,24.02,60.03,30.03,54.4041695798941
1991-04-18,0.25,38.73,23.37,56.59,30.48,55.170939877803846
1991-04-19,1.29,38.54,24.71,60.3,30.46,57.17250832219687
1991-04-20,7.66,36.01,24.99,68.62,28.89,53.299417312819855
1991-04-21,0.81,32.39,23.98,72.79,27.41,42.687860719383494
1991-04-22,0.96,34.27,24.02,68.97,28.34,47.18488463345225
1991-04-23,0.11,36.09,22.61,63.38,28.56,50.368006100678116
1991-04-24,1.43,36.78,22.31,61.3,28.8,51.49387377577175
1991-04-25,0.36,37.38,22.43,60.28,29.19,52.936537138646145
1991-04-26,3.04,32.68,24.71,71.13,27.8,42.93054323749249
1991-04-27,0.18,36.49,23.14,63.92,29.21,52.10526907695446
1991-04-28,0.1,36.06,24.11,63.24,29.57,50.18204291653743
1991-04-29,0.0,36.0,24.11,63.53,29.2,50.14573326223213
1991-04-30,8.99,34.67,25.37,69.68,28.78,48.962418152430445
1991-05-01,2.78,35.89,23.96,67.44,29.19,52.10597311206155
1991-05-02,9.23,36.2,24.37,69.03,29.06,54.300282601441076
1991-05-03,18.44,33.97,24.3,79.32,27.77,51.684858318676085
1991-05-04,2.36,34.79,24.03,73.1,28.25,51.34846486174351
1991-05-05,1.72,34.66,23.59,69.59,28.07,48.87747688006729
1991-05-06,1.5,32.99,24.69,73.37,28.4,44.93022811913775
1991-05-07,4.04,35.76,25.1,70.9,29.44,53.78724114713669
1991-05-08,1.38,36.96,24.26,65.87,29.58,55.12797146044991
1991-05-09,5.22,36.61,24.16,66.92,29.26,54.49160303300936
1991-05-10,0.72,36.59,23.74,65.51,29.13,53.48649339557109
1991-05-11,5.86,36.26,24.24,66.6,28.92,52.95659863375676
1991-05-12,2.84,35.28,23.34,68.85,28.52,50.703089415940504
1991-05-13,0.05,36.4,23.76,62.42,29.47,50.865549646645334
1991-05-14,0.83,36.95,25.1,64.82,30.07,54.378909838124294
1991-05-15,0.03,35.02,25.49,68.34,29.52,49.470272279754546
1991-05-16,0.73,36.04,24.64,65.65,29.77,51.555788455322094
1991-05-17,25.32,30.34,24.85,78.04,27.58,38.13250884541586
1991-05-18,4.56,34.81,23.7,68.2,28.12,48.65033230625406
1991-05-19,2.18,34.53,22.8,70.02,27.98,48.64688138213933
1991-05-20,1.82,35.32,24.18,68.87,29.18,50.86178676299508
1991-05-21,0.12,36.98,23.11,64.57,29.29,54.323858465500685
1991-05-22,0.0,37.44,22.94,59.44,29.96,52.59964010403408
1991-05-23,4.53,32.66,26.24,73.15,28.82,43.72152720693842
1991-05-24,1.91,31.73,24.85,76.45,27.94,41.99028525656223
1991-05-25,0.0,36.29,24.12,65.53,29.11,52.390569260909764
1991-05-26,0.6,35.84,24.22,63.33,29.13,49.482466811743926
1991-05-27,1.69,37.04,23.44,61.63,29.41,52.611918660988906
1991-05-28,1.29,36.25,23.4,63.71,28.97,51.12342829821812
1991-05-29,4.75,33.51,23.88,70.11,27.98,45.178255011448336
1991-05-30,1.47,33.67,23.77,69.77,27.5,45.55044456322615
1991-05-31,0.39,34.65,23.06,66.02,28.27,46.95198108914769
1991-06-01,0.61,33.24,24.14,68.29,28.46,43.48662076840462
1991-06-02,1.92,34.98,24.43,65.68,29.21,47.875439067324486
1991-06-03,2.24,32.58,24.19,71.48,28.2,42.757744564230364
1991-06-04,4.27,34.87,24.0,67.96,28.88,48.729628822819485
1991-06-05,0.53,37.31,23.03,65.43,29.43,56.17643565352441
1991-06-06,2.48,35.13,23.83,65.05,28.82,48.04158165396265
1991-06-07,2.53,31.78,24.96,74.9,27.9,41.55939053606658
1991-06-08,1.45,31.95,24.09,73.85,27.62,41.700402790611065
1991-06-09,4.05,34.63,23.79,69.25,28.55,48.58615856313748
1991-06-10,1.65,36.17,22.82,67.2,29.01,53.00136482604293
1991-06-11,5.27,36.41,23.34,67.23,29.45,53.93026708915271
1991-06-12,7.49,33.49,24.61,76.65,28.2,48.324806396217824
1991-06-13,2.76,36.04,24.29,69.49,28.8,53.9758144256917
1991-06-14,5.87,33.51,25.16,78.63,27.96,49.44154755654623
1991-06-15,37.99,29.67,24.96,87.34,26.82,38.69597723998922
1991-06-16,13.56,29.58,23.79,86.45,25.88,38.13183383383097
1991-06-17,3.55,30.38,23.54,81.62,26.72,39.36174811316814
1991-06-18,9.05,30.95,24.4,81.81,27.12,41.351670391697446
1991-06-19,12.03,28.74,24.41,88.53,26.09,35.845145334955795
1991-06-20,23.84,27.2,23.87,91.23,25.24,31.459610775589212
1991-06-21,13.13,28.04,23.95,90.8,25.56,34.018248226336404
1991-06-22,3.64,29.87,23.64,83.8,26.2,38.34603648266848
1991-06-23,7.94,30.55,23.59,83.98,26.76,40.71686481500218
1991-06-24,3.06,30.74,24.01,83.09,26.9,41.07490585866935
1991-06-25,0.0,30.64,23.99,82.13,26.89,40.39881966165018
1991-06-26,0.85,32.33,23.5,76.61,27.74,44.08874919611484
1991-06-27,0.73,32.63,23.89,74.8,27.87,44.33754353459642
1991-06-28,0.73,31.82,23.97,72.8,27.13,40.89735226463802
1991-06-29,2.49,32.28,23.09,74.69,27.27,43.10913472645367
1991-06-30,3.53,31.7,23.57,77.78,26.98,42.407008111154646
1991-07-01,1.06,31.4,23.25,74.55,26.95,40.23645052301632
1991-07-02,1.09,31.44,23.84,77.59,27.15,41.464740393448736
1991-07-03,0.65,31.45,24.39,77.18,27.57,41.345422352553236
1991-07-04,1.77,33.38,24.28,74.22,28.14,46.69681287542731
1991-07-05,0.27,34.38,24.27,72.73,28.58,49.579471504066404
1991-07-06,0.15,33.18,25.48,72.6,28.59,45.22583419905506
1991-07-07,6.7,33.79,23.26,70.84,28.13,46.47567634402328
1991-07-08,1.79,33.21,23.63,71.77,27.93,44.94488046519521
1991-07-09,6.89,32.56,24.34,72.57,27.72,43.14693259358721
1991-07-10,11.22,32.86,23.95,78.29,27.38,46.76669547427883
1991-07-11,8.36,28.32,24.33,87.61,25.81,34.3099728666081
1991-07-12,13.8,27.44,23.41,87.85,25.07,31.73362821185763
1991-07-13,0.42,31.13,22.88,78.15,26.64,40.651237007928394
1991-07-14,0.6,31.45,23.91,78.47,27.25,41.82802179895005
1991-07-15,5.1,31.53,24.18,81.95,27.2,43.46793113984228
1991-07-16,5.28,31.62,24.32,83.09,27.29,44.26889254214233
1991-07-17,6.19,27.23,24.95,89.64,25.83,31.35660271093823
1991-07-18,35.9,26.82,24.29,93.52,25.54,30.55803693366186
1991-07-19,25.38,28.36,23.62,90.73,25.56,35.05740967723958
1991-07-20,11.93,28.67,23.61,88.16,25.64,35.53383483672967
1991-07-21,18.39,28.65,23.13,89.46,25.3,35.754807892387845
1991-07-22,38.84,26.83,23.7,94.29,25.09,30.663127639001484
1991-07-23,28.65,27.78,24.45,93.16,25.8,33.57255317250274
1991-07-24,25.15,28.03,23.9,92.15,25.59,34.23027692987782
1991-07-25,30.05,26.92,23.58,94.61,24.99,30.977199211300857
1991-07-26,26.52,26.6,23.87,95.32,25.09,30.040956819736632
1991-07-27,41.78,27.05,23.61,94.22,25.09,31.346259633007485
1991-07-28,9.6,27.68,23.8,93.29,25.43,33.26158186066704
1991-07-29,16.09,27.53,23.62,90.29,25.29,32.33373416962448
1991-07-30,1.6,29.71,23.01,86.36,25.95,38.55050018608333
1991-07-31,12.23,30.07,23.29,82.6,26.32,38.647975652153825
1991-08-01,35.66,31.18,22.47,83.94,26.34,42.97156471558513
1991-08-02,7.46,28.23,23.5,89.58,25.75,34.40457301779326
1991-08-03,8.05,29.79,22.72,86.48,25.95,38.86167068027117
1991-08-04,12.86,30.15,22.59,87.71,25.94,40.529914208221044
1991-08-05,32.55,28.98,23.5,89.73,25.56,36.93915702937065
1991-08-06,5.7,28.49,23.37,88.71,25.42,35.068436496227
1991-08-07,2.61,29.01,23.1,87.1,25.8,36.39845678239223
1991-08-08,0.94,29.02,24.12,86.96,26.11,36.39742582839588
1991-08-09,1.93,29.37,23.94,88.55,26.2,37.98829009142428
1991-08-10,9.26,28.0,24.1,91.29,25.76,33.97603588817329
1991-08-11,25.36,27.56,22.92,90.82,25.14,32.5020687329996
1991-08-12,30.44,27.99,23.68,91.3,25.55,33.94518612149999
1991-08-13,37.41,25.98,23.47,95.16,24.89,28.174110720861986
1991-08-14,32.74,27.16,23.54,92.9,25.39,31.537961869974865
1991-08-15,22.86,27.7,23.67,93.22,25.47,33.316623862225754
1991-08-16,11.36,27.82,24.25,88.9,25.75,33.004323497556655
1991-08-17,9.67,27.21,23.68,94.16,25.37,31.85051283354679
1991-08-18,19.48,27.67,23.98,93.77,25.6,33.3045329388181
1991-08-19,23.19,26.8,24.09,93.45,25.4,30.490581654231075
1991-08-20,22.64,27.24,23.98,94.87,25.27,32.038012030299086
1991-08-21,17.35,28.12,23.68,92.96,25.42,34.68601503435022
1991-08-22,17.31,28.09,23.56,92.72,25.55,34.53807735031962
1991-08-23,19.9,27.64,23.92,92.83,25.66,33.05802809210364
1991-08-24,7.51,28.21,23.55,93.63,25.58,35.128961643507395
1991-08-25,44.79,27.7,23.77,92.15,25.63,33.1464063361043
1991-08-26,36.94,27.37,24.17,93.92,25.68,32.33713381820524
1991-08-27,5.34,30.61,24.11,82.65,27.23,40.47263121433813
1991-08-28,2.33,28.9,24.35,89.05,26.15,36.50021381110795
1991-08-29,12.51,27.55,23.22,91.04,25.42,32.50309497808691
1991-08-30,12.17,28.62,23.94,90.38,25.81,35.85803084836243
1991-08-31,14.83,28.8,23.94,90.14,25.79,36.41764864190046
1991-09-01,22.95,28.05,23.88,91.86,25.46,34.243819290657875
1991-09-02,22.57,26.17,23.9,96.44,25.0,28.79267574604224
1991-09-03,56.98,26.13,23.56,95.23,24.73,28.614230228035222
1991-09-04,42.28,27.37,23.58,94.91,25.12,32.47314196823482
1991-09-05,10.13,28.55,23.32,90.96,25.53,35.74747426188234
1991-09-06,3.33,28.68,23.24,91.45,25.62,36.30632810476922
1991-09-07,22.66,28.33,23.24,92.63,25.68,35.34476846769566
1991-09-08,8.86,27.97,23.14,91.99,25.37,34.002136787119035
1991-09-09,9.38,26.94,24.32,90.6,25.47,30.62510806492558
1991-09-10,11.43,28.5,23.29,86.02,25.92,34.549074850447745
1991-09-11,3.47,30.12,23.83,88.02,26.45,40.521158136829655
1991-09-12,8.59,30.03,24.16,89.32,26.57,40.61072935526849
1991-09-13,11.61,28.79,24.43,89.95,26.33,36.338907866048345
1991-09-14,17.8,29.52,23.81,89.12,26.18,38.67794937411538
1991-09-15,4.88,28.76,23.18,88.83,25.58,35.97937667925378
1991-09-16,28.51,28.54,23.14,88.75,25.68,35.23881982133055
1991-09-17,35.61,27.47,24.17,93.41,25.73,32.59099091316049
1991-09-18,39.16,27.46,23.62,94.26,25.31,32.68024144523471
1991-09-19,23.43,27.58,23.96,94.12,25.43,33.058408811599435
1991-09-20,12.29,26.91,23.35,94.08,25.0,30.89095135614788
1991-09-21,10.39,26.84,22.65,90.35,24.53,30.3153472201902
1991-09-22,11.76,27.08,23.08,91.28,24.72,31.106979960498556
1991-09-23,9.63,28.42,22.64,90.35,24.98,35.17932723112361
1991-09-24,3.45,27.48,21.65,88.09,24.2,31.880117928670675
1991-09-25,1.93,28.71,21.54,87.22,24.72,35.45619193234153
1991-09-26,5.51,28.5,23.24,89.21,25.48,35.205440340471306
1991-09-27,13.79,29.18,22.61,90.07,25.65,37.72659708840563
1991-09-28,9.19,26.58,23.14,95.17,24.76,29.966976491528587
1991-09-29,30.92,26.57,22.58,93.47,24.23,29.802895175217955
1991-09-30,12.66,28.22,22.72,92.0,25.02,34.84075223172793
1991-10-01,9.05,28.13,22.91,92.48,25.22,34.62847616413174
1991-10-02,2.56,29.05,23.16,88.4,25.79,36.84934288267535
1991-10-03,3.61,30.41,22.58,85.97,25.83,40.895875080123204
1991-10-04,15.58,30.41,23.16,84.22,26.28,40.30787149247504
1991-10-05,6.72,29.13,23.78,84.83,25.95,36.23565537039052
1991-10-06,1.9,29.16,23.64,84.45,25.99,36.23773188102203
1991-10-07,0.06,29.74,23.54,84.19,25.89,38.03016475982494
1991-10-08,0.0,29.24,23.05,84.69,25.37,36.54890621939795
1991-10-09,0.11,29.06,22.3,85.94,24.95,36.2811474504919
1991-10-10,0.02,28.55,21.57,85.57,24.65,34.60962578497933
1991-10-11,0.36,28.7,21.48,86.41,24.77,35.24790259526874
1991-10-12,0.44,29.24,22.71,84.54,25.52,36.51155107160421
1991-10-13,2.6,29.49,23.13,83.93,25.72,37.14932058508932
1991-10-14,2.75,28.14,22.82,85.15,25.13,33.32058667354504
1991-10-15,1.52,28.72,22.44,83.92,24.97,34.7767555615919
1991-10-16,5.81,29.73,21.41,85.15,25.25,38.2701642824507
1991-10-17,3.24,29.08,22.7,87.77,25.19,36.7939552852149
1991-10-18,0.42,30.54,20.61,84.14,25.38,40.73630641959187
1991-10-19,0.0,31.08,21.72,76.63,26.09,39.96315172885396
1991-10-20,0.71,30.22,18.75,81.29,24.7,38.738336818757475
1991-10-21,0.34,30.88,22.54,80.4,26.0,40.61465239216241
1991-10-22,0.69,30.09,22.44,80.61,25.56,38.12208380965031
1991-10-23,0.04,30.28,21.92,77.35,25.31,37.74913080455762
1991-10-24,0.04,30.95,20.81,79.83,25.31,40.649459233062515
1991-10-25,0.01,30.2,20.71,79.28,25.18,38.072936335303154
1991-10-26,0.09,29.79,20.72,83.21,24.89,37.91584296106192
1991-10-27,1.71,26.12,23.04,89.21,23.98,28.309220238159998
1991-10-28,63.4,24.81,21.95,93.37,23.51,25.101810098266835
1991-10-29,34.06,26.04,21.76,92.17,23.41,28.227146152927517
1991-10-30,21.16,27.33,21.67,91.36,23.99,31.869765766985893
1991-10-31,0.63,27.8,20.75,86.55,23.67,32.575107300352634
1991-11-01,13.41,29.74,21.3,83.16,25.01,37.74075304381179
1991-11-02,3.24,28.62,21.61,84.42,24.39,34.58418755997934
1991-11-03,1.5,28.75,20.95,83.17,24.18,34.70702541492848
1991-11-04,0.03,29.11,19.26,79.42,23.96,34.91959857689817
1991-11-05,0.59,30.9,21.49,82.13,25.35,41.29288457571427
1991-11-06,1.13,29.73,21.55,84.08,25.07,37.96629775479195
1991-11-07,1.02,30.3,21.91,84.33,25.3,39.96181107671728
1991-11-08,0.09,29.19,20.79,77.24,24.53,34.65404414320375
1991-11-09,0.71,29.11,19.2,77.62,23.89,34.52417458783787
1991-11-10,0.0,28.19,17.79,74.26,22.87,31.66619972021081
1991-11-11,0.02,29.01,18.37,79.56,23.2,34.67356384211607
1991-11-12,0.06,28.82,19.93,78.18,23.97,33.875313087422875
1991-11-13,2.16,28.1,20.25,84.04,23.62,33.016427364570774
1991-11-14,0.5,28.47,21.56,84.0,24.59,34.06057327161293
1991-11-15,0.12,30.21,21.0,80.63,24.85,38.5063532934832
1991-11-16,1.37,29.56,21.74,81.32,24.86,36.68382689435455
1991-11-17,33.5,26.3,22.97,86.87,24.21,28.636087248593974
1991-11-18,5.83,26.99,22.06,90.68,24.58,30.777775277497977
1991-11-19,0.98,29.05,21.25,87.75,24.51,36.68882743165731
1991-11-20,0.03,29.6,19.77,84.16,24.03,37.56495852590766
1991-11-21,0.12,29.54,19.99,83.75,23.84,37.26118079660325
1991-11-22,0.14,28.95,19.66,83.34,23.53,35.33541122951881
1991-11-23,0.24,28.04,20.55,82.62,23.68,32.616988662236764
1991-11-24,2.47,28.09,21.03,84.9,23.94,33.13450520380836
1991-11-25,0.66,28.31,21.45,83.8,23.99,33.564534023875524
1991-11-26,0.35,27.83,21.5,80.49,24.53,31.748678907912367
1991-11-27,0.07,29.77,20.88,82.1,24.45,37.54156042387646
1991-11-28,0.43,29.62,20.31,81.7,24.39,36.96662885582586
1991-11-29,0.18,29.79,20.26,82.4,24.73,37.688190741159914
1991-11-30,0.56,28.5,22.47,86.47,24.7,34.640011767298056
1991-12-01,0.17,28.62,20.9,81.99,24.04,34.09343893284509
1991-12-02,0.03,28.59,20.61,78.88,23.99,33.411507956443046
1991-12-03,0.04,28.64,19.24,79.47,23.13,33.65493471879827
1991-12-04,0.01,27.46,18.75,77.15,22.18,30.451099520020744
1991-12-05,0.0,27.46,16.97,75.15,21.67,30.220929565635117
1991-12-06,0.0,29.21,17.61,79.55,23.06,35.22856780917069
1991-12-07,0.02,29.41,19.54,81.7,23.68,36.32722311042528
1991-12-08,0.34,29.38,19.39,84.28,23.63,36.88992065540563
1991-12-09,0.36,28.55,20.67,80.71,23.7,33.651777165363384
1991-12-10,0.25,29.12,20.23,79.94,23.82,35.06395887449279
1991-12-11,0.17,28.86,20.09,79.68,23.55,34.28785305868466
1991-12-12,0.26,28.61,18.93,79.88,22.77,33.65409096704191
1991-12-13,0.72,28.58,20.22,80.38,23.25,33.66962787074572
1991-12-14,0.23,28.05,19.71,80.24,22.86,32.262234267384045
1991-12-15,0.1,28.49,18.04,77.25,22.37,32.86056619659292
1991-12-16,0.18,29.93,19.45,83.16,23.93,38.35631105393114
1991-12-17,0.0,29.09,20.4,85.9,24.0,36.36776675492097
1991-12-18,0.03,29.66,19.58,79.74,24.08,36.5727679271568
1991-12-19,0.06,29.66,19.76,81.82,24.19,37.12200877199263
1991-12-20,0.07,30.18,20.91,78.13,24.7,37.67721616106282
1991-12-21,0.18,29.21,19.94,77.6,23.51,34.787346593436695
1991-12-22,0.08,29.38,19.24,76.92,23.43,35.09032527355726
1991-12-23,0.15,29.21,18.22,77.19,22.41,34.69623122321638
1991-12-24,0.34,29.17,18.38,80.46,22.66,35.32419546562529
1991-12-25,0.15,29.28,17.04,76.32,22.78,34.68807100182827
1991-12-26,0.06,30.04,18.71,77.33,23.91,37.03946210723242
1991-12-27,0.5,30.1,19.87,79.96,24.61,37.963561307039924
1991-12-28,0.25,29.52,21.33,79.61,24.47,36.12947419167884
1991-12-29,0.26,29.5,18.84,77.44,23.58,35.54011474187476
1991-12-30,0.04,28.24,19.16,76.07,22.56,32.06195111444122
1991-12-31,0.1,28.49,18.7,77.21,22.51,32.8534744441885
1992-01-01,0.01,29.68,17.6,77.24,23.12,35.99069559626312
1992-01-02,0.0,29.9,17.61,78.35,22.95,36.90988401339647
1992-01-03,0.02,30.0,17.97,78.18,23.16,37.15706585035778
1992-01-04,0.03,29.26,17.32,79.22,22.4,35.29296564271523
1992-01-05,8.26,28.83,18.12,82.89,22.78,34.88134523850754
1992-01-06,2.1,28.85,19.45,80.27,23.44,34.383131334200485
1992-01-07,0.38,29.95,19.45,79.58,24.1,37.39651993774117
1992-01-08,1.7,29.34,19.78,82.73,24.05,36.37192403936037
1992-01-09,1.0,28.85,21.31,83.1,24.17,34.985465468139324
1992-01-10,0.59,28.77,20.11,79.24,23.37,33.95544285217443
1992-01-11,0.13,28.11,19.08,74.32,22.6,31.498812661870563
1992-01-12,0.05,27.94,17.89,74.64,22.51,31.173721733674526
1992-01-13,0.43,28.49,18.91,76.4,22.94,32.7107863556202
1992-01-14,0.21,28.0,18.85,77.49,22.64,31.71918482221877
1992-01-15,0.14,27.9,18.94,74.51,22.7,31.06939988751214
1992-01-16,0.23,28.49,18.2,77.0,22.56,32.81631288876363
1992-01-17,0.03,27.94,19.4,83.03,23.02,32.414769426883275
1992-01-18,0.05,29.64,18.68,73.02,23.41,34.86259784651606
1992-01-19,0.08,29.05,18.11,77.89,22.85,34.422527625238544
1992-01-20,0.07,29.77,19.4,74.93,24.25,35.65940282854024
1992-01-21,0.05,30.57,20.68,74.65,24.55,37.799591734016204
1992-01-22,0.01,29.3,19.27,73.59,23.54,34.141865264558824
1992-01-23,0.0,29.8,19.11,73.77,23.74,35.452360871576985
1992-01-24,0.0,30.39,19.21,76.85,24.33,37.92840330039834
1992-01-25,0.0,28.23,20.25,81.17,23.7,32.880302495431216
1992-01-26,0.07,29.55,18.17,75.29,23.0,35.16246734997512
1992-01-27,0.14,29.48,18.27,75.1,23.2,34.934626050905514
1992-01-28,0.23,30.43,18.27,72.47,23.91,36.782289381248724
1992-01-29,0.68,31.4,19.97,75.83,25.05,40.69173753971149
1992-01-30,0.16,30.95,20.97,79.39,25.17,40.49617754390851
1992-01-31,0.28,30.57,21.28,73.93,24.82,37.586445001833226
1992-02-01,0.1,30.43,20.02,71.41,24.1,36.4896341391004
1992-02-02,0.61,30.16,19.28,70.99,23.8,35.68165582224927
1992-02-03,0.17,31.48,19.12,73.45,24.44,40.09408741457349
1992-02-04,2.14,31.18,20.73,76.53,25.14,40.243396348810116
1992-02-05,0.47,31.4,21.56,78.96,25.35,41.84402201184917
1992-02-06,0.1,31.6,20.57,72.61,25.25,40.15982647383617
1992-02-07,0.02,31.55,20.03,74.68,25.26,40.74886469551351
1992-02-08,0.0,31.86,21.28,72.51,25.52,40.91269552389447
1992-02-09,0.0,32.33,19.83,71.19,25.19,41.85599028716997
1992-02-10,0.0,31.83,20.27,72.91,25.22,40.96892853017932
1992-02-11,0.0,31.88,20.3,70.3,24.98,40.16616892838675
1992-02-12,0.0,31.05,19.71,68.48,24.2,37.27639865857024
1992-02-13,0.0,31.58,19.24,69.77,24.85,39.12085483452817
1992-02-14,0.0,32.59,20.15,68.31,25.9,41.51240066974711
1992-02-15,0.01,32.31,21.96,75.79,26.21,43.67027525796637
1992-02-16,0.0,32.1,21.77,73.36,25.9,41.987201957576104
1992-02-17,5.11,32.36,22.22,75.65,26.51,43.781540107929885
1992-02-18,0.24,32.85,22.15,71.19,26.65,43.500926934943564
1992-02-19,0.0,32.79,21.69,67.91,26.38,41.95003097418393
1992-02-20,0.2,31.29,21.23,68.78,25.1,38.002357513068404
1992-02-21,0.35,31.24,20.33,67.4,24.8,37.44638920842951
1992-02-22,0.68,31.63,19.41,66.93,24.75,38.321237252623895
1992-02-23,0.07,31.27,19.87,68.01,24.73,37.7105184659521
1992-02-24,0.08,31.79,20.59,64.48,25.26,37.95184161756829
1992-02-25,0.12,30.0,18.49,60.73,23.05,32.97875562111054
1992-02-26,0.01,30.01,15.87,60.21,21.91,32.8931821359611
1992-02-27,0.01,30.58,14.91,66.41,22.04,35.53297643960705
1992-02-28,0.46,31.21,16.37,69.33,23.24,37.9586790268343
1992-02-29,0.5,31.29,18.1,71.24,23.97,38.78845915458961
1992-03-01,0.08,32.7,19.08,68.46,25.34,41.900690222898334
1992-03-02,0.01,32.95,19.97,69.12,26.13,42.93703423855068
1992-03-03,0.0,32.98,21.69,69.03,26.71,42.99244992590133
1992-03-04,0.0,32.51,22.19,68.98,26.66,41.53618777821335
1992-03-05,0.0,32.69,21.35,68.89,26.2,42.04311271433985
1992-03-06,0.0,34.14,20.92,67.35,26.5,45.9375589013974
1992-03-07,0.0,33.99,21.65,64.23,26.97,43.99346465746961
1992-03-08,0.0,33.66,20.83,64.21,26.57,42.99574620826505
1992-03-09,0.0,33.83,21.36,62.67,26.81,42.82970826696737
1992-03-10,0.05,34.01,21.9,61.58,27.19,42.87804298177269
1992-03-11,0.05,34.74,21.52,63.74,27.13,46.0886285156307
1992-03-12,0.03,34.75,21.17,60.94,26.82,44.75448154718161
1992-03-13,0.28,34.35,18.15,62.87,25.55,44.4596114846239
1992-03-14,0.18,34.68,19.83,61.43,26.61,44.777536031622525
1992-03-15,0.2,34.37,20.28,64.27,26.49,45.18258905649883
1992-03-16,0.03,34.48,19.53,56.59,26.17,42.04630476324885
1992-03-17,0.0,33.65,19.69,57.15,26.75,40.119625651736136
1992-03-18,0.42,35.46,21.43,61.12,27.76,47.025759307033304
1992-03-19,2.54,35.28,22.39,66.1,28.11,49.12950064688039
1992-03-20,0.05,34.79,23.1,64.42,28.22,46.59175671476603
1992-03-21,0.01,35.78,22.76,66.28,27.96,50.999286558122805
1992-03-22,0.11,35.93,22.27,59.76,28.23,47.78487973058207
1992-03-23,0.57,35.3,22.13,62.04,27.68,47.000193473471334
1992-03-24,0.12,35.05,20.11,58.81,27.12,44.62702440496534
1992-03-25,0.23,35.27,20.37,60.19,27.36,45.95829586972327
1992-03-26,0.54,35.27,21.04,64.81,27.76,48.38217823333897
1992-03-27,1.97,35.25,22.84,63.69,28.01,47.710337604673946
1992-03-28,1.39,35.72,21.57,63.3,27.83,49.05970738319105
1992-03-29,9.38,34.78,22.01,66.37,27.68,47.56792200239531
1992-03-30,2.67,32.7,22.66,71.88,26.67,43.310305849973766
1992-03-31,1.68,34.63,20.51,66.21,27.12,46.983286049510546
1992-04-01,0.11,35.55,21.05,60.93,27.46,47.21001864701507
1992-04-02,0.0,35.94,20.91,60.79,27.86,48.38234070872834
1992-04-03,0.0,35.98,20.89,59.18,28.34,47.62786406566258
1992-04-04,0.0,35.46,23.77,61.95,28.85,47.464469881508364
1992-04-05,0.13,31.96,24.04,63.88,27.35,38.192034256236816
1992-04-06,0.01,36.1,20.85,59.0,28.16,47.9069349443647
1992-04-07,0.12,36.08,22.25,59.33,28.52,48.02476991065655
1992-04-08,0.01,36.25,22.15,59.52,28.64,48.67304199201626
1992-04-09,0.03,36.23,22.0,56.92,28.5,47.182993214153
1992-04-10,0.02,35.88,22.0,58.82,28.53,47.12370219928154
1992-04-11,0.0,36.34,23.11,57.89,29.33,48.04899728490086
1992-04-12,0.05,36.57,23.41,59.88,29.11,49.92471117957969
1992-04-13,8.48,34.75,23.01,67.41,27.9,48.01657188687812
1992-04-14,15.7,32.82,24.29,76.42,27.53,45.73635200710846
1992-04-15,2.5,33.17,23.5,74.89,27.38,46.2696030328917
1992-04-16,0.51,33.94,23.74,70.44,27.86,46.794045447463915
1992-04-17,0.05,35.59,22.73,62.76,28.49,48.32590155529943
1992-04-18,0.0,36.3,23.53,65.16,29.03,52.19516086434315
1992-04-19,0.0,36.87,23.74,62.97,29.32,52.867424482716174
1992-04-20,0.28,37.36,23.59,58.39,29.66,51.655546944070295
1992-04-21,0.07,35.95,24.97,64.17,29.75,50.34871047550876
1992-04-22,0.24,36.02,25.68,64.5,29.76,50.78964298839976
1992-04-23,8.45,33.09,24.06,70.91,28.21,44.15864159995466
1992-04-24,0.12,36.95,21.72,62.17,28.47,52.6392626527258
1992-04-25,0.01,37.32,21.28,59.33,28.48,52.11525906721392
1992-04-26,0.0,37.47,22.09,57.54,28.93,51.48949495274969
1992-04-27,0.54,37.32,22.09,58.75,29.05,51.74734276879204
1992-04-28,0.28,37.67,23.44,60.53,29.69,54.13357786401115
1992-04-29,0.0,37.74,22.3,57.65,29.33,52.46790823513642
1992-04-30,0.0,37.2,23.13,59.01,29.64,51.50446045838297
1992-05-01,0.14,37.75,24.27,57.38,30.24,52.32685334038279
1992-05-02,0.01,35.67,24.33,57.66,29.3,45.88693376049403
1992-05-03,0.12,37.07,23.13,55.18,29.22,48.789245895683884
1992-05-04,0.95,36.38,21.88,59.16,28.75,48.88763079705552
1992-05-05,0.28,36.69,23.37,57.66,29.32,49.022284888713415
1992-05-06,0.12,37.56,22.76,56.17,29.65,50.93152516455772
1992-05-07,1.15,37.78,22.62,58.36,29.88,53.06977515746016
1992-05-08,1.23,35.63,25.16,63.1,29.6,48.64635602308236
1992-05-09,0.24,37.47,25.44,56.12,30.51,50.6090730913947
1992-05-10,5.53,35.11,25.08,65.07,28.84,47.98527258688781
1992-05-11,3.74,34.83,24.33,62.86,28.8,45.93360774844879
1992-05-12,10.26,34.57,24.1,70.83,28.53,49.232548798974534
1992-05-13,4.36,34.6,24.16,70.95,28.86,49.40818397066434
1992-05-14,5.29,33.83,24.47,72.43,28.45,47.41234715733043
1992-05-15,8.13,31.46,24.26,78.43,26.89,41.84657821247116
1992-05-16,5.26,29.89,24.39,81.5,26.98,37.75081627789089
1992-05-17,6.81,30.97,25.02,80.4,27.25,40.91688611348219
1992-05-18,0.24,35.02,24.74,67.96,28.63,49.25771814442862
1992-05-19,1.02,33.49,23.83,70.51,28.05,45.2989368661554
1992-05-20,1.08,30.59,24.61,77.04,27.29,38.58556653929043
1992-05-21,1.74,34.11,24.12,71.49,28.47,47.92767469973572
1992-05-22,3.92,32.32,24.63,73.86,27.7,42.89898005153475
1992-05-23,5.38,30.54,23.76,78.26,26.57,38.81275152679337
1992-05-24,3.38,28.64,23.45,82.03,25.93,34.15759784284862
1992-05-25,3.68,31.75,23.51,78.28,27.11,42.7751094464604
1992-05-26,7.58,31.91,24.12,77.6,27.43,43.05139638231393
1992-05-27,9.72,29.78,24.38,84.17,26.47,38.15609334811135
1992-05-28,8.76,28.58,24.23,85.72,25.88,34.73145762150194
1992-05-29,4.9,32.3,23.9,76.65,27.23,44.00169762104622
1992-05-30,19.91,28.7,24.04,84.62,25.84,34.86482587078293
1992-05-31,55.03,28.2,23.88,87.1,25.84,33.846500410894706
1992-06-01,25.74,28.65,23.95,88.26,26.2,35.490781690871486
1992-06-02,1.49,28.65,24.55,82.71,26.32,34.322835344316445
1992-06-03,0.06,28.37,23.52,85.63,25.7,34.081235015857935
1992-06-04,5.2,30.55,24.08,79.59,27.22,39.26531146906292
1992-06-05,0.81,32.96,24.9,70.49,28.65,43.553445242055275
1992-06-06,0.27,33.41,24.31,71.43,28.7,45.461912227040834
1992-06-07,1.55,30.07,25.06,77.02,27.38,37.0408040567568
1992-06-08,10.66,33.08,24.29,72.17,28.23,44.690505527141596
1992-06-09,12.03,32.63,23.98,75.13,27.94,44.482868162692384
1992-06-10,19.77,29.08,24.91,84.29,26.94,35.95027745792445
1992-06-11,21.26,31.4,24.95,79.33,27.75,41.98389021849935
1992-06-12,13.51,31.02,24.15,79.22,27.17,40.667600588138846
1992-06-13,1.95,31.38,23.4,77.48,26.99,41.22665862404874
1992-06-14,0.08,32.36,23.89,74.4,27.9,43.25470082454848
1992-06-15,8.3,31.8,23.66,77.38,27.76,42.58810888887688
1992-06-16,8.42,32.01,23.73,78.47,27.71,43.75762929285126
1992-06-17,2.81,32.57,23.52,78.01,27.69,45.5636909333132
1992-06-18,4.65,31.87,24.88,80.96,27.74,44.30217076750077
1992-06-19,1.85,30.87,24.45,79.58,27.33,40.2986072455453
1992-06-20,3.68,33.7,23.13,74.2,28.08,47.84661023440045
1992-06-21,5.27,33.17,23.81,75.31,28.1,46.471502496091944
1992-06-22,1.96,31.34,24.55,80.31,27.58,42.14939030714121
1992-06-23,15.25,30.09,25.23,84.82,27.18,39.3932780695311
1992-06-24,5.51,30.92,24.82,83.72,27.34,41.940208945863006
1992-06-25,0.39,29.05,24.42,86.64,26.6,36.417894794234385
1992-06-26,2.9,29.11,24.85,90.15,26.61,37.49967173035384
1992-06-27,8.97,27.72,24.78,92.89,25.99,33.32968678323317
1992-06-28,13.75,28.5,24.16,89.73,25.89,35.315021729273
1992-06-29,33.99,28.62,23.92,89.3,25.85,35.61980156906303
1992-06-30,10.08,28.84,24.21,86.34,26.03,35.673324582368444
1992-07-01,11.99,28.09,23.89,88.33,25.58,33.733168884756346
1992-07-02,18.3,28.47,23.72,89.22,25.45,35.10955902681067
1992-07-03,10.72,27.52,23.46,89.88,25.24,32.24531269062665
1992-07-04,1.49,29.41,22.91,85.54,26.02,37.315893597564475
1992-07-05,0.04,29.58,24.3,82.19,26.59,36.97275372181378
1992-07-06,0.0,29.33,22.87,83.44,26.1,36.51877471814559
1992-07-07,0.0,30.17,23.9,80.93,26.54,38.46950209146891
1992-07-08,0.38,31.44,23.54,74.93,27.33,40.495166639846246
1992-07-09,0.25,32.75,24.36,73.68,27.86,44.25335803812614
1992-07-10,4.09,32.13,22.83,77.16,27.28,43.628360691229126
1992-07-11,35.65,29.06,24.03,89.18,26.04,37.078191026353615
1992-07-12,3.2,28.73,23.69,87.01,25.83,35.47371591140197
1992-07-13,1.45,32.11,22.76,79.03,26.77,44.35076985767143
1992-07-14,8.03,31.57,23.25,80.51,26.55,43.034487095847716
1992-07-15,33.49,29.15,22.38,85.32,25.64,36.41837152304265
1992-07-16,4.52,29.29,23.34,88.23,25.62,37.62482675012367
1992-07-17,7.79,27.13,23.5,92.27,25.15,31.37091385400706
1992-07-18,9.57,27.44,23.51,90.61,25.41,32.10483774194794
1992-07-19,6.16,27.89,24.22,91.3,25.83,33.62060071770037
1992-07-20,74.44,27.24,25.12,95.41,26.05,32.10748461257905
1992-07-21,19.87,26.76,23.66,92.39,25.01,30.273026808752295
1992-07-22,1.66,28.22,23.07,87.9,25.24,34.055606322739315
1992-07-23,17.31,28.82,22.78,85.85,25.52,35.50018633774788
1992-07-24,15.85,28.13,23.03,88.2,25.14,33.8330373114972
1992-07-25,4.2,28.27,22.55,88.85,25.36,34.3921693999367
1992-07-26,3.93,30.21,22.57,86.19,25.9,40.25007574828862
1992-07-27,31.06,28.94,24.04,90.62,26.1,37.01951482484298
1992-07-28,23.36,29.51,23.55,87.69,26.12,38.23841024771841
1992-07-29,26.9,28.15,23.31,90.41,25.17,34.303400763028066
1992-07-30,9.88,28.54,23.37,88.91,25.63,35.27272728803053
1992-07-31,11.81,28.11,24.24,91.47,25.68,34.37065703493056
1992-08-01,7.34,28.6,23.49,88.47,25.45,35.37393355634214
1992-08-02,1.5,30.57,23.36,81.7,26.67,40.018396668218706
1992-08-03,11.94,27.73,23.62,88.96,25.66,32.741666804931114
1992-08-04,4.62,29.92,24.21,84.62,26.49,38.75396983612689
1992-08-05,1.05,28.65,23.93,86.93,25.95,35.20292884048274
1992-08-06,15.2,28.05,24.0,90.04,25.43,33.913723959844106
1992-08-07,9.09,28.08,23.87,90.21,25.69,34.04042660671495
1992-08-08,11.62,28.04,24.11,90.91,25.71,34.03809534696114
1992-08-09,10.55,27.92,23.39,89.42,25.28,33.39684755528898
1992-08-10,7.21,28.74,22.31,88.36,25.33,35.80682839273574
1992-08-11,8.4,27.44,22.96,90.74,24.77,32.12261706616055
1992-08-12,1.46,27.1,22.67,89.58,24.79,30.97527425868751
1992-08-13,2.63,28.43,23.14,86.2,25.3,34.37226826221569
1992-08-14,10.12,27.69,22.98,91.94,25.15,33.08110429135521
1992-08-15,31.78,27.66,23.76,93.92,25.45,33.29486075235842
1992-08-16,39.25,27.1,23.16,94.11,24.98,31.49241546875798
1992-08-17,37.45,27.7,22.9,92.78,25.27,33.24637229691999
1992-08-18,77.9,26.8,24.29,94.79,25.4,30.617768515346693
1992-08-19,34.14,27.48,24.22,94.42,25.51,32.76978917941416
1992-08-20,39.76,27.25,23.66,94.4,25.3,32.01036427248283
1992-08-21,16.61,27.82,23.48,92.32,25.42,33.564890477852444
1992-08-22,8.82,28.0,23.48,93.79,25.43,34.428886111017874
1992-08-23,6.79,28.08,23.74,92.2,25.57,34.406876472397244
1992-08-24,16.79,27.51,23.88,92.72,25.4,32.62072341625286
1992-08-25,48.13,27.86,23.42,93.03,25.26,33.817830701387464
1992-08-26,28.87,27.75,23.2,93.88,25.22,33.59108521536671
1992-08-27,17.52,27.4,23.64,93.75,25.23,32.41134453908765
1992-08-28,61.59,27.01,24.0,93.55,25.22,31.14591967082693
1992-08-29,61.48,27.12,23.85,93.86,25.22,31.52653683029772
1992-08-30,59.27,27.84,24.52,92.92,25.88,33.732220418940024
1992-08-31,21.78,27.22,24.55,93.73,25.74,31.82874581971693
1992-09-01,19.58,28.35,24.14,93.21,25.9,35.535175104744624
1992-09-02,14.52,27.88,23.4,91.51,25.29,33.62399028163637
1992-09-03,10.87,26.36,23.25,93.55,24.55,29.19339024153513
1992-09-04,89.48,26.67,23.29,93.74,24.82,30.12356160289226
1992-09-05,82.9,26.37,23.4,94.34,24.74,29.272784964665682
1992-09-06,20.8,26.67,23.03,92.47,24.73,30.015981430262034
1992-09-07,8.94,26.93,23.14,92.74,24.71,30.814402058071014
1992-09-08,5.28,27.54,22.83,90.67,24.43,32.41873229458197
1992-09-09,30.65,27.96,22.13,91.63,24.73,33.90551238663095
1992-09-10,18.87,29.21,23.37,89.3,25.74,37.6296976595442
1992-09-11,5.29,29.51,23.13,86.11,25.89,37.80119585583709
1992-09-12,0.72,26.97,22.98,90.24,24.94,30.674354588819863
1992-09-13,1.3,28.13,22.12,90.7,25.01,34.29255449198902
1992-09-14,3.41,26.56,23.52,93.62,24.61,29.784878583961415
1992-09-15,7.9,27.64,23.26,90.95,25.18,32.76996453835547
1992-09-16,6.15,28.37,22.66,89.47,25.12,34.835217998888474
1992-09-17,24.05,26.95,23.04,92.33,24.66,30.83224667098452
1992-09-18,3.59,27.19,22.7,91.44,24.82,31.45476746439745
1992-09-19,15.31,28.68,22.68,89.67,25.62,35.90210014606137
1992-09-20,28.99,28.02,24.04,92.85,25.7,34.32470270181815
1992-09-21,109.44,25.01,23.65,94.7,24.14,25.543760777508123
1992-09-22,39.55,27.6,23.59,94.16,25.14,33.13141975425194
1992-09-23,6.3,27.08,23.27,91.54,25.01,31.136156128929656
1992-09-24,3.84,29.92,22.4,84.23,25.98,38.63815549504677
1992-09-25,0.13,31.21,24.01,84.49,26.95,43.29814598600305
1992-09-26,0.2,31.55,22.34,83.38,26.31,44.12614941178135
1992-09-27,1.26,31.18,22.26,86.02,26.09,43.79091134753048
1992-09-28,1.43,31.4,23.27,85.22,26.65,44.31452541117572
1992-09-29,7.09,30.53,23.39,86.79,26.3,41.620056655551736
1992-09-30,5.75,30.76,22.8,84.67,26.24,41.70792227237717
1992-10-01,0.41,30.93,22.87,81.5,26.31,41.1715444667845
1992-10-02,0.12,31.34,22.08,81.46,26.44,42.59033121592302
1992-10-03,2.81,31.38,22.44,80.02,26.52,42.177534345061254
1992-10-04,3.84,30.03,24.14,78.21,26.67,37.25388784144312
1992-10-05,6.12,28.86,22.72,83.96,25.22,35.20340631445531
1992-10-06,2.85,29.34,22.48,85.58,25.3,37.09716485851639
1992-10-07,0.17,30.28,22.82,81.95,26.11,39.137035754642895
1992-10-08,0.18,31.14,22.57,79.69,26.39,41.23544102375566
1992-10-09,1.94,31.39,22.94,80.14,26.74,42.25805670811503
1992-10-10,1.13,31.04,24.54,83.93,26.91,42.45355223702987
1992-10-11,2.97,30.36,24.07,82.14,26.68,39.46111828178526
1992-10-12,0.82,31.37,22.41,78.28,26.57,41.488897653955064
1992-10-13,0.04,30.73,22.02,81.81,25.81,40.595822645360236
1992-10-14,0.38,30.34,21.11,80.63,25.71,38.920938192373846
1992-10-15,1.21,30.8,22.53,83.23,26.42,41.33525023875525
1992-10-16,2.26,29.29,23.67,85.77,25.92,36.982970066767145
1992-10-17,5.58,27.51,23.22,90.42,24.96,32.29130615793893
1992-10-18,2.64,27.9,23.06,89.33,25.16,33.31979634872584
1992-10-19,7.11,28.74,23.54,89.66,25.24,36.1019941590323
1992-10-20,1.21,28.85,22.92,88.28,24.97,36.1511760970105
1992-10-21,8.75,29.74,22.37,85.68,25.48,38.456271035980826
1992-10-22,2.41,29.32,22.63,82.73,25.48,36.31068916654373
1992-10-23,0.58,29.62,21.65,81.16,25.05,36.824155717098066
1992-10-24,0.05,29.93,21.68,80.21,25.21,37.511755083121265
1992-10-25,1.81,27.91,21.82,81.31,24.46,32.071498758885475
1992-10-26,30.01,27.84,22.36,86.89,25.01,32.74359546406677
1992-10-27,1.53,28.14,22.17,88.07,24.74,33.84028090023176
1992-10-28,0.35,28.5,21.48,85.58,24.69,34.46068400811811
1992-10-29,0.11,31.08,22.32,82.25,26.13,41.967914309606066
1992-10-30,1.57,29.57,22.86,82.17,25.45,36.93652972667795
1992-10-31,1.64,30.17,22.37,81.09,25.76,38.51752696098021
1992-11-01,6.78,30.12,22.68,82.94,25.71,38.9152513293699
1992-11-02,1.59,29.18,21.64,80.82,24.39,35.436116045597224
1992-11-03,0.1,29.62,20.28,80.39,24.1,36.6229369342726
1992-11-04,0.11,30.08,18.78,80.64,23.63,38.099515532990374
1992-11-05,0.06,28.98,18.64,78.7,23.44,34.40745979908327
1992-11-06,0.0,28.42,18.36,74.77,23.24,32.26703864990507
1992-11-07,0.0,28.46,17.31,79.95,22.88,33.270182996034045
1992-11-08,0.02,28.98,20.03,76.71,23.98,33.99191304919978
1992-11-09,0.03,29.44,18.6,77.5,23.6,35.38932648118527
1992-11-10,1.22,29.23,20.76,79.76,24.08,35.333471231866355
1992-11-11,3.8,27.78,21.2,81.71,23.86,31.798982370899793
1992-11-12,11.73,27.32,22.07,86.23,24.1,31.19524162262874
1992-11-13,0.99,29.76,21.13,82.65,24.48,37.662586803542666
1992-11-14,0.09,29.42,20.15,81.69,24.08,36.35487035743323
1992-11-15,0.48,29.51,19.95,80.93,24.15,36.43307325671353
1992-11-16,1.49,28.79,22.61,83.61,24.96,34.918273604536154
1992-11-17,1.44,27.59,22.6,85.24,24.75,31.797497499098426
1992-11-18,0.51,30.0,21.29,79.19,25.11,37.43834154977278
1992-11-19,0.3,30.81,21.16,81.61,25.54,40.799241962156856
1992-11-20,2.16,29.29,22.73,86.62,25.44,37.20235373150976
1992-11-21,0.06,29.17,21.36,80.62,24.65,35.36104969971235
1992-11-22,0.06,27.9,20.04,81.56,23.59,32.08366186292956
1992-11-23,0.01,29.4,20.46,80.94,23.99,36.10827032520581
1992-11-24,0.07,28.72,19.57,79.92,23.56,33.95700496209113
1992-11-25,0.01,28.03,18.5,75.98,23.09,31.565151370142726
1992-11-26,0.0,27.41,17.12,75.06,21.61,30.107841382480704
1992-11-27,0.01,27.01,16.1,73.53,21.19,29.173870545610228
1992-11-28,0.03,28.57,17.51,78.52,22.72,33.29259256954406
1992-11-29,0.03,29.27,20.02,79.96,24.12,35.49395387325287
1992-11-30,0.23,29.83,20.45,79.98,24.71,37.144226502447225
1992-12-01,0.25,30.14,20.07,80.41,24.69,38.22001156803469
1992-12-02,0.47,30.15,20.75,81.75,24.57,38.65212724468407
1992-12-03,0.49,29.85,21.65,79.7,24.57,37.128145183904955
1992-12-04,0.89,29.53,21.09,79.65,24.27,36.16858009889696
1992-12-05,0.93,29.33,20.84,80.37,24.01,35.76418428042656
1992-12-06,0.14,29.66,20.36,79.79,24.08,36.58577380286469
1992-12-07,0.75,30.49,19.75,82.78,24.6,40.10612374347224
1992-12-08,0.54,30.17,20.6,81.17,24.56,38.54158167145756
1992-12-09,0.06,29.56,18.77,80.48,23.89,36.467332043761054
1992-12-10,0.02,30.5,20.55,77.07,24.78,38.323003637371094
1992-12-11,0.03,30.46,19.67,77.66,24.55,38.381899673456644
1992-12-12,0.32,29.75,20.11,80.37,24.6,37.00813981747194
1992-12-13,0.1,30.04,20.78,81.3,24.71,38.16639238664797
1992-12-14,0.02,29.61,19.66,77.6,23.99,35.884918090173386
1992-12-15,0.01,29.94,19.37,76.36,24.2,36.4920571023663
1992-12-16,0.03,29.83,19.79,78.19,24.14,36.663105509364684
1992-12-17,0.32,30.4,20.05,79.39,24.31,38.72743903941513
1992-12-18,0.31,28.51,19.58,81.07,23.09,33.611742806515196
1992-12-19,0.14,29.66,19.9,78.13,23.7,36.15916671244858
1992-12-20,0.01,30.07,19.4,75.89,24.32,36.73164611948815
1992-12-21,0.08,30.25,19.3,75.42,24.25,37.11017471233687
1992-12-22,2.71,29.91,19.96,80.39,24.23,37.500824042203774
1992-12-23,0.17,29.23,19.48,76.9,23.44,34.685082163300635
1992-12-24,0.39,28.31,18.15,77.22,22.1,32.41555291676086
1992-12-25,0.47,28.68,19.21,79.92,22.61,33.8492512998848
1992-12-26,0.6,29.08,18.63,79.98,22.88,34.96052250031278
1992-12-27,0.68,29.75,18.86,80.03,23.47,36.91705977919063
1992-12-28,0.42,30.56,19.67,80.27,24.49,39.51654812196508
1992-12-29,0.18,30.76,20.68,78.76,24.84,39.66620980962145
1992-12-30,0.02,30.18,19.1,75.82,24.05,37.023384321912125
1992-12-31,0.0,29.73,19.21,76.48,23.74,35.93826623256871
1993-01-01,0.0,29.82,17.72,73.8,23.31,35.511999854772995
1993-01-02,0.18,29.85,17.74,77.13,23.4,36.44095970975769
1993-01-03,0.11,30.03,18.95,76.49,23.71,36.78121150116405
1993-01-04,0.1,29.89,18.86,74.41,23.74,35.84968831544657
1993-01-05,0.09,29.24,17.82,75.12,22.96,34.32116387634729
1993-01-06,0.04,29.02,17.41,74.99,22.37,33.74175123359268
1993-01-07,0.04,30.12,17.71,75.31,23.37,36.714289868175655
1993-01-08,0.16,30.29,18.37,77.22,23.58,37.74089272282899
1993-01-09,0.03,30.4,18.57,76.22,23.45,37.77185527626688
1993-01-10,0.02,29.66,17.31,72.77,22.94,34.854729359171756
1993-01-11,0.0,29.79,16.78,72.5,22.66,35.11865983709741
1993-01-12,0.74,30.3,18.49,77.25,23.59,37.77928135933232
1993-01-13,0.04,30.33,18.09,74.01,23.36,36.9391244134537
1993-01-14,0.04,30.6,19.64,75.36,24.31,38.09977199436696
1993-01-15,0.0,30.65,20.81,77.23,25.07,38.82780395418099
1993-01-16,0.15,31.18,20.96,75.21,25.48,39.78866601127606
1993-01-17,0.19,30.34,20.6,71.38,24.79,36.2460923891737
1993-01-18,0.08,31.71,19.62,73.2,24.95,40.70629221924785
1993-01-19,0.01,32.03,21.15,71.63,25.68,41.10345385151145
1993-01-20,0.02,31.61,19.37,69.81,24.92,39.21898474147709
1993-01-21,0.01,31.66,20.15,70.38,25.1,39.556340723465766
1993-01-22,0.04,30.1,19.1,70.62,23.88,35.43716608330864
1993-01-23,0.03,29.72,18.23,74.02,23.09,35.30470314365409
1993-01-24,0.12,29.04,17.77,74.35,22.56,33.661589260006004
1993-01-25,0.31,28.11,18.82,72.56,22.42,31.241949140448487
1993-01-26,0.17,28.18,18.39,71.18,22.47,31.18784352799132
1993-01-27,0.03,26.84,18.16,75.7,22.04,29.033627297473245
1993-01-28,0.07,24.69,17.54,67.29,20.37,25.67244048632623
1993-01-29,0.09,25.57,17.12,69.03,20.47,26.68244285874533
1993-01-30,0.16,27.18,17.61,71.82,21.98,29.331947631533303
1993-01-31,0.11,29.82,19.31,69.45,23.69,34.477006511492405
1993-02-01,0.2,30.14,18.3,66.54,23.22,34.54294458999556
1993-02-02,0.11,27.34,17.39,61.6,20.9,28.65987212334749
1993-02-03,0.09,28.63,16.39,67.18,21.48,31.48038073906636
1993-02-04,0.12,30.54,17.02,69.78,23.28,36.329660139781595
1993-02-05,0.28,30.97,19.46,69.86,24.14,37.47632365373021
1993-02-06,0.07,30.67,19.47,71.06,24.31,37.02710018056285
1993-02-07,0.0,30.45,20.96,72.96,24.26,36.97387490565021
1993-02-08,0.92,31.94,19.22,71.96,24.93,40.95269622383934
1993-02-09,0.12,31.57,20.65,71.4,24.95,39.64776737135858
1993-02-10,0.09,31.07,20.38,72.96,25.34,38.715848417433236
1993-02-11,0.43,31.45,21.2,71.6,25.55,39.36707319576075
1993-02-12,0.1,31.0,20.87,72.57,25.21,38.390919787500266
1993-02-13,0.0,32.64,20.22,68.25,25.72,41.637563534133406
1993-02-14,0.2,32.81,20.17,68.16,25.72,42.11109956382385
1993-02-15,0.15,32.7,20.21,71.12,25.98,42.990047999584824
1993-02-16,0.03,31.08,20.99,70.63,25.21,38.008456757096695
1993-02-17,0.03,33.25,19.88,70.5,25.71,44.49915890539247
1993-02-18,0.07,34.72,20.32,65.34,26.79,46.83378657551348
1993-02-19,0.51,34.2,21.16,68.57,26.79,46.74330566520273
1993-02-20,0.36,34.48,22.63,64.87,27.36,45.82126093605284
1993-02-21,0.01,33.74,21.61,64.94,26.67,43.55410662944542
1993-02-22,0.01,34.74,19.66,60.78,26.46,44.64877106158966
1993-02-23,0.01,34.33,20.19,57.25,26.36,41.923118841069254
1993-02-24,0.27,32.9,20.46,58.66,25.2,38.79698145245274
1993-02-25,0.16,32.96,18.48,61.38,24.71,39.91513512667521
1993-02-26,0.26,32.99,18.86,63.66,25.25,40.85271608278819
1993-02-27,0.61,33.46,20.02,64.44,25.91,42.505244067409215
1993-02-28,0.09,33.19,20.98,64.79,26.27,41.8649682355576
1993-03-01,0.0,32.82,21.44,61.83,26.68,39.711869243040354
1993-03-02,0.01,34.2,20.76,55.83,26.22,41.0061764923197
1993-03-03,0.01,33.32,20.43,59.68,25.86,40.22472051328978
1993-03-04,0.01,33.35,20.23,60.83,26.33,40.7417763209003
1993-03-05,0.13,34.22,22.11,60.57,27.0,43.03853611709898
1993-03-06,0.05,33.93,22.02,65.07,26.81,44.192158471426154
1993-03-07,0.27,34.29,22.41,64.91,27.3,45.238231630318424
1993-03-08,0.13,34.26,21.19,59.28,26.87,42.59153391261408
1993-03-09,0.04,34.49,19.7,60.33,26.29,43.70680290552902
1993-03-10,0.0,34.55,18.69,58.99,25.89,43.276276190847256
1993-03-11,0.01,34.36,18.91,61.39,26.26,43.80885659470982
1993-03-12,0.17,34.65,21.27,60.08,26.76,44.05681176851002
1993-03-13,1.25,32.16,20.56,61.43,25.39,37.90226737393809
1993-03-14,0.03,33.96,19.27,59.72,25.77,41.94965955463127
1993-03-15,0.0,34.33,19.64,61.69,26.33,43.856930696134114
1993-03-16,0.0,33.25,22.05,62.41,26.81,41.08494733312125
1993-03-17,0.01,30.28,21.58,65.37,25.45,34.58301522677096
1993-03-18,0.1,34.96,21.82,56.84,27.15,43.45782398434535
1993-03-19,0.76,35.06,21.62,62.06,27.59,46.25261610207864
1993-03-20,1.27,33.69,23.23,66.03,27.31,43.88672978682071
1993-03-21,0.99,34.08,22.92,64.52,27.46,44.40112353681186
1993-03-22,1.86,34.13,22.03,65.77,26.93,45.14305255540911
1993-03-23,0.12,34.45,21.67,61.87,27.27,44.295317508266876
1993-03-24,0.0,36.06,20.23,56.86,27.01,46.63872346183198
1993-03-25,0.0,34.6,19.5,57.16,26.49,42.61165179918137
1993-03-26,0.0,35.61,20.05,60.14,26.9,46.982114736201794
1993-03-27,0.0,36.01,20.74,59.33,27.9,47.80360338249749
1993-03-28,0.0,36.71,22.44,58.31,28.64,49.46231742403464
1993-03-29,0.16,37.32,23.95,58.96,29.11,51.880114029832995
1993-03-30,0.03,33.54,23.9,61.44,28.06,41.498201346465585
1993-03-31,0.0,35.95,23.08,60.39,28.48,48.193458355215576
1993-04-01,0.63,36.96,23.42,60.06,29.14,51.343311232761266
1993-04-02,0.19,36.54,23.06,55.96,29.04,47.60456523549371
1993-04-03,0.0,38.07,22.57,53.11,29.53,50.665890415951715
1993-04-04,0.0,36.5,22.99,57.49,28.87,48.32673038379761
1993-04-05,0.0,37.2,23.99,55.92,29.66,49.62592558562711
1993-04-06,2.14,36.95,23.38,58.33,29.02,50.255245104364185
1993-04-07,2.82,33.87,23.72,64.78,28.09,43.87713509419313
1993-04-08,0.58,35.89,23.74,59.89,28.68,47.728846700155636
1993-04-09,0.04,36.29,24.15,60.02,28.83,49.08614282416709
1993-04-10,1.65,34.88,24.79,64.67,28.18,47.012718034344715
1993-04-11,10.59,33.62,24.26,72.64,27.46,46.77239896029263
1993-04-12,11.17,34.02,23.67,73.08,27.79,48.43659989191345
1993-04-13,4.27,33.58,22.99,72.3,27.42,46.46454700613498
1993-04-14,0.5,35.55,22.6,66.19,27.94,50.125977469852245
1993-04-15,0.04,37.21,21.82,63.7,28.61,54.59756482366946
1993-04-16,0.0,35.91,23.28,64.36,28.35,50.32120409151466
1993-04-17,5.32,34.44,23.92,68.96,28.26,47.76605257934165
1993-04-18,1.62,32.78,24.08,68.73,27.93,42.25187790828712
1993-04-19,3.42,34.17,23.34,69.06,28.04,46.88874690742412
1993-04-20,0.37,33.18,23.83,71.54,27.63,44.7392782465859
1993-04-21,6.85,35.07,23.23,66.75,28.33,48.76256684994419
1993-04-22,0.01,36.24,22.77,65.76,28.79,52.35170886264035
1993-04-23,0.0,37.01,22.19,56.5,28.98,49.36555638239804
1993-04-24,0.0,37.44,21.25,56.32,29.07,50.63443984066746
1993-04-25,0.0,37.73,23.53,61.63,29.71,55.10697514068122
1993-04-26,0.0,38.06,23.55,54.47,29.64,51.48646856936492
1993-04-27,0.24,37.77,21.74,56.43,29.18,51.78404575905748
1993-04-28,3.08,35.75,23.54,65.77,28.8,50.58907340190214
1993-04-29,5.86,34.47,24.36,68.05,28.65,47.394749893479926
1993-04-30,1.63,35.51,23.38,65.54,28.52,49.61178950042966
1993-05-01,6.01,33.28,23.33,71.46,27.63,45.03738447625469
1993-05-02,0.72,35.88,23.59,63.69,28.98,49.82636489783053
1993-05-03,0.09,35.46,22.56,60.4,28.73,46.65054336183582
1993-05-04,0.0,37.15,23.44,60.34,29.64,52.17228372558025
1993-05-05,0.0,37.16,24.52,58.81,30.0,51.24510895989576
1993-05-06,2.31,36.37,24.48,64.39,29.57,51.967877754321975
1993-05-07,0.56,35.65,25.23,65.23,29.67,49.921579085545794
1993-05-08,0.15,37.94,24.54,57.28,30.46,52.90634140677599
1993-05-09,0.23,37.86,23.93,56.46,30.34,52.10232561828737
1993-05-10,0.76,38.72,24.86,54.51,30.8,53.687681701196496
1993-05-11,1.51,36.73,24.16,60.4,29.77,50.77100956132295
1993-05-12,2.19,36.71,24.38,61.01,29.42,51.074509466109475
1993-05-13,13.05,31.73,24.22,73.21,27.4,40.77146299076902
1993-05-14,14.24,32.45,23.52,73.37,27.47,43.12225436523218
1993-05-15,3.16,35.72,23.09,65.43,28.49,50.28318188676431
1993-05-16,0.15,35.29,22.77,62.19,28.52,47.0467270114215
1993-05-17,1.85,32.88,24.1,66.12,27.97,41.50100389485722
1993-05-18,0.32,34.85,23.51,61.34,28.19,45.24793195684222
1993-05-19,0.02,35.1,23.28,59.78,28.74,45.241817928380016
1993-05-20,0.59,34.81,24.45,65.9,28.73,47.42184497890079
1993-05-21,0.4,37.11,23.55,60.79,29.57,52.319942151456594
1993-05-22,0.0,37.02,24.32,61.3,29.69,52.33017494268594
1993-05-23,0.19,37.32,23.9,58.72,30.06,51.728416200614845
1993-05-24,0.79,36.5,24.15,60.12,29.77,49.83411303871978
1993-05-25,5.63,30.87,25.27,72.01,27.85,37.852049031228134
1993-05-26,5.37,35.2,24.22,68.85,29.16,50.410406146194774
1993-05-27,0.73,36.27,24.27,66.09,29.49,52.67000695141745
1993-05-28,0.12,33.74,24.56,71.06,28.46,46.41173044324634
1993-05-29,0.01,32.98,24.55,69.35,28.22,43.12817068817243
1993-05-30,0.04,35.45,24.21,60.55,29.53,46.69714219465706
1993-05-31,0.77,36.72,24.87,61.62,30.13,51.48428104455814
1993-06-01,3.02,32.13,25.84,73.87,28.51,42.28495381259708
1993-06-02,0.25,34.47,25.52,68.7,29.33,47.73366493953509
1993-06-03,3.83,32.67,25.81,73.9,28.68,44.07969511942782
1993-06-04,1.44,34.46,25.31,69.17,29.3,47.946092934622975
1993-06-05,1.48,33.66,25.65,69.5,28.83,45.38902915668352
1993-06-06,2.28,34.96,25.16,67.7,29.43,48.90229809134731
1993-06-07,14.56,31.27,25.61,78.93,27.78,41.39479891833072
1993-06-08,8.69,33.07,24.89,74.98,28.78,45.955769991368015
1993-06-09,1.72,34.56,25.03,72.84,28.99,50.317979685136784
1993-06-10,4.6,35.43,25.28,68.31,29.35,50.93541783716345
1993-06-11,3.86,34.46,24.51,69.92,28.81,48.34419363180346
1993-06-12,2.14,30.62,25.13,81.12,27.18,39.99259712448034
1993-06-13,1.99,31.44,24.9,77.32,27.67,41.36449047475659
1993-06-14,0.97,32.7,24.77,73.67,28.29,44.080424849386844
1993-06-15,16.05,31.59,25.29,78.71,27.78,42.39548503658285
1993-06-16,20.94,30.4,25.04,81.91,27.41,39.52033194020837
1993-06-17,7.33,29.41,24.99,84.27,26.8,36.98299493775542
1993-06-18,7.92,33.23,24.58,73.39,28.22,45.76768272725012
1993-06-19,18.12,34.61,23.21,73.11,28.39,50.66213885498405
1993-06-20,29.9,30.12,24.15,86.02,26.99,39.87550482792013
1993-06-21,6.47,30.35,24.85,83.21,27.28,39.77077864511045
1993-06-22,1.49,31.15,24.57,79.74,27.2,41.28729715232856
1993-06-23,1.42,32.05,23.87,78.72,27.58,44.00431394326439
1993-06-24,3.54,32.66,24.18,77.81,27.79,45.8003006736006
1993-06-25,18.28,31.2,23.98,80.93,27.02,41.896879601648614
1993-06-26,107.4,26.9,24.75,93.96,25.98,30.847554045318777
1993-06-27,55.01,27.27,24.19,92.7,25.42,31.856660396288515
1993-06-28,3.68,28.58,23.74,87.73,25.89,35.1515666065401
1993-06-29,1.05,31.82,22.59,78.77,27.0,43.21476724415863
1993-06-30,0.38,31.16,23.51,80.77,26.99,41.698897610291404
1993-07-01,0.81,31.6,24.05,80.27,27.29,43.04516896244567
1993-07-02,11.06,31.89,23.56,80.13,27.49,44.02511361251234
1993-07-03,5.26,31.95,23.41,80.07,27.51,44.21694603907092
1993-07-04,3.34,30.7,23.78,81.75,27.18,40.473350768752574
1993-07-05,1.01,30.29,24.0,81.66,27.13,39.079359854239456
1993-07-06,7.16,32.44,23.33,78.81,27.52,45.45199253945347
1993-07-07,7.93,31.23,23.85,81.35,27.33,42.15949661415553
1993-07-08,9.49,30.44,24.11,84.43,26.64,40.482873235691535
1993-07-09,3.82,29.21,23.15,89.52,25.68,37.68762685854257
1993-07-10,3.02,30.21,23.6,82.52,26.46,39.08367944276803
1993-07-11,6.33,30.02,22.42,81.45,25.99,38.14676921740537
1993-07-12,1.0,28.82,23.39,89.06,25.51,36.23287581501826
1993-07-13,0.49,30.88,23.42,84.4,26.75,42.04545249648271
1993-07-14,1.83,31.5,24.21,83.38,27.33,43.93850123000788
1993-07-15,12.86,30.75,24.22,84.49,26.82,41.607066345642096
1993-07-16,26.53,29.52,23.89,87.22,26.04,38.141762263274295
1993-07-17,26.89,29.08,23.69,85.7,25.77,36.287318639485335
1993-07-18,1.29,28.56,23.47,88.31,25.54,35.210339718170346
1993-07-19,4.46,28.72,23.34,86.09,25.83,35.240961986768724
1993-07-20,0.6,28.74,24.02,85.89,26.09,35.259666591475316
1993-07-21,2.06,29.76,24.39,83.92,26.48,38.019269554971736
1993-07-22,27.39,26.54,22.89,89.15,24.44,29.392991469591145
1993-07-23,21.88,28.46,22.98,88.02,25.43,34.8302867094098
1993-07-24,13.98,29.07,24.19,88.2,26.04,36.86721423182621
1993-07-25,10.97,29.44,23.72,89.28,26.09,38.43715180744558
1993-07-26,30.1,29.09,23.34,89.94,25.95,37.37525895764156
1993-07-27,21.92,28.11,24.52,92.37,25.82,34.53984404765401
1993-07-28,24.27,27.8,23.85,93.39,25.39,33.67782234996652
1993-07-29,35.18,27.57,23.66,93.36,25.41,32.91006810652729
1993-07-30,30.12,26.23,23.64,92.74,24.93,28.776008047246087
1993-07-31,13.71,28.21,23.77,91.83,25.5,34.773666731221965
1993-08-01,2.24,29.32,23.46,89.15,25.9,37.97583883768024
1993-08-02,0.3,29.98,22.62,86.09,26.24,39.405390229967416
1993-08-03,8.7,29.43,24.5,85.16,26.18,37.28085720155626
1993-08-04,7.15,27.93,23.66,90.97,25.45,33.69296969889931
1993-08-05,1.5,31.32,22.91,79.69,26.73,41.84629327089838
1993-08-06,2.37,29.8,24.01,85.75,26.43,38.68094910238558
1993-08-07,7.97,27.93,23.87,88.81,25.87,33.324953432714864
1993-08-08,34.7,27.82,24.03,91.55,25.61,33.4366707097352
1993-08-09,21.53,28.63,23.69,89.97,25.69,35.80085831593423
1993-08-10,5.48,29.25,23.48,89.41,25.99,37.79918470260946
1993-08-11,3.55,27.41,22.83,90.55,24.74,32.00580831092067
1993-08-12,12.88,27.83,22.67,89.99,25.31,33.21162502318887
1993-08-13,29.28,27.11,23.49,94.29,25.09,31.545431303707637
1993-08-14,4.87,27.16,23.12,91.61,24.95,31.3844931018295
1993-08-15,3.16,27.08,23.27,91.49,24.82,31.13053909184291
1993-08-16,17.98,28.15,23.12,90.6,24.91,34.339062379642705
1993-08-17,36.88,28.43,22.63,87.85,25.1,34.70100514947463
1993-08-18,49.83,26.08,23.29,95.01,24.49,28.457996872548236
1993-08-19,62.6,25.82,23.27,94.91,24.29,27.710165611694354
1993-08-20,6.49,28.19,22.81,90.23,25.09,34.39931906538065
1993-08-21,2.3,30.19,22.42,84.9,26.23,39.7637852405886
1993-08-22,4.05,30.44,23.99,84.77,26.52,40.59708993852451
1993-08-23,5.5,30.82,22.95,82.86,26.68,41.273950737346695
1993-08-24,2.89,31.07,22.22,80.7,26.57,41.36397809784273
1993-08-25,4.48,30.16,22.78,86.45,26.28,40.15571493336274
1993-08-26,4.12,29.42,23.74,86.61,26.04,37.63453301175805
1993-08-27,27.61,28.24,23.04,88.7,25.5,34.26862813594529
1993-08-28,11.67,26.94,23.19,90.19,24.72,30.58358505521532
1993-08-29,12.13,26.62,22.86,92.26,24.57,29.85335211476569
1993-08-30,4.72,29.16,22.82,87.4,25.43,36.96877857180466
1993-08-31,9.52,31.2,23.39,84.57,26.82,43.292153705532684
1993-09-01,0.58,28.55,24.19,89.19,26.02,35.365059655861984
1993-09-02,8.0,29.37,23.82,85.58,26.17,37.195259139996466
1993-09-03,14.13,28.07,23.9,89.1,25.44,33.80859345664201
1993-09-04,11.72,26.9,23.32,91.58,24.74,30.60748020987738
1993-09-05,7.19,27.27,22.95,91.89,24.44,31.753822744150007
1993-09-06,6.06,28.48,22.48,88.22,25.17,34.93491520430928
1993-09-07,24.43,26.56,23.28,92.43,24.75,29.693455162863813
1993-09-08,36.54,26.88,23.0,92.92,24.64,30.68144676723034
1993-09-09,15.29,27.17,23.15,91.08,24.8,31.351880151851432
1993-09-10,15.8,26.96,22.66,92.45,24.43,30.8748611439401
1993-09-11,23.19,28.2,22.38,88.87,25.09,34.17463555340456
1993-09-12,15.91,27.27,23.44,91.71,25.01,31.731093728412652
1993-09-13,5.03,27.02,23.27,92.96,24.88,31.1121093247019
1993-09-14,1.72,26.9,22.81,92.03,24.62,30.652439743307223
1993-09-15,33.74,27.41,23.04,88.11,24.67,31.682357128805197
1993-09-16,16.88,26.2,22.6,94.43,24.35,28.779443539396148
1993-09-17,0.72,28.02,22.62,89.7,24.99,33.75808063661711
1993-09-18,1.79,30.39,21.2,84.04,25.52,40.1787950692414
1993-09-19,10.18,29.2,22.69,82.95,25.72,35.99857142536169
1993-09-20,10.41,28.3,22.83,90.59,25.16,34.82984979534674
1993-09-21,10.44,26.88,23.47,92.97,24.97,30.68642717470365
1993-09-22,1.2,28.11,23.48,90.8,25.49,34.24590319358154
1993-09-23,0.48,29.38,23.7,88.59,26.0,38.03415786837448
1993-09-24,0.49,29.69,23.72,87.23,26.15,38.73386172876697
1993-09-25,12.17,30.97,22.98,79.32,26.57,40.53770725117423
1993-09-26,13.43,29.96,23.24,85.71,26.25,39.21923323831382
1993-09-27,4.09,28.48,23.69,91.26,25.68,35.57327905658592
1993-09-28,4.38,28.08,24.21,90.74,25.76,34.13715581187811
1993-09-29,4.82,27.78,23.51,92.12,25.1,33.40102233111847
1993-09-30,7.1,28.31,23.43,90.52,25.5,34.84897806546549
1993-10-01,2.13,27.67,23.38,90.94,24.83,32.862311733636574
1993-10-02,2.65,30.13,23.22,86.4,26.01,40.03247190005945
1993-10-03,11.7,30.02,23.85,89.44,26.21,40.61220549138179
1993-10-04,66.25,27.58,24.51,93.0,25.9,32.88848919720079
1993-10-05,65.53,26.54,25.16,93.02,25.7,29.680229028501955
1993-10-06,75.45,26.35,23.8,94.43,25.32,29.219332318180577
1993-10-07,9.39,28.66,23.06,89.11,25.41,35.710489966609146
1993-10-08,1.74,26.43,23.15,91.64,24.34,29.268266815299285
1993-10-09,0.63,27.85,23.01,90.9,24.97,33.424837372318656
1993-10-10,0.6,26.42,22.96,91.36,24.47,29.221882352988125
1993-10-11,0.3,27.79,22.37,87.57,24.86,32.70441369698118
1993-10-12,0.87,30.17,21.98,85.96,25.68,40.0332209217862
1993-10-13,0.57,30.06,22.32,84.11,25.8,39.072159354859366
1993-10-14,1.42,27.95,22.19,85.97,24.68,32.913282522761726
1993-10-15,26.95,29.05,21.35,88.77,24.94,36.941327218380536
1993-10-16,0.54,28.8,22.57,86.88,25.21,35.66794858220448
1993-10-17,0.12,30.76,22.31,83.89,26.04,41.428449727188706
1993-10-18,0.35,30.29,22.59,82.51,26.0,39.34577318504435
1993-10-19,1.57,29.72,22.11,82.95,25.43,37.61838030169992
1993-10-20,0.45,30.6,21.78,86.25,25.73,41.688078063621184
1993-10-21,1.97,30.86,22.27,85.33,26.07,42.31571078927422
1993-10-22,3.25,30.68,22.46,86.28,25.94,41.995609313145806
1993-10-23,4.51,29.17,23.4,86.57,25.93,36.79296769463036
1993-10-24,0.37,30.39,22.5,83.94,25.61,40.145855717054346
1993-10-25,0.15,29.61,21.67,82.05,24.78,37.028592703789386
1993-10-26,0.22,29.79,21.11,81.49,24.92,37.43557591882396
1993-10-27,0.0,30.69,20.21,79.71,25.14,39.75494912801057
1993-10-28,0.05,30.42,20.21,80.76,24.83,39.21957851173115
1993-10-29,0.02,30.91,20.14,77.32,25.31,39.66281215740085
1993-10-30,0.93,30.73,21.83,78.41,25.56,39.45575491430517
1993-10-31,0.69,30.12,21.22,78.99,25.16,37.7441923536712
1993-11-01,51.91,28.4,21.64,84.01,24.41,33.86053167730087
1993-11-02,42.22,26.43,23.61,94.09,24.61,29.43376684537216
1993-11-03,3.18,27.78,22.33,91.51,24.93,33.3013832819794
1993-11-04,0.14,30.39,21.25,85.08,25.34,40.52410749975887
1993-11-05,0.63,27.4,21.54,90.53,24.28,31.97291997052831
1993-11-06,0.05,29.9,22.08,81.43,25.88,37.76239276413932
1993-11-07,0.05,28.91,21.89,81.45,25.08,34.801999711642274
1993-11-08,0.14,30.69,20.93,78.61,25.59,39.394368422171425
1993-11-09,0.05,30.53,22.15,78.7,25.83,38.91968234098827
1993-11-10,0.5,30.27,22.34,81.77,25.67,39.048236429625604
1993-11-11,0.04,30.3,21.84,83.96,25.58,39.84212152729966
1993-11-12,2.21,29.23,22.67,87.89,25.45,37.33029292528366
1993-11-13,0.31,26.63,23.38,90.24,24.63,29.719581516526343
1993-11-14,0.05,30.16,23.18,83.9,26.1,39.345436970762144
1993-11-15,0.48,29.31,23.08,84.66,25.85,36.76404342206559
1993-11-16,0.8,28.96,22.6,83.67,25.36,35.439893934660375
1993-11-17,0.35,29.65,21.44,84.54,25.12,37.832740542490505
1993-11-18,0.11,30.14,21.55,81.77,24.79,38.625850457641675
1993-11-19,0.04,30.48,20.83,81.6,25.02,39.68560010491445
1993-11-20,0.07,31.19,20.47,82.12,25.33,42.30947527658637
1993-11-21,5.57,29.97,21.77,83.26,25.18,38.51680201434826
1993-11-22,2.3,27.01,23.61,86.52,24.78,30.40260521940328
1993-11-23,0.81,28.3,22.99,85.49,25.24,33.84752649323186
1993-11-24,0.46,29.55,22.82,83.01,25.46,37.096003845692344
1993-11-25,2.22,30.43,22.45,85.31,25.64,40.74385356885725
1993-11-26,1.79,29.74,22.36,82.58,25.37,37.57963430837139
1993-11-27,0.38,30.84,22.14,84.95,25.42,42.10158229321199
1993-11-28,0.77,29.4,21.77,85.37,24.52,37.238295671023145
1993-11-29,0.18,30.55,20.74,83.04,24.9,40.39828723377128
1993-11-30,1.67,29.59,21.66,84.78,24.93,37.702047714991174
1993-12-01,0.59,30.61,21.01,84.05,25.08,40.95221525264476
1993-12-02,3.81,29.14,22.08,87.03,25.09,36.8092323869896
1993-12-03,2.49,29.26,22.48,86.93,25.33,37.18269294145861
1993-12-04,0.24,29.55,22.78,81.92,25.57,36.80938433237798
1993-12-05,0.66,29.65,21.99,77.74,25.09,36.03228678627275
1993-12-06,14.93,25.8,23.08,80.45,24.19,27.295444539116584
1993-12-07,2.51,27.5,22.79,83.17,24.41,31.28425840804688
1993-12-08,0.2,28.33,19.34,80.24,23.83,32.98166960267909
1993-12-09,0.15,28.98,17.2,79.99,22.99,34.683564872844094
1993-12-10,0.7,29.85,21.76,84.25,24.92,38.41079718950339
1993-12-11,1.81,29.61,22.01,86.02,24.92,38.112935408734494
1993-12-12,2.3,28.96,21.31,86.32,24.42,36.0510060259364
1993-12-13,1.24,29.56,21.5,84.52,25.21,37.533001048678514
1993-12-14,0.12,30.73,21.98,81.63,25.59,40.53402525741186
1993-12-15,10.86,28.9,22.75,84.08,25.12,35.350770641291454
1993-12-16,4.65,27.62,23.23,85.95,24.85,31.978977963627887
1993-12-17,1.19,27.11,21.83,82.15,23.99,30.20454492976423
1993-12-18,1.03,25.85,21.61,83.97,23.41,27.491726949594455
1993-12-19,0.25,29.09,21.4,82.94,24.75,35.66374272479705
1993-12-20,0.03,29.55,21.92,83.3,25.06,37.17301467194264
1993-12-21,0.33,27.73,21.43,81.97,23.76,31.70879129898764
1993-12-22,0.43,26.6,19.74,78.61,22.45,28.778167541692003
1993-12-23,0.1,25.84,18.4,78.22,21.3,27.308221618747204
1993-12-24,0.04,26.68,17.82,78.81,21.33,28.955985583186248
1993-12-25,0.02,25.82,18.21,78.16,21.0,27.270764491708707
1993-12-26,0.03,27.85,17.69,77.86,21.95,31.421804049141308
1993-12-27,5.54,25.99,20.24,76.18,22.14,27.50567921270235
1993-12-28,4.38,25.25,21.2,84.11,22.5,26.27407740534225
1993-12-29,0.85,27.86,20.92,85.15,23.89,32.52752886931282
1993-12-30,0.09,28.99,21.18,83.64,24.3,35.52370425017162
1993-12-31,0.1,29.59,21.07,83.74,24.54,37.418575525217975
1994-01-01,0.42,29.23,21.0,82.39,24.26,35.95455071520673
1994-01-02,0.65,29.83,20.92,83.59,24.41,38.15407119887949
1994-01-03,0.9,29.78,20.64,84.03,24.57,38.11611849846896
1994-01-04,0.08,29.11,19.78,80.91,23.77,35.25504922571461
1994-01-05,0.19,28.48,16.84,81.39,22.07,33.5904135347528
1994-01-06,5.4,28.8,20.33,81.66,24.1,34.53379042002186
1994-01-07,5.81,27.82,22.46,88.37,24.5,32.9195144638842
1994-01-08,3.4,28.17,22.25,88.17,24.63,33.951062750626996
1994-01-09,0.43,28.83,21.83,82.97,24.9,34.89856777494456
1994-01-10,1.37,28.27,21.98,86.75,24.73,33.99339115681121
1994-01-11,0.84,28.29,21.59,87.14,24.18,34.1277118081503
1994-01-12,1.4,28.13,20.69,84.81,23.51,33.232852978167614
1994-01-13,0.13,27.19,19.91,84.27,23.12,30.627429644770004
1994-01-14,0.01,28.25,17.98,80.76,22.82,32.86266048895433
1994-01-15,0.02,28.82,19.01,77.64,23.37,33.76759967899241
1994-01-16,0.13,28.59,18.58,79.5,23.21,33.52856137188369
1994-01-17,0.17,29.54,18.49,77.72,23.73,35.71896474568777
1994-01-18,0.04,29.69,19.01,77.68,23.9,36.13002697436126
1994-01-19,0.01,27.9,17.13,76.87,21.7,31.397555961169854
1994-01-20,0.01,29.17,17.34,74.48,23.09,34.00878221590525
1994-01-21,0.0,28.85,18.55,77.73,23.18,33.86329818473991
1994-01-22,0.08,29.66,19.21,78.4,23.77,36.22782608989099
1994-01-23,0.2,27.81,20.27,80.2,23.3,31.65759640361173
1994-01-24,2.93,28.29,19.87,81.52,23.23,33.10058677754847
1994-01-25,2.71,28.73,20.25,82.96,23.84,34.604769989114224
1994-01-26,1.12,29.7,21.79,83.05,24.82,37.58216377786957
1994-01-27,0.49,31.05,21.4,79.52,25.64,40.87301832479037
1994-01-28,0.17,29.71,21.31,80.61,24.82,36.95142139330002
1994-01-29,0.33,27.04,21.36,79.78,23.72,29.807956789156737
1994-01-30,0.62,28.07,20.12,78.42,23.14,32.02734028687289
1994-01-31,0.63,29.55,19.1,78.63,23.56,35.971425678463206
1994-02-01,0.29,30.58,19.15,75.75,24.19,38.159460701805855
1994-02-02,0.03,30.02,18.66,76.83,23.52,36.845018710631344
1994-02-03,0.62,28.43,18.46,76.19,22.53,32.53022239983133
1994-02-04,0.13,29.11,18.87,75.81,23.27,34.13738703816072
1994-02-05,0.0,29.57,18.25,74.63,23.28,35.05956126659259
1994-02-06,0.01,30.88,18.47,77.03,24.5,39.47282733335692
1994-02-07,0.44,31.78,21.53,77.76,26.04,42.67096186887779
1994-02-08,6.47,30.24,21.67,82.22,25.24,39.08958663907322
1994-02-09,0.45,31.62,21.27,77.44,25.67,42.00599525728195
1994-02-10,0.66,28.79,20.04,74.55,23.58,33.09635001758392
1994-02-11,0.13,31.11,19.24,75.56,24.5,39.69257720544287
1994-02-12,0.07,32.64,19.99,76.24,25.75,45.01249439087025
1994-02-13,1.77,31.64,20.83,78.28,25.39,42.39866034351457
1994-02-14,0.25,31.63,20.8,74.33,25.37,40.87156842228037
1994-02-15,0.12,31.69,20.67,75.28,25.64,41.414342203259736
1994-02-16,0.09,31.8,21.11,75.38,25.39,41.80736228031941
1994-02-17,0.13,31.78,19.36,75.77,24.98,41.8923101845234
1994-02-18,0.01,31.61,20.62,77.16,25.47,41.865519396998096
1994-02-19,0.0,31.72,21.22,74.52,25.61,41.2250434806304
1994-02-20,0.1,30.62,19.04,77.74,23.97,38.89665562230269
1994-02-21,0.45,30.94,19.3,77.08,24.5,39.676634725566714
1994-02-22,0.47,31.01,20.88,71.14,25.12,37.973405750508135
1994-02-23,0.13,30.98,19.57,74.52,25.01,38.95572044573883
1994-02-24,0.15,31.97,21.57,73.73,25.96,41.71768929313556
1994-02-25,0.81,27.94,22.06,79.3,24.49,31.84480768635719
1994-02-26,2.58,30.43,21.3,74.12,24.53,37.24827430483274
1994-02-27,0.61,30.56,20.21,71.58,24.36,36.88137904190307
1994-02-28,0.04,29.02,20.17,70.1,24.27,32.78970434122484
1994-03-01,0.09,31.96,19.52,68.39,25.18,39.71707160721874
1994-03-02,0.21,31.89,19.49,68.51,25.02,39.56186173100613
1994-03-03,0.11,31.89,18.97,70.06,24.92,40.109342135141624
1994-03-04,0.14,30.51,19.64,72.61,24.69,37.03832332242237
1994-03-05,1.34,31.9,21.06,73.37,25.35,41.35914480267098
1994-03-06,0.38,32.55,21.0,70.43,25.97,42.2346561023551
1994-03-07,1.12,33.21,21.14,73.13,26.62,45.57588016619158
1994-03-08,0.15,31.83,23.07,74.55,26.82,41.58621362320259
1994-03-09,0.0,33.56,23.05,71.6,27.64,46.05500027447144
1994-03-10,0.03,33.1,23.56,70.54,27.29,44.02726955733019
1994-03-11,0.62,32.95,21.33,70.05,26.48,43.33222953357935
1994-03-12,0.27,34.52,21.44,69.15,27.17,48.1452911930778
1994-03-13,2.17,34.45,22.42,71.34,27.39,49.07476351401211
1994-03-14,0.67,33.55,21.88,70.59,26.99,45.537911583249425
1994-03-15,0.39,33.52,21.5,68.46,26.69,44.44951507780088
1994-03-16,0.49,31.94,22.15,70.74,26.38,40.50229801407056
1994-03-17,0.18,34.71,21.22,68.94,27.15,48.700974252960364
1994-03-18,0.0,34.57,20.28,67.42,26.76,47.40763590396058
1994-03-19,0.01,34.43,20.82,68.36,26.55,47.41877189676305
1994-03-20,0.87,33.38,22.3,68.56,26.92,44.04732705922701
1994-03-21,0.62,33.52,21.48,67.12,26.67,43.84620916345599
1994-03-22,0.02,33.73,21.32,65.03,27.23,43.56368309033107
1994-03-23,0.03,34.61,22.93,68.16,27.66,47.93296654351341
1994-03-24,1.2,32.54,22.96,72.81,26.46,43.18241395381009
1994-03-25,2.61,32.45,22.1,68.21,26.11,41.06054623045956
1994-03-26,16.05,32.88,21.9,73.89,26.12,44.789222175847726
1994-03-27,0.45,31.5,21.02,67.74,25.24,38.23552501943172
1994-03-28,0.04,32.79,19.35,64.68,25.5,40.68697682839475
1994-03-29,0.15,33.79,20.84,65.14,26.66,43.79495270815963
1994-03-30,0.14,34.79,20.62,65.27,27.12,47.02775691072084
1994-03-31,0.03,35.43,21.64,62.43,27.51,47.623906910245296
1994-04-01,0.0,34.7,21.5,65.46,27.39,46.82963017103081
1994-04-02,0.03,35.56,22.92,64.07,28.43,48.95235215654714
1994-04-03,0.26,36.55,22.19,58.79,28.84,49.22387371046957
1994-04-04,0.05,36.54,22.2,59.35,28.68,49.51569955764392
1994-04-05,0.78,35.52,21.73,63.49,27.82,48.4956177528848
1994-04-06,4.44,31.84,23.94,71.77,27.58,40.57956398250158
1994-04-07,0.69,34.22,23.07,70.47,28.07,47.78608535003557
1994-04-08,3.68,31.12,23.07,75.24,26.49,39.615189433411764
1994-04-09,2.31,34.1,22.65,73.27,27.47,48.83235638467503
1994-04-10,0.42,35.36,22.55,64.28,28.12,48.394817217268155
1994-04-11,0.0,35.98,22.33,61.65,28.45,48.99503433919151
1994-04-12,0.07,36.63,22.91,60.08,29.18,50.24267021601835
1994-04-13,0.05,37.14,24.06,60.73,29.77,52.38640091235049
1994-04-14,0.26,36.76,23.59,61.18,29.28,51.350622090530614
1994-04-15,0.91,36.32,22.85,63.8,28.69,51.425227735258204
1994-04-16,0.08,36.53,22.32,61.82,29.03,50.95048246247373
1994-04-17,2.65,34.99,24.29,65.68,28.81,47.909098427139185
1994-04-18,0.48,34.25,24.06,67.79,28.19,46.51959265033867
1994-04-19,0.34,36.22,22.78,62.05,28.93,50.02916622600461
1994-04-20,6.48,36.49,23.99,64.52,29.46,52.48303382489337
1994-04-21,3.32,32.06,24.27,75.61,27.66,42.75299717946166
1994-04-22,3.39,34.35,23.57,69.83,28.13,47.90850327694563
1994-04-23,1.71,35.84,22.72,67.45,28.94,51.92688195425316
1994-04-24,2.29,36.27,23.66,65.57,29.22,52.34246934637211
1994-04-25,0.7,37.24,23.3,63.74,29.77,54.736953943370025
1994-04-26,0.07,36.96,24.77,62.28,30.08,52.7456351012552
1994-04-27,0.02,38.21,22.86,57.45,29.9,53.95005680881632
1994-04-28,0.02,38.57,23.54,58.0,30.32,55.60697297333421
1994-04-29,1.4,38.37,24.78,59.54,30.87,55.98534361310682
1994-04-30,1.81,34.16,26.21,67.96,29.3,46.30416799867647
1994-05-01,5.82,33.85,25.62,72.29,28.66,47.412420854630454
1994-05-02,3.16,34.22,24.76,71.92,29.3,48.55065143290588
1994-05-03,0.7,34.74,25.49,70.93,29.18,49.91121398676108
1994-05-04,6.85,31.37,25.69,76.58,28.11,40.866302563891374
1994-05-05,3.21,31.79,24.75,77.57,27.74,42.629548945681165
1994-05-06,2.18,29.97,24.81,80.29,26.84,37.65710160131512
1994-05-07,5.76,31.37,24.27,79.97,27.05,42.12391709663703
1994-05-08,3.1,29.47,25.09,80.63,27.02,36.23830228809183
1994-05-09,13.67,32.43,24.17,77.29,27.48,44.73643894520163
1994-05-10,20.41,30.41,23.82,79.7,26.75,38.85500224041989
1994-05-11,4.42,33.45,24.44,74.58,28.3,47.126883703940806
1994-05-12,2.65,31.11,24.91,80.66,27.54,41.4864322122388
1994-05-13,2.48,34.86,23.9,72.53,28.73,51.283727667443635
1994-05-14,1.96,30.71,24.92,81.16,27.4,40.3063435599087
1994-05-15,0.08,33.68,24.08,74.07,28.29,47.70688571964497
1994-05-16,12.49,30.85,24.1,83.07,26.72,41.454546610046485
1994-05-17,5.26,30.29,23.98,83.33,26.93,39.605882545431555
1994-05-18,13.22,30.3,24.8,83.98,26.93,39.84857535659062
1994-05-19,8.38,30.81,23.56,81.73,26.89,40.84110624061043
1994-05-20,6.54,33.36,24.05,76.68,27.95,47.84896916711919
1994-05-21,2.97,34.01,23.98,75.05,28.34,49.45480390693992
1994-05-22,4.36,33.69,24.77,78.31,28.16,49.98295998178466
1994-05-23,23.58,33.92,24.13,78.12,28.26,50.798570162454844
1994-05-24,13.98,32.77,24.98,77.54,28.31,46.077268287930515
1994-05-25,2.96,34.4,25.39,75.49,29.02,51.2153067824932
1994-05-26,3.78,28.65,25.16,89.2,26.54,35.69725531036002
1994-05-27,2.6,28.92,24.47,85.43,26.29,35.71792431086351
1994-05-28,0.54,31.7,23.4,78.18,27.27,42.56414638300484
1994-05-29,0.77,32.59,24.88,75.05,28.04,44.310015236611825
1994-05-30,1.39,31.09,24.67,77.55,27.39,40.31184067968212
1994-05-31,1.04,31.34,24.23,79.0,27.27,41.65610138147869
1994-06-01,2.21,32.95,24.0,75.26,27.98,45.661017984861644
1994-06-02,10.35,30.82,24.29,81.74,27.03,40.878831684754125
1994-06-03,4.36,30.02,23.61,80.51,26.51,37.87455876919316
1994-06-04,13.91,31.52,23.6,78.84,27.14,42.20647722479653
1994-06-05,9.09,28.55,24.43,84.66,26.24,34.4253605604702
1994-06-06,38.91,26.83,23.62,92.46,25.17,30.486686400284448
1994-06-07,3.67,29.02,23.75,88.06,25.78,36.66463992269473
1994-06-08,0.24,32.04,23.72,79.56,27.05,44.32558464699386
1994-06-09,0.03,33.22,21.96,75.08,27.57,46.54064052710831
1994-06-10,1.71,29.83,24.42,79.31,26.97,36.96262008940096
1994-06-11,1.95,29.97,24.05,83.85,26.65,38.69199478209862
1994-06-12,5.78,29.52,24.26,85.96,26.53,37.79362830368727
1994-06-13,8.7,29.93,23.56,84.19,26.52,38.65971427983412
1994-06-14,2.09,29.9,23.39,83.75,26.47,38.43040103708581
1994-06-15,1.49,29.71,23.78,83.22,26.57,37.6611452843567
1994-06-16,1.42,30.16,23.94,83.0,26.59,39.066277474669604
1994-06-17,2.23,31.06,23.31,80.67,26.74,41.31892403330157
1994-06-18,4.28,30.42,23.84,83.5,26.68,40.104432300842916
1994-06-19,6.99,29.15,24.06,90.95,25.98,37.85129488342307
1994-06-20,2.47,30.55,23.77,83.43,26.78,40.52994933577444
1994-06-21,6.07,31.18,23.1,83.26,26.74,42.70879244228259
1994-06-22,20.21,29.98,23.35,84.61,26.3,38.95367656413076
1994-06-23,23.36,30.04,23.86,89.59,25.98,40.736655831314074
1994-06-24,11.84,28.4,23.54,89.07,25.6,34.851642166377964
1994-06-25,4.7,30.43,22.92,84.05,26.55,40.3210464013455
1994-06-26,11.12,30.59,24.56,82.31,26.8,40.289547633610255
1994-06-27,3.43,29.45,23.31,82.52,26.24,36.656914924354005
1994-06-28,5.76,30.54,22.63,80.01,26.18,39.36796568296049
1994-06-29,4.69,32.25,22.41,77.39,27.14,44.14419728752197
1994-06-30,13.02,29.18,24.45,87.47,26.46,37.053494850588294
1994-07-01,23.36,30.89,23.25,86.64,26.51,42.920637027724105
1994-07-02,25.35,27.65,23.9,91.32,25.6,32.85769088673443
1994-07-03,8.98,27.9,22.92,90.82,25.04,33.57101470645322
1994-07-04,12.17,28.61,23.24,90.64,25.67,35.88175208300097
1994-07-05,8.55,28.48,23.67,89.99,25.43,35.30360248258043
1994-07-06,7.13,27.93,23.44,91.12,25.45,33.718887785598966
1994-07-07,16.93,27.82,24.16,92.91,25.55,33.663927295635546
1994-07-08,7.6,27.9,23.71,90.19,25.44,33.46423830442389
1994-07-09,2.97,27.21,24.26,91.14,25.41,31.478767322423607
1994-07-10,47.84,27.22,24.52,93.9,25.69,31.85005992745126
1994-07-11,41.75,27.65,24.68,93.4,25.83,33.17967106232039
1994-07-12,8.47,27.48,23.54,92.99,25.33,32.56315830373121
1994-07-13,4.35,28.56,23.06,89.49,25.32,35.462350269521075
1994-07-14,22.31,29.57,23.14,87.3,25.83,38.33673335274353
1994-07-15,18.44,27.98,23.55,90.16,25.37,33.71220337376016
1994-07-16,14.03,27.24,23.27,92.77,24.95,31.771604119677402
1994-07-17,6.12,27.89,23.39,90.53,25.13,33.49000857100594
1994-07-18,31.64,26.94,22.6,91.44,24.84,30.71072494539215
1994-07-19,49.48,27.93,24.17,93.28,25.63,34.09731241636487
1994-07-20,30.3,28.22,23.27,90.73,25.25,34.59325332728003
1994-07-21,6.87,27.03,22.95,90.58,24.64,30.883203455474774
1994-07-22,17.9,26.87,22.38,90.92,24.35,30.455438854356764
1994-07-23,49.82,27.16,22.4,91.75,24.38,31.401046175084147
1994-07-24,81.35,27.5,22.86,91.26,24.84,32.379567532709565
1994-07-25,64.32,26.8,23.06,93.69,24.83,30.513243972711166
1994-07-26,33.76,26.82,23.32,94.07,24.79,30.610879391406158
1994-07-27,42.01,27.86,23.15,92.49,25.25,33.725420778389996
1994-07-28,10.79,27.5,23.94,93.32,25.4,32.67554279113768
1994-07-29,10.71,27.23,23.95,93.83,25.19,31.873287248082654
1994-07-30,22.92,26.99,23.75,94.4,25.1,31.176141329582126
1994-07-31,17.47,27.69,23.73,92.71,25.38,33.20251854756365
1994-08-01,24.25,27.06,23.58,94.17,25.03,31.37229586747229
1994-08-02,48.05,26.34,23.56,95.77,24.83,29.27301429131578
1994-08-03,22.54,26.79,23.61,94.41,25.02,30.55051517045624
1994-08-04,7.08,27.05,23.86,94.06,25.18,31.32813998099469
1994-08-05,4.54,27.73,23.62,92.59,25.25,33.31420511567333
1994-08-06,24.78,27.01,23.03,92.56,24.77,31.037913937004774
1994-08-07,30.68,26.84,23.28,93.5,24.64,30.61707295731556
1994-08-08,5.31,27.01,22.89,93.06,24.62,31.092325912044846
1994-08-09,0.16,27.61,22.69,90.43,25.02,32.59892048425641
1994-08-10,0.0,26.91,22.8,87.82,25.16,30.26647665294098
1994-08-11,0.0,29.14,23.61,86.46,25.85,36.6672313103513
1994-08-12,0.0,28.54,22.78,88.49,25.36,35.18386893455133
1994-08-13,0.2,28.9,22.64,88.47,25.43,36.362128876835705
1994-08-14,0.01,28.73,22.51,87.34,25.26,35.54663065490669
1994-08-15,0.0,28.86,22.65,85.64,25.57,35.57808693814523
1994-08-16,0.1,28.85,22.65,87.78,25.27,36.03509121121454
1994-08-17,0.66,29.3,22.19,89.26,25.3,37.93509176899901
1994-08-18,2.16,29.25,23.26,86.83,25.75,37.123562658581164
1994-08-19,3.11,28.88,23.54,88.74,25.62,36.35913337653288
1994-08-20,11.96,28.75,23.25,89.13,25.52,36.01446711322155
1994-08-21,5.92,29.31,23.1,88.52,25.9,37.77126074886692
1994-08-22,0.08,29.43,23.7,87.17,26.24,37.81983336170245
1994-08-23,13.23,28.93,24.04,87.58,25.86,36.250673979806855
1994-08-24,22.61,30.75,23.16,85.49,26.49,41.96815816406166
1994-08-25,11.2,26.49,23.99,95.0,25.33,29.67808052485398
1994-08-26,3.55,26.64,23.32,93.16,24.77,29.985294979179386
1994-08-27,2.12,27.36,22.96,91.75,24.57,32.01319736976495
1994-08-28,1.8,28.47,22.3,84.9,25.13,34.236278714927295
1994-08-29,12.28,30.66,23.0,81.01,26.31,40.088870953765294
1994-08-30,9.67,29.96,23.33,84.89,26.31,38.97033893247367
1994-08-31,15.95,28.23,23.98,89.64,25.58,34.41605770791045
1994-09-01,2.91,29.48,22.96,87.2,25.84,37.99890528002888
1994-09-02,7.94,28.03,23.05,91.64,25.41,34.13746978988513
1994-09-03,6.59,27.53,22.96,93.8,25.01,32.84430930351104
1994-09-04,14.3,28.11,22.76,90.65,25.14,34.218113136232844
1994-09-05,2.85,27.4,23.26,90.03,24.92,31.906261831631145
1994-09-06,0.44,26.89,23.1,89.7,24.79,30.393820169836392
1994-09-07,16.48,26.89,22.37,90.04,24.44,30.426900934533787
1994-09-08,7.92,29.96,22.55,84.18,25.59,38.757108408548135
1994-09-09,4.3,30.29,21.37,85.12,25.57,40.18425441810703
1994-09-10,14.02,27.02,23.49,93.55,25.0,31.17703604300719
1994-09-11,9.05,29.02,22.63,86.02,25.6,36.17216926486486
1994-09-12,2.51,28.39,23.22,87.32,25.51,34.470381907932925
1994-09-13,20.85,27.62,23.36,91.27,25.12,32.755659619369055
1994-09-14,12.74,29.42,22.32,88.46,25.6,38.13847469019856
1994-09-15,24.87,30.44,23.34,85.18,26.24,40.73554112315843
1994-09-16,11.3,28.0,23.51,90.29,25.36,33.7986749738134
1994-09-17,4.29,26.28,22.91,92.47,24.45,28.90096773898933
1994-09-18,11.44,28.77,22.97,89.49,25.42,36.16422985376343
1994-09-19,2.9,29.47,22.79,88.42,25.83,38.30275367488702
1994-09-20,10.19,28.89,23.46,89.02,25.68,36.45925016589916
1994-09-21,3.41,26.31,23.4,92.89,24.65,29.00979877165293
1994-09-22,9.79,28.54,22.98,87.44,25.4,34.963825526957315
1994-09-23,7.86,28.84,23.07,87.54,25.69,35.94708303613805
1994-09-24,9.52,30.15,23.41,85.5,26.29,39.815457233165894
1994-09-25,14.51,28.23,24.0,88.63,25.61,34.22388377338766
1994-09-26,0.47,29.24,21.69,83.22,25.36,36.18617314120364
1994-09-27,2.0,29.43,22.08,82.69,25.49,36.638705859241846
1994-09-28,8.32,29.14,22.7,87.28,25.51,36.87185661996151
1994-09-29,13.63,29.55,22.98,88.42,25.6,38.58485887647774
1994-09-30,2.75,28.68,23.47,89.6,25.35,35.88638937579349
1994-10-01,0.58,29.82,21.99,83.46,25.46,38.084206321008146
1994-10-02,2.57,30.42,22.11,83.06,25.48,39.959982076879264
1994-10-03,0.1,30.02,20.49,79.55,25.08,37.60043330533594
1994-10-04,0.03,30.05,21.64,81.05,25.6,38.12496643616059
1994-10-05,1.51,30.8,22.74,83.88,26.24,41.56772166535288
1994-10-06,2.28,30.56,24.18,81.54,26.9,39.93202235608132
1994-10-07,4.28,30.9,21.72,81.04,25.95,40.905956068086226
1994-10-08,1.63,29.53,22.15,84.17,25.58,37.34146164933239
1994-10-09,18.76,27.89,22.61,89.3,24.8,33.28391442076012
1994-10-10,13.37,28.09,22.37,89.16,24.63,33.88201977558797
1994-10-11,14.76,28.31,22.21,90.0,24.83,34.74558193811916
1994-10-12,3.6,27.87,22.67,89.58,24.81,33.26851191740177
1994-10-13,1.62,28.35,22.07,88.53,24.94,34.58363504533796
1994-10-14,5.06,28.52,23.36,85.09,25.48,34.42248550551457
1994-10-15,7.62,29.82,22.89,82.19,25.99,37.724481024422836
1994-10-16,1.0,29.45,23.11,82.59,25.92,36.67486058960864
1994-10-17,0.07,31.02,21.76,80.37,25.89,41.075067508613635
1994-10-18,0.61,31.26,21.66,81.06,26.15,42.155060308175194
1994-10-19,0.27,31.14,21.98,80.46,25.96,41.51604425612504
1994-10-20,3.87,30.98,21.01,80.34,25.66,40.92934185097017
1994-10-21,10.21,27.47,23.22,83.35,25.17,31.230616647463485
1994-10-22,9.13,26.5,21.42,83.5,23.65,28.89861998718065
1994-10-23,0.0,29.47,20.51,79.41,24.41,35.9352514081004
1994-10-24,0.0,29.38,21.26,80.83,24.98,36.02211617463031
1994-10-25,4.41,29.43,21.94,84.49,25.18,37.10447186143935
1994-10-26,1.07,29.88,22.83,83.94,26.1,38.419858237053695
1994-10-27,0.01,29.13,22.57,83.86,25.28,36.00247435870592
1994-10-28,0.03,29.33,21.27,85.94,24.64,37.15793021706733
1994-10-29,0.27,29.79,19.79,82.98,24.46,37.85093313206046
1994-10-30,1.0,28.28,20.85,80.33,24.12,32.86706005421783
1994-10-31,0.59,27.24,20.48,81.68,23.2,30.464008878567807
1994-11-01,0.74,28.35,19.87,80.04,23.29,32.99866724961413
1994-11-02,0.05,28.61,20.21,79.91,23.79,33.65985170849828
1994-11-03,0.94,29.98,20.63,82.1,24.56,38.20867556762492
1994-11-04,0.52,29.3,20.28,82.35,24.12,36.15609680024094
1994-11-05,0.43,29.61,20.36,82.88,24.34,37.25030185546799
1994-11-06,0.0,28.11,20.96,81.39,23.99,32.601654342426514
1994-11-07,0.29,29.39,19.13,80.83,23.87,36.051600630951704
1994-11-08,0.18,29.08,19.25,79.98,23.62,34.96052250031278
1994-11-09,0.87,30.25,20.06,82.59,24.48,39.23795778150791
1994-11-10,0.37,29.69,20.0,79.18,24.22,36.51538078600923
1994-11-11,0.7,30.33,18.38,80.24,24.18,38.768463619314744
1994-11-12,0.18,29.92,20.15,81.1,24.37,37.73152504277543
1994-11-13,0.05,29.43,18.93,81.03,23.27,36.219636688080726
1994-11-14,1.88,29.81,19.98,81.92,24.24,37.61737749793879
1994-11-15,1.42,29.57,20.85,81.53,24.09,36.76884322732965
1994-11-16,0.2,28.71,19.51,79.2,23.34,33.7878743594517
1994-11-17,0.01,29.36,19.14,79.32,23.26,35.59887405457307
1994-11-18,0.01,29.7,18.49,78.3,23.74,36.316919734090334
1994-11-19,0.07,30.09,19.37,80.0,23.92,37.944250559972474
1994-11-20,0.27,30.23,18.81,81.47,23.94,38.825628036659026
1994-11-21,0.36,30.1,20.49,80.23,24.48,38.042214759649994
1994-11-22,1.65,31.13,21.27,82.32,25.33,42.1714484225418
1994-11-23,0.35,30.93,21.32,81.34,25.41,41.11453443000078
1994-11-24,0.02,30.7,20.96,79.15,25.22,39.60268273971015
1994-11-25,0.0,30.64,20.62,81.02,24.9,40.02573997898603
1994-11-26,0.0,30.99,19.28,79.74,24.86,40.750974727425984
1994-11-27,2.15,30.35,20.7,80.35,25.14,38.86611773723017
1994-11-28,1.23,30.57,21.09,79.84,24.99,39.409793250835406
1994-11-29,0.0,30.12,18.51,77.48,24.02,37.314465134675174
1994-11-30,0.0,30.39,18.53,77.56,23.65,38.139980529417116
1994-12-01,0.01,30.51,18.04,78.64,23.67,38.83841029268352
1994-12-02,0.01,30.02,18.94,77.38,24.02,36.995231342368925
1994-12-03,0.01,29.82,18.6,78.66,23.7,36.75889505438444
1994-12-04,0.02,30.54,20.18,77.01,24.58,38.42513180909003
1994-12-05,0.12,29.03,19.41,80.36,23.47,34.90417839166831
1994-12-06,0.82,30.58,20.36,81.04,24.28,39.833574527547434
1994-12-07,0.37,29.86,20.28,79.71,23.97,37.16093845811545
1994-12-08,0.05,30.38,19.94,78.42,24.3,38.36870210028982
1994-12-09,0.0,30.99,20.18,79.12,24.58,40.533808731225605
1994-12-10,0.0,30.27,17.95,78.16,23.53,37.95639370149806
1994-12-11,0.45,31.06,18.96,81.19,24.44,41.50778745094169
1994-12-12,0.02,30.58,19.66,76.27,24.43,38.3180459120857
1994-12-13,0.43,30.53,17.65,77.6,23.72,38.57661900457789
1994-12-14,0.66,30.04,19.08,79.44,23.46,37.63002860933555
1994-12-15,0.03,30.02,17.33,77.28,22.94,36.9678243126086
1994-12-16,0.13,29.96,18.65,77.79,23.17,36.93307017417933
1994-12-17,0.17,29.28,18.16,76.06,22.72,34.63023575930529
1994-12-18,0.04,28.89,18.6,73.55,22.57,33.1447033276068
1994-12-19,0.24,28.75,18.39,73.65,22.69,32.835468288869066
1994-12-20,0.07,28.51,19.95,70.78,23.17,31.81110789430135
1994-12-21,0.01,29.07,18.19,71.28,22.98,33.1257880733888
1994-12-22,4.39,28.65,21.67,78.12,24.33,33.42297541544399
1994-12-23,4.25,26.22,22.25,84.74,23.75,28.3341580215596
1994-12-24,2.98,29.21,21.66,81.62,24.4,35.7111674491721
1994-12-25,0.06,30.11,20.84,77.43,24.58,37.271136319228546
1994-12-26,0.0,29.23,19.75,78.43,23.94,35.0284477530783
1994-12-27,0.06,29.11,20.88,81.72,24.11,35.4404970721574
1994-12-28,0.0,30.16,19.87,75.29,24.35,36.82063932313869
1994-12-29,0.12,30.92,18.33,77.07,24.44,39.61076318616702
1994-12-30,0.04,31.39,20.45,78.88,25.45,41.7800639296471
1994-12-31,0.24,31.68,20.9,77.28,25.56,42.14493748217216
1995-01-01,0.04,30.1,20.99,70.88,24.39,35.50238005944079
1995-01-02,0.23,29.53,19.94,69.65,23.51,33.84587623549558
1995-01-03,1.12,30.91,20.01,74.61,24.72,38.777331960850475
1995-01-04,0.27,30.88,21.51,78.02,25.28,39.802223805510586
1995-01-05,0.4,29.01,21.64,80.04,24.49,34.777928168518
1995-01-06,0.38,30.27,19.45,72.51,24.18,36.36541596260926
1995-01-07,1.09,29.63,20.0,74.68,23.81,35.228037235738945
1995-01-08,1.45,30.72,20.12,76.4,24.58,38.77855549164319
1995-01-09,2.61,30.5,20.53,78.18,24.89,38.664156737791465
1995-01-10,0.84,30.79,20.45,76.31,24.8,38.962020727821795
1995-01-11,0.08,30.73,20.02,75.48,24.54,38.519391587903584
1995-01-12,0.0,30.23,20.01,75.3,24.29,37.02008375493008
1995-01-13,0.01,30.11,18.89,72.0,23.7,35.81245818316072
1995-01-14,0.36,30.78,17.98,71.06,23.75,37.32208091761408
1995-01-15,0.53,29.96,18.96,72.82,23.52,35.63264139042163
1995-01-16,0.02,30.08,17.79,70.92,23.22,35.462192341175495
1995-01-17,0.08,28.78,17.27,71.23,21.92,32.46805290405204
1995-01-18,0.5,28.48,16.37,73.48,21.46,32.18848261598633
1995-01-19,0.14,29.68,15.98,73.3,22.07,35.029677709312736
1995-01-20,0.01,29.92,15.86,73.64,22.01,35.73454727420486
1995-01-21,0.09,30.88,16.78,71.67,23.34,37.77661737177247
1995-01-22,0.08,31.29,18.56,73.23,24.57,39.448880968974514
1995-01-23,0.16,31.63,21.5,73.97,25.76,40.74005260721594
1995-01-24,0.18,32.11,21.28,73.7,25.6,42.15313211280855
1995-01-25,0.61,32.25,20.51,73.37,25.33,42.471975720172146
1995-01-26,0.56,31.31,20.54,74.18,25.08,39.83250129888526
1995-01-27,1.21,31.24,21.39,74.7,25.21,39.797999367589746
1995-01-28,0.21,30.42,21.83,75.51,25.17,37.6218413313349
1995-01-29,0.01,31.07,20.75,69.47,24.88,37.625943793702525
1995-01-30,0.09,31.48,20.35,67.82,25.09,38.20766450110369
1995-01-31,0.15,31.33,20.08,68.18,24.92,37.921744438571196
1995-02-01,0.19,30.55,19.48,65.65,24.03,35.267992622933065
1995-02-02,0.83,29.43,19.28,68.58,23.43,33.39686351361804
1995-02-03,2.17,30.1,20.66,69.47,24.01,35.1522321281541
1995-02-04,2.98,30.2,20.37,78.54,23.86,37.85616019185433
1995-02-05,0.96,28.82,19.14,74.04,23.3,33.07198175738194
1995-02-06,0.3,27.24,18.64,67.02,21.94,28.991725456368158
1995-02-07,0.15,28.8,17.43,68.51,22.29,32.038379847536675
1995-02-08,0.18,30.46,17.2,69.91,23.35,36.160708955399656
1995-02-09,0.01,30.73,19.36,69.96,24.36,36.87127643541557
1995-02-10,0.08,31.61,18.87,68.26,24.53,38.70126177444575
1995-02-11,0.14,30.83,20.06,69.57,24.98,37.02102579127235
1995-02-12,0.05,32.82,20.82,69.84,25.95,42.8334852080252
1995-02-13,0.0,32.71,20.81,71.88,25.94,43.3427062116467
1995-02-14,0.12,32.31,21.86,73.24,25.9,42.613096627775704
1995-02-15,0.08,32.85,20.65,69.32,25.46,42.710050395444924
1995-02-16,0.04,33.38,19.0,62.29,25.65,41.39653079830664
1995-02-17,0.45,33.38,20.28,65.94,25.99,42.90331960150988
1995-02-18,0.48,32.74,20.1,67.28,25.69,41.550588867817204
1995-02-19,0.06,33.52,20.43,65.51,26.2,43.139712156103215
1995-02-20,0.01,32.82,20.44,67.13,25.99,41.72670813893432
1995-02-21,0.0,33.42,20.16,63.9,25.93,42.16382503493725
1995-02-22,0.0,33.8,19.75,65.89,26.06,44.16383780079131
1995-02-23,0.0,34.21,20.6,65.51,26.62,45.272727791766236
1995-02-24,0.0,34.11,21.48,64.04,26.88,44.27183289706512
1995-02-25,0.0,33.88,21.02,63.94,26.52,43.5319475172154
1995-02-26,0.5,33.44,21.01,66.21,26.19,43.20064192841654
1995-02-27,0.39,34.13,20.54,66.73,26.53,45.60337682154407
1995-02-28,1.66,33.38,21.95,66.85,26.65,43.29475271740389
1995-03-01,1.5,33.4,21.14,66.0,26.31,42.98917633367119
1995-03-02,1.33,32.87,20.82,66.65,26.25,41.68232964430947
1995-03-03,0.14,31.64,22.51,68.32,25.85,38.80313151000445
1995-03-04,0.47,33.05,21.54,65.96,26.07,41.932362170516726
1995-03-05,0.11,30.85,19.94,58.79,24.42,34.241530963150936
1995-03-06,3.36,30.98,19.59,63.64,24.36,35.74080247706934
1995-03-07,1.57,31.74,20.05,67.97,25.09,38.960454298863596
1995-03-08,0.31,30.89,21.24,68.96,25.06,37.00098069046311
1995-03-09,0.01,32.18,20.61,63.91,25.71,38.76819656246852
1995-03-10,0.0,33.71,21.68,62.18,26.67,42.27750738869828
1995-03-11,0.0,34.35,20.74,62.15,26.74,44.12643123955165
1995-03-12,0.3,34.13,21.54,66.88,26.83,45.67599556179463
1995-03-13,0.59,35.94,21.38,64.38,27.63,50.43770128261144
1995-03-14,0.03,36.62,21.3,62.9,28.08,51.93015364160134
1995-03-15,0.04,35.85,21.14,61.54,27.78,48.505773765914704
1995-03-16,0.01,35.96,22.62,62.92,28.02,49.654021324471046
1995-03-17,0.01,35.92,21.68,61.55,27.96,48.740876115271845
1995-03-18,0.0,36.42,20.67,57.55,27.76,48.11037068997182
1995-03-19,0.0,35.17,20.09,59.02,26.79,45.079961071712354
1995-03-20,0.01,34.22,19.84,59.67,26.46,42.6478217044475
1995-03-21,0.46,32.51,20.47,66.56,26.02,40.60880503942524
1995-03-22,0.05,35.24,21.74,60.95,27.12,46.25023452141428
1995-03-23,0.47,35.61,20.01,61.59,27.16,47.75409376626429
1995-03-24,0.03,36.19,21.29,61.95,27.71,49.86915006985798
1995-03-25,0.0,35.79,21.34,62.79,27.74,49.00703358366013
1995-03-26,0.19,34.89,22.89,62.19,27.79,45.78781582787556
1995-03-27,0.8,35.66,22.44,63.8,27.75,49.13918988665191
1995-03-28,1.0,36.18,22.37,62.48,28.19,50.1459757260087
1995-03-29,0.08,35.95,22.33,59.44,28.26,47.674379123674335
1995-03-30,0.29,36.88,21.67,56.66,28.73,49.0480564170006
1995-03-31,0.0,37.02,23.78,61.27,29.36,52.311053600109226
1995-04-01,0.0,36.95,24.18,55.14,29.26,48.39789838346639
1995-04-02,0.0,37.13,22.32,56.28,29.11,49.61667764670264
1995-04-03,0.1,36.35,23.63,59.6,29.39,49.04138731063711
1995-04-04,0.79,36.42,24.78,56.87,29.37,47.7358022821141
1995-04-05,0.25,38.09,23.69,57.33,29.81,53.45361017838867
1995-04-06,0.0,38.38,23.84,54.8,30.06,52.74756311982964
1995-04-07,3.57,36.98,23.5,59.85,29.06,51.28133887843686
1995-04-08,0.22,36.95,22.99,60.9,29.0,51.83287838058027
1995-04-09,0.01,37.44,22.9,56.63,29.37,50.82472151389342
1995-04-10,0.01,37.39,23.35,56.54,29.51,50.60692365096936
1995-04-11,0.0,36.61,23.66,59.23,29.22,49.674528763519305
1995-04-12,1.15,36.62,24.65,60.27,29.31,50.32258405887549
1995-04-13,1.56,36.59,21.81,62.13,28.9,51.3474401491263
1995-04-14,0.28,36.98,23.69,61.64,29.44,52.4063077471422
1995-04-15,3.04,37.27,24.19,62.7,29.31,54.144463151609635
1995-04-16,0.37,38.29,23.97,60.25,29.54,56.201721990521
1995-04-17,0.09,37.68,21.71,57.91,29.21,52.432562011749795
1995-04-18,0.03,38.12,23.31,54.9,29.75,51.9564110231633
1995-04-19,0.0,38.42,23.51,54.82,29.74,52.8936507514263
1995-04-20,0.18,37.43,23.39,53.0,29.63,48.63539697391153
1995-04-21,0.15,37.59,22.42,55.53,29.12,50.63410031126149
1995-04-22,0.03,37.95,21.2,53.03,29.32,50.24227614886569
1995-04-23,0.0,39.04,22.84,51.58,29.84,52.757087380215985
1995-04-24,0.28,37.92,22.85,55.2,29.8,51.49536965268641
1995-04-25,1.22,38.04,23.28,54.73,30.27,51.58693932571887
1995-04-26,0.17,37.02,24.5,56.49,29.74,49.39136179837873
1995-04-27,0.08,37.0,21.86,51.36,28.92,46.48227962237293
1995-04-28,0.43,37.49,23.58,57.6,29.42,51.5939674666337
1995-04-29,0.04,38.55,23.5,53.78,30.18,52.63291015979577
1995-04-30,0.04,37.71,23.36,52.28,30.07,49.06079413264827
1995-05-01,0.16,37.91,24.43,53.23,30.15,50.23976764426989
1995-05-02,0.94,36.17,23.9,57.13,29.4,47.11302969984709
1995-05-03,0.37,37.59,23.23,53.57,29.74,49.45367784457697
1995-05-04,0.16,37.58,24.19,55.63,30.08,50.66333363158634
1995-05-05,0.0,37.76,24.17,53.56,30.32,49.97321108588828
1995-05-06,0.02,38.21,23.96,56.24,30.41,53.13433260311788
1995-05-07,0.07,37.67,25.02,54.83,30.56,50.461082739716566
1995-05-08,0.1,38.03,24.88,57.37,30.55,53.274017510152554
1995-05-09,1.15,38.06,24.71,55.8,30.24,52.34105009379104
1995-05-10,1.41,37.11,24.81,55.39,30.17,49.03402561693393
1995-05-11,3.38,37.57,23.99,59.17,29.7,52.8747306310818
1995-05-12,9.58,29.86,23.95,73.17,26.8,35.4606902295104
1995-05-13,13.84,28.46,23.56,83.23,25.52,33.88353141014218
1995-05-14,16.22,28.32,22.99,86.01,25.27,34.00442611944217
1995-05-15,17.8,28.78,23.72,85.95,25.81,35.39740217608049
1995-05-16,16.57,28.83,23.67,87.68,25.87,35.946677828542846
1995-05-17,6.29,29.38,23.93,86.11,26.36,37.3676001863815
1995-05-18,3.11,31.69,24.05,79.45,27.45,43.03429206664495
1995-05-19,0.37,30.67,24.72,76.97,27.3,38.806832759799924
1995-05-20,0.51,31.12,25.0,76.2,27.51,39.941219152521704
1995-05-21,0.3,32.19,24.16,76.29,27.63,43.47081370020002
1995-05-22,5.1,30.96,24.48,79.4,27.22,40.53260395988761
1995-05-23,5.32,28.9,24.41,87.32,26.17,36.09142200396237
1995-05-24,12.34,30.88,23.38,81.84,26.41,41.12029707644842
1995-05-25,7.8,30.32,23.27,83.14,26.35,39.64663342620727
1995-05-26,13.86,29.78,23.85,84.66,26.4,38.29662354919233
1995-05-27,5.25,29.38,24.57,83.84,26.48,36.77686385010726
1995-05-28,16.71,30.7,23.65,82.4,26.7,40.69623733053975
1995-05-29,19.5,28.38,23.85,83.6,25.85,33.72622224639188
1995-05-30,3.69,28.98,23.41,83.89,26.01,35.550498393967025
1995-05-31,3.35,33.87,22.67,73.34,27.76,48.0242838969146
1995-06-01,4.66,32.76,23.42,76.22,27.83,45.429270361422226
1995-06-02,10.76,30.91,24.52,79.74,27.37,40.48552607916169
1995-06-03,14.1,30.24,25.14,85.54,27.06,40.1450042420552
1995-06-04,8.56,30.84,24.4,84.29,26.85,41.85999343091961
1995-06-05,12.02,27.48,24.33,92.15,25.55,32.443317348433794
1995-06-06,17.8,29.19,23.66,88.13,25.92,37.256229111979934
1995-06-07,16.74,28.0,23.68,90.69,25.36,33.869360196144186
1995-06-08,7.64,28.99,23.47,87.88,25.73,36.52075163363201
1995-06-09,1.33,29.97,23.36,86.5,26.24,39.496906888629695
1995-06-10,0.26,30.21,23.85,85.92,26.74,40.162224570959594
1995-06-11,0.04,32.16,24.89,79.19,27.86,44.60012205604549
1995-06-12,0.0,32.31,24.7,77.48,28.0,44.39438546004719
1995-06-13,0.35,32.36,25.01,76.23,28.28,44.02949625764769
1995-06-14,2.83,32.96,24.06,76.58,28.12,46.31842229295358
1995-06-15,1.84,29.31,22.69,86.03,26.05,37.11551933005702
1995-06-16,1.28,31.25,24.25,81.85,27.45,42.42021934087603
1995-06-17,0.77,31.69,24.6,81.7,27.79,43.95123494439858
1995-06-18,7.97,30.44,25.01,82.71,27.67,39.913359048989555
1995-06-19,0.4,32.42,24.56,78.01,28.21,45.020043087673464
1995-06-20,0.62,34.0,23.76,71.69,28.65,47.639242833092254
1995-06-21,0.01,34.25,22.29,71.38,28.46,48.371704532781706
1995-06-22,0.32,33.76,24.86,72.84,29.04,47.37032155357318
1995-06-23,3.21,34.07,25.04,74.6,28.88,49.43821457567011
1995-06-24,1.13,34.49,24.8,72.62,29.16,49.93009431124734
1995-06-25,4.26,33.19,25.67,76.75,28.61,47.24799350041621
1995-06-26,10.88,31.9,25.34,79.18,27.85,43.664563296157844
1995-06-27,2.81,32.88,24.62,76.74,28.21,46.102949315876884
1995-06-28,16.57,31.55,24.79,78.29,28.14,42.096995069522016
1995-06-29,12.1,30.93,25.12,83.64,27.54,41.94678631416391
1995-06-30,15.15,28.03,24.64,90.24,25.88,33.88563447768705
1995-07-01,5.44,29.69,23.77,86.04,26.25,38.38994018527464
1995-07-02,8.25,29.46,24.22,86.46,26.38,37.728592347651606
1995-07-03,6.27,30.68,23.74,83.88,26.75,41.1406370749435
1995-07-04,8.22,29.2,24.25,87.6,26.36,37.15393327455454
1995-07-05,3.7,28.03,23.96,88.15,25.85,33.517671070936935
1995-07-06,9.07,29.07,23.34,86.14,25.56,36.361578294243714
1995-07-07,14.44,28.67,22.79,85.09,25.81,34.87350073199663
1995-07-08,4.04,29.69,23.79,89.59,26.16,39.43231668638335
1995-07-09,27.6,28.7,24.07,89.71,26.09,35.97841209145909
1995-07-10,21.57,26.83,24.02,89.72,25.45,30.228276232558926
1995-07-11,17.59,28.14,23.25,88.44,25.43,33.90753632652086
1995-07-12,6.5,27.14,23.19,89.14,24.79,31.03969821422535
1995-07-13,10.57,30.09,22.74,83.98,26.24,39.13352549162477
1995-07-14,9.53,28.79,23.31,85.03,25.66,35.22603489980617
1995-07-15,5.85,29.22,22.44,83.92,25.93,36.29567654464674
1995-07-16,6.01,29.8,23.81,82.75,26.6,37.81822646358556
1995-07-17,8.02,30.27,24.78,80.49,27.13,38.65438243571761
1995-07-18,5.05,31.96,24.11,78.8,27.76,43.718973735694966
1995-07-19,2.77,30.32,24.26,83.63,27.06,39.80416476164396
1995-07-20,4.08,30.2,24.4,84.94,26.75,39.81129446054795
1995-07-21,12.27,27.59,23.88,90.86,25.42,32.60081907422396
1995-07-22,4.31,28.38,23.2,87.23,25.38,34.42172312053228
1995-07-23,5.52,28.29,22.95,88.06,25.4,34.303264012545604
1995-07-24,2.18,27.6,23.25,90.63,25.18,32.59774585436288
1995-07-25,0.54,28.27,23.82,83.0,25.97,33.308077609136845
1995-07-26,7.35,29.81,24.04,84.98,26.29,38.48967705642216
1995-07-27,19.08,28.44,24.02,89.99,25.7,35.1710170910081
1995-07-28,31.66,27.01,23.97,93.11,25.04,31.097782416988974
1995-07-29,29.38,26.78,23.88,94.0,25.09,30.48117640303631
1995-07-30,16.53,26.99,24.08,93.72,25.48,31.10219305080932
1995-07-31,3.22,28.19,24.4,89.88,25.98,34.33297220832172
1995-08-01,7.49,30.74,23.72,82.65,26.69,40.921006021410236
1995-08-02,8.37,30.25,24.11,84.25,26.44,39.7634539306884
1995-08-03,20.77,30.0,23.31,87.98,26.22,40.06848077262434
1995-08-04,3.17,28.16,24.26,88.92,26.07,34.05805080887113
1995-08-05,5.85,31.1,23.77,82.81,26.77,42.24853449559075
1995-08-06,2.12,30.96,24.02,83.15,26.88,41.87413725325161
1995-08-07,13.42,30.98,23.52,84.35,26.79,42.3921367961151
1995-08-08,16.44,30.87,24.05,82.88,27.17,41.45684747116382
1995-08-09,32.39,27.59,24.07,92.46,25.63,32.83950326314026
1995-08-10,17.21,26.9,23.61,92.61,24.85,30.71068513652063
1995-08-11,0.46,30.06,23.13,83.69,26.42,38.94410420030957
1995-08-12,0.89,30.03,24.31,82.41,27.0,38.46106989353991
1995-08-13,12.14,28.52,24.44,83.92,26.38,34.18991752593315
1995-08-14,5.35,29.82,23.18,82.26,26.09,37.74413845762152
1995-08-15,3.08,26.6,23.09,91.8,25.0,29.759257743279818
1995-08-16,18.96,30.18,23.33,86.54,26.35,40.25658524815977
1995-08-17,5.8,29.83,24.13,86.62,26.51,39.04247668764254
1995-08-18,20.4,30.83,24.72,85.63,27.18,42.315609583501846
1995-08-19,22.17,27.8,24.75,93.56,26.08,33.706390497794054
1995-08-20,6.57,28.91,23.86,90.79,25.96,36.955876301388386
1995-08-21,8.39,27.4,23.8,90.69,25.43,31.9943312062674
1995-08-22,19.03,28.08,23.8,89.92,25.59,33.987766053346036
1995-08-23,16.51,28.12,23.58,91.07,25.58,34.3289022158153
1995-08-24,20.27,27.69,23.93,94.54,25.59,33.49543621764395
1995-08-25,32.79,27.86,24.06,94.09,25.61,34.00093449403376
1995-08-26,6.37,28.2,23.91,91.78,25.69,34.73024473029264
1995-08-27,4.41,27.52,23.65,90.04,25.42,32.26791837217755
1995-08-28,22.48,28.42,23.97,89.41,25.66,34.985733649518025
1995-08-29,58.66,27.13,23.46,94.86,25.53,31.677661951559735
1995-08-30,45.81,27.12,24.69,95.22,25.9,31.68824408980565
1995-08-31,8.26,28.31,23.99,92.66,25.82,35.281563592767114
1995-09-01,15.24,28.13,23.84,89.56,25.74,34.081234896894344
1995-09-02,1.53,29.66,22.51,86.2,26.13,38.33350838878951
1995-09-03,14.03,28.02,24.35,92.58,26.0,34.27528730993726
1995-09-04,20.82,29.08,24.17,92.05,25.99,37.88613218969603
1995-09-05,3.15,28.68,23.38,92.16,25.7,36.470102068113775
1995-09-06,5.97,27.67,24.16,94.07,25.53,33.35226240327808
1995-09-07,3.08,29.73,23.5,90.37,26.31,39.817493124034314
1995-09-08,6.83,30.37,24.01,87.42,26.45,41.24498259433963
1995-09-09,0.6,29.49,23.07,87.68,26.19,38.16625831276822
1995-09-10,12.44,29.44,23.36,88.69,26.37,38.272432206273365
1995-09-11,23.7,29.59,23.88,88.93,26.41,38.87424697881914
1995-09-12,8.29,29.0,23.73,87.44,26.16,36.447562958505216
1995-09-13,5.14,30.17,23.73,88.08,26.48,40.72565913287899
1995-09-14,28.93,29.6,24.62,90.12,26.64,39.25930567889011
1995-09-15,19.85,26.79,25.09,95.81,25.94,30.683595348781417
1995-09-16,14.08,27.76,24.6,94.01,25.97,33.646438189940085
1995-09-17,28.15,28.32,23.93,91.38,25.95,35.05516997061111
1995-09-18,10.08,27.07,24.07,92.73,25.34,31.240001408514225
1995-09-19,16.14,27.16,23.32,92.6,25.04,31.502082463528513
1995-09-20,15.44,27.11,23.52,94.61,25.12,31.583207292056485
1995-09-21,5.66,27.62,23.62,94.38,25.32,33.2327631094301
1995-09-22,8.3,28.85,23.46,91.9,25.65,37.01434998489957
1995-09-23,2.72,29.47,23.11,88.57,26.01,38.344701330723794
1995-09-24,7.9,28.96,23.91,85.88,26.33,35.94800163890266
1995-09-25,7.69,30.54,24.4,83.9,26.9,40.65455911556839
1995-09-26,6.97,30.44,22.97,84.44,26.23,40.486224831396896
1995-09-27,3.49,29.28,22.79,86.0,25.77,37.00929397814693
1995-09-28,3.73,29.88,23.37,85.18,25.99,38.78518151078404
1995-09-29,7.4,31.08,23.02,84.84,26.4,42.94842987580587
1995-09-30,17.84,31.25,23.71,84.9,26.99,43.61125708389264
1995-10-01,79.24,26.39,24.35,91.02,25.68,29.117343091975346
1995-10-02,4.55,27.74,23.75,91.52,25.48,33.17483541285401
1995-10-03,5.38,29.38,22.53,86.87,25.79,37.569518484193836
1995-10-04,1.23,27.94,23.25,88.14,25.48,33.2429541169385
1995-10-05,2.16,29.47,21.63,85.83,25.28,37.59154063279149
1995-10-06,0.38,30.67,21.15,83.81,25.38,41.08077992934338
1995-10-07,6.13,28.63,22.98,85.26,25.11,34.787960249381555
1995-10-08,11.15,30.23,22.75,83.73,25.63,39.529509500562085
1995-10-09,12.94,27.28,23.39,93.51,24.98,31.99234543951049
1995-10-10,6.39,26.99,22.58,90.28,24.46,30.73584001549471
1995-10-11,2.89,29.8,22.5,81.98,25.65,37.60263762783011
1995-10-12,0.1,31.58,22.59,81.49,26.63,43.46380715657477
1995-10-13,0.09,31.02,23.11,82.98,26.69,42.02567158026284
1995-10-14,0.8,30.93,22.89,81.99,26.6,41.34696162455232
1995-10-15,1.84,29.56,23.21,84.26,26.08,37.462561054066825
1995-10-16,0.27,30.9,22.95,81.43,26.45,41.04369628854792
1995-10-17,1.43,31.18,22.44,84.49,26.25,43.18593620178761
1995-10-18,0.14,29.77,22.77,84.31,25.84,38.163104459602536
1995-10-19,0.58,30.88,23.83,82.78,26.68,41.456101665804
1995-10-20,1.16,30.82,22.63,86.07,26.22,42.44157494302918
1995-10-21,1.41,30.95,23.35,85.7,26.5,42.79056665366707
1995-10-22,5.39,31.55,22.23,80.69,26.59,43.03505838969296
1995-10-23,13.12,30.54,22.37,84.85,26.18,40.97975412711974
1995-10-24,20.32,28.31,24.74,88.6,26.07,34.470546592054944
1995-10-25,6.85,28.17,23.93,93.24,25.47,34.91246264527913
1995-10-26,2.2,29.04,23.61,90.06,25.84,37.23046875199657
1995-10-27,0.86,30.46,23.23,82.31,26.39,39.85007258990192
1995-10-28,1.2,31.03,23.98,81.99,26.7,41.69590044471303
1995-10-29,4.12,31.18,23.85,82.55,26.79,42.43710436106871
1995-10-30,1.46,28.19,24.09,91.07,25.65,34.559730410409955
1995-10-31,9.7,27.55,23.6,91.76,25.3,32.60809577630338
1995-11-01,6.87,30.66,23.95,82.93,26.51,40.740679717564795
1995-11-02,0.9,30.8,23.02,79.57,25.98,40.06602996704543
1995-11-03,10.79,28.09,23.4,82.77,25.88,32.77608681379419
1995-11-04,2.52,28.95,24.92,88.2,26.61,36.464630196533186
1995-11-05,2.73,28.01,23.06,90.74,25.21,33.91047587833263
1995-11-06,0.71,29.25,23.19,87.03,25.7,37.17511286032662
1995-11-07,1.99,29.6,22.92,85.55,25.98,37.947981344066726
1995-11-08,0.94,27.6,23.6,86.67,25.44,32.02484564091432
1995-11-09,1.45,30.08,23.55,86.64,25.99,39.93084602424508
1995-11-10,8.12,29.36,23.04,89.1,25.65,38.10329279237449
1995-11-11,0.55,29.43,22.43,87.25,25.13,37.84158995487622
1995-11-12,0.05,30.73,21.84,82.75,25.8,40.92115955411378
1995-11-13,0.02,31.13,22.67,85.16,26.03,43.260300240028805
1995-11-14,4.26,30.32,23.43,83.38,26.3,39.723654940625565
1995-11-15,4.12,26.75,24.14,93.78,25.11,30.369260387744493
1995-11-16,0.75,30.32,23.25,84.85,26.26,40.20113837304305
1995-11-17,0.21,31.1,22.51,83.34,26.08,42.44864848704318
1995-11-18,0.31,30.44,22.71,82.15,26.09,39.730922409164044
1995-11-19,0.38,30.66,22.64,81.18,25.95,40.14585414398993
1995-11-20,1.43,30.85,22.29,84.32,25.93,41.90715870450097
1995-11-21,0.75,30.56,22.26,84.91,25.8,41.072028787885365
1995-11-22,1.32,28.7,23.8,87.58,25.66,35.50329929383108
1995-11-23,4.21,29.69,23.15,84.09,25.82,37.83835128997269
1995-11-24,0.19,27.8,21.04,81.21,24.53,31.777607959246073
1995-11-25,0.28,28.39,20.78,81.36,23.8,33.34081902613843
1995-11-26,0.2,30.36,20.26,82.2,24.81,39.48024749955459
1995-11-27,0.06,30.69,22.32,83.21,25.71,40.9419497787176
1995-11-28,0.02,30.07,22.0,81.0,25.51,38.17344103545496
1995-11-29,0.16,28.94,21.96,84.98,25.19,35.67710614122812
1995-11-30,5.95,28.41,23.08,86.54,25.08,34.3783353400837
1995-12-01,3.26,28.81,22.27,83.17,24.83,34.882861747230045
1995-12-02,0.53,27.77,21.3,81.94,23.78,31.806549763523726
1995-12-03,0.12,29.62,20.47,79.92,24.13,36.501234434513286
1995-12-04,0.05,27.88,19.61,78.97,23.14,31.65104531748245
1995-12-05,0.81,28.04,21.54,81.42,23.96,32.42381499014526
1995-12-06,1.45,26.62,21.07,83.88,23.36,29.202782333955597
1995-12-07,0.8,25.41,20.83,81.19,22.26,26.578922319551168
1995-12-08,0.2,24.19,20.55,79.92,21.89,24.633486675569184
1995-12-09,0.06,26.93,20.25,78.12,22.67,29.418512661547553
1995-12-10,0.24,28.28,20.6,78.55,23.54,32.564289174609826
1995-12-11,12.75,28.57,21.82,82.78,24.66,34.108652627007636
1995-12-12,3.16,28.86,22.27,88.77,24.79,36.299164671904435
1995-12-13,3.92,28.16,22.31,89.93,24.67,34.24582147576364
1995-12-14,1.8,27.69,21.93,89.59,24.56,32.717275613047406
1995-12-15,0.52,28.09,22.38,89.12,24.96,33.87481062632331
1995-12-16,1.16,28.49,22.75,87.15,24.96,34.7472541404481
1995-12-17,0.79,27.29,22.46,86.44,24.66,31.139607075574432
1995-12-18,0.2,28.69,21.41,82.4,24.26,34.374051208466334
1995-12-19,0.09,28.3,21.56,82.31,24.04,33.26758715330009
1995-12-20,0.03,27.57,21.08,80.36,23.64,31.096154377608514
1995-12-21,0.53,28.29,21.4,81.55,24.22,33.105863099530694
1995-12-22,1.09,28.79,21.62,82.97,24.44,34.78153157110833
1995-12-23,17.07,26.3,21.8,87.82,23.79,28.689737198042856
1995-12-24,10.46,24.13,21.5,89.75,22.7,23.861138509976946
1995-12-25,4.64,26.61,21.36,84.96,23.24,29.259829886255815
1995-12-26,1.24,25.99,19.82,78.0,22.42,27.57222373540929
1995-12-27,0.14,26.51,18.48,77.0,21.73,28.49322413196377
1995-12-28,0.02,26.16,17.34,78.24,20.76,27.8970593467102
1995-12-29,0.03,26.87,16.52,76.41,21.09,29.150376611321057
1995-12-30,0.05,26.57,16.87,77.4,21.11,28.63541176177367
1995-12-31,0.03,25.38,16.81,78.94,20.72,26.516121701783547
1996-01-01,0.02,26.54,17.68,80.05,21.34,28.75367018760058
1996-01-02,0.0,26.67,16.64,78.9,21.28,28.942071304273693
1996-01-03,0.08,26.96,17.6,78.76,21.69,29.53892365294665
1996-01-04,0.05,25.97,16.44,79.02,20.14,27.572055765123636
1996-01-05,0.03,27.31,15.75,77.95,20.92,30.21403337830366
1996-01-06,0.02,28.22,16.65,80.33,21.86,32.71153290735841
1996-01-07,0.01,27.81,17.74,78.76,22.11,31.454019450988742
1996-01-08,0.05,28.57,18.42,80.06,23.13,33.581828971233534
1996-01-09,0.08,26.54,19.07,76.97,22.15,28.54875723492037
1996-01-10,0.06,27.63,18.92,79.29,22.31,31.100378260430464
1996-01-11,0.07,28.33,18.03,78.05,22.32,32.603974152774896
1996-01-12,0.01,28.85,17.94,78.78,22.95,34.07580661621733
1996-01-13,0.07,28.69,18.56,78.11,22.85,33.5239408022448
1996-01-14,0.05,29.44,18.52,77.95,23.41,35.496433638597665
1996-01-15,0.75,30.34,19.66,78.85,24.53,38.37578394326218
1996-01-16,5.52,29.86,21.81,83.72,24.93,38.28990203680868
1996-01-17,1.52,28.17,21.47,84.04,24.07,33.21232364661699
1996-01-18,0.02,29.48,19.7,78.78,23.99,35.80928834378359
1996-01-19,0.02,30.15,18.11,77.07,23.67,37.28675816421692
1996-01-20,0.15,29.21,20.2,79.28,24.08,35.16670016169874
1996-01-21,0.61,28.2,20.97,83.25,23.85,33.158391201274505
1996-01-22,0.06,30.04,20.68,82.5,24.66,38.52027541277136
1996-01-23,1.59,29.28,21.55,82.72,24.98,36.186117587763455
1996-01-24,0.76,29.48,21.59,80.93,24.64,36.34347309775493
1996-01-25,1.05,29.64,21.27,82.76,24.59,37.31258640124558
1996-01-26,0.2,29.56,21.42,81.83,24.94,36.81657135213033
1996-01-27,0.64,30.0,21.16,81.51,24.94,38.10078116057282
1996-01-28,0.54,30.95,21.32,82.7,25.11,41.6739441566699
1996-01-29,1.04,30.42,20.72,80.8,24.83,39.23224455684192
1996-01-30,0.23,31.05,20.46,79.77,24.79,40.96193549272217
1996-01-31,0.04,31.14,19.45,79.64,24.38,41.217330428479556
1996-02-01,0.01,30.76,18.45,76.16,24.14,38.82333415379695
1996-02-02,0.08,29.54,18.78,72.29,23.08,34.44716427730562
1996-02-03,0.04,26.33,17.35,70.23,20.72,27.793970224946513
1996-02-04,0.01,27.56,16.43,73.45,21.1,30.229349686964547
1996-02-05,0.18,29.26,17.36,74.92,22.7,34.328653966217104
1996-02-06,0.1,28.99,19.06,73.08,22.98,33.28990767083266
1996-02-07,0.08,28.99,19.59,72.35,23.28,33.148640725989054
1996-02-08,0.06,30.76,18.26,71.15,24.23,37.29453531108772
1996-02-09,1.47,28.12,20.89,78.53,23.83,32.16626050727346
1996-02-10,0.27,28.2,17.65,70.33,22.34,31.105868135699552
1996-02-11,0.07,28.59,16.14,69.88,21.35,31.83253491665021
1996-02-12,0.0,30.23,15.5,71.77,22.62,36.06352987070649
1996-02-13,0.0,31.52,18.7,77.13,24.85,41.55668016973053
1996-02-14,0.0,32.45,20.76,75.66,26.29,44.094295983443374
1996-02-15,0.0,32.44,22.91,76.81,26.62,44.56045001303494
1996-02-16,0.0,31.56,22.24,79.15,25.92,42.46375738963886
1996-02-17,0.01,33.13,20.38,72.54,25.99,45.02795857067408
1996-02-18,0.01,31.67,19.06,72.99,24.72,40.50761614812548
1996-02-19,0.41,30.51,18.96,71.15,23.9,36.62844874461813
1996-02-20,0.26,30.46,18.78,69.87,23.64,36.149976775490195
1996-02-21,0.47,29.49,18.42,69.26,22.92,33.67201422903759
1996-02-22,1.04,29.85,17.91,70.85,22.98,34.87506353291316
1996-02-23,0.35,30.34,17.62,70.92,23.38,36.123294137541194
1996-02-24,0.0,30.52,17.53,71.34,23.56,36.707670504076006
1996-02-25,0.01,31.3,19.37,69.57,24.52,38.27847897847392
1996-02-26,0.06,31.94,18.16,69.75,24.66,40.14357623226725
1996-02-27,0.02,32.33,20.25,71.15,25.39,41.840229867690724
1996-02-28,0.26,32.27,19.86,68.75,25.28,40.73811014774299
1996-02-29,0.04,31.99,20.22,70.16,25.36,40.43826155425019
1996-03-01,1.17,30.71,19.61,70.07,24.86,36.850242136060146
1996-03-02,0.41,28.2,21.68,72.67,24.07,31.448282685309223
1996-03-03,0.77,30.47,21.0,70.94,24.68,36.46573613401236
1996-03-04,0.18,31.09,20.98,69.14,24.94,37.579294407688586
1996-03-05,0.02,30.06,19.81,66.82,24.22,34.42644495882065
1996-03-06,0.59,31.47,19.98,68.84,24.84,38.508651934861604
1996-03-07,0.1,33.26,19.86,71.52,25.76,44.997904357482156
1996-03-08,0.03,32.94,21.55,72.77,26.52,44.490069755989694
1996-03-09,0.13,32.82,22.04,74.59,26.55,44.89836643663665
1996-03-10,1.93,32.38,22.12,74.42,26.37,43.32965179564159
1996-03-11,1.07,33.18,21.54,72.6,26.32,45.22583419905506
1996-03-12,0.09,33.4,21.69,70.41,26.61,44.95277335718558
1996-03-13,0.0,34.16,20.96,66.97,26.84,45.817371455180826
1996-03-14,0.02,34.17,20.7,66.6,26.5,45.66990264236249
1996-03-15,1.42,34.37,21.57,69.64,27.32,47.87884543213788
1996-03-16,0.33,34.76,23.62,68.94,28.09,48.8780197387252
1996-03-17,0.81,33.66,24.2,70.97,28.01,46.09319180790476
1996-03-18,0.52,31.95,23.63,71.27,27.53,40.726879972495404
1996-03-19,0.57,35.18,22.76,68.19,28.25,49.958242160658855
1996-03-20,0.03,35.89,22.83,66.18,28.8,51.33587475431388
1996-03-21,0.0,36.77,23.13,63.6,28.85,52.91192422384633
1996-03-22,0.02,37.29,21.81,62.41,28.73,54.02310688647478
1996-03-23,0.05,36.23,21.86,63.98,28.32,51.21686868586535
1996-03-24,0.02,35.51,20.71,62.6,27.37,47.97584370471833
1996-03-25,0.02,35.5,19.5,63.63,26.71,48.506091428944565
1996-03-26,0.01,35.0,19.54,61.48,26.51,45.7754206689957
1996-03-27,0.07,35.27,19.9,62.32,26.67,47.05083961513351
1996-03-28,0.28,34.89,20.51,65.6,26.83,47.53139365729088
1996-03-29,0.09,36.26,20.51,63.89,27.81,51.268067821190044
1996-03-30,0.05,35.92,22.98,60.69,28.87,48.26236311515215
1996-03-31,0.05,36.2,23.34,64.54,29.07,51.45174817943554
1996-04-01,0.12,35.68,24.59,66.67,29.05,50.87170389317458
1996-04-02,2.68,35.06,24.46,67.58,28.55,49.18712342649308
1996-04-03,5.02,35.28,22.87,64.58,27.9,48.29031125237612
1996-04-04,6.19,29.71,23.02,75.5,25.73,35.6394745997414
1996-04-05,0.96,34.82,21.81,66.38,27.42,47.70805934194938
1996-04-06,0.17,35.33,22.39,64.5,27.88,48.4145808224578
1996-04-07,0.04,36.75,22.24,62.23,28.86,51.96933205983559
1996-04-08,1.11,36.03,23.15,65.59,28.56,51.48310167198687
1996-04-09,0.5,36.3,23.57,64.11,29.12,51.54442577822087
1996-04-10,1.8,35.41,24.82,65.19,29.08,49.068457816350865
1996-04-11,1.14,33.78,24.27,70.76,27.98,46.401895255691365
1996-04-12,0.46,33.23,23.77,61.95,27.53,40.851101973800056
1996-04-13,0.6,32.88,23.31,65.49,27.35,41.25320898474032
1996-04-14,2.28,34.71,23.61,65.91,28.13,47.09415985535868
1996-04-15,2.23,34.1,23.17,68.64,28.19,46.44104091338747
1996-04-16,4.24,32.15,25.03,73.49,27.83,42.19832718006311
1996-04-17,0.78,31.44,24.1,72.16,27.44,39.52825840792702
1996-04-18,0.59,32.53,23.96,69.63,27.58,41.85282922558375
1996-04-19,0.43,33.27,23.43,67.35,27.55,43.173032758187524
1996-04-20,0.44,34.27,22.95,67.99,28.39,46.687039417346874
1996-04-21,0.95,35.6,25.02,59.92,29.22,46.835717025817935
1996-04-22,9.2,32.14,23.89,73.91,26.82,42.33319723558855
1996-04-23,7.24,31.46,22.93,75.77,26.31,40.86056933893873
1996-04-24,2.9,31.05,22.47,74.22,26.01,39.06584440196613
1996-04-25,3.92,33.94,21.63,70.63,27.01,46.88931632298438
1996-04-26,1.44,34.14,23.03,71.42,27.46,47.99828183878364
1996-04-27,0.76,35.61,22.73,64.61,28.47,49.427635501737875
1996-04-28,3.98,35.15,23.75,67.11,28.53,49.24108344177085
1996-04-29,2.81,34.03,24.04,72.16,28.49,47.99019907069726
1996-04-30,2.59,29.06,25.08,78.01,26.89,34.47492697711763
1996-05-01,1.97,32.32,24.34,75.43,27.9,43.55231540573539
1996-05-02,8.14,32.86,24.58,77.0,28.14,46.152630247167764
1996-05-03,15.6,33.89,23.84,76.84,27.84,49.96869740316244
1996-05-04,0.24,33.4,23.38,69.53,27.95,44.549110330295896
1996-05-05,1.07,33.38,24.79,72.23,28.31,45.73752824774049
1996-05-06,0.19,33.4,24.8,70.92,28.49,45.18941505524168
1996-05-07,3.1,33.06,24.86,72.42,28.26,44.73646546349289
1996-05-08,1.61,31.55,24.55,77.18,27.47,41.67443130564163
1996-05-09,12.03,33.07,24.32,76.13,27.67,46.50393116718276
1996-05-10,5.35,32.34,23.68,76.88,27.24,44.23999313078696
1996-05-11,10.92,31.15,23.95,81.41,26.71,41.901587211433934
1996-05-12,2.23,29.99,24.52,83.84,26.66,38.755636787622066
1996-05-13,4.06,30.93,23.68,82.01,27.0,41.354147894681624
1996-05-14,1.89,34.27,23.85,76.72,28.15,51.408108162213665
1996-05-15,2.54,34.01,24.42,76.98,28.43,50.51913521210444
1996-05-16,1.49,34.99,24.62,72.15,28.95,51.55913439619384
1996-05-17,15.17,34.22,24.54,71.83,28.51,48.50268080964534
1996-05-18,25.61,30.05,24.89,85.68,26.92,39.52266319653481
1996-05-19,19.54,28.14,24.45,90.88,25.92,34.35896522992213
1996-05-20,28.47,27.71,23.96,92.38,25.3,33.21531557526243
1996-05-21,8.81,29.17,23.55,88.17,25.94,37.19842386619549
1996-05-22,9.97,30.05,24.31,87.7,26.49,40.16121335583958
1996-05-23,8.98,30.18,23.73,85.55,26.19,39.93673781010105
1996-05-24,2.12,31.12,22.86,81.15,26.45,41.70078461288069
1996-05-25,2.1,31.74,23.74,77.37,27.4,42.38148548903754
1996-05-26,5.26,29.77,24.48,82.67,26.85,37.70000084387967
1996-05-27,12.83,29.34,23.83,83.91,26.35,36.668698108203024
1996-05-28,14.48,28.68,23.49,88.19,25.65,35.57292417054899
1996-05-29,2.26,29.39,23.86,85.66,26.23,37.28186808165794
1996-05-30,4.0,30.86,23.08,80.65,27.15,40.63446769886923
1996-05-31,0.84,31.79,23.33,78.95,27.27,43.18294798914618
1996-06-01,1.16,33.33,23.0,76.0,27.6,47.39491861769907
1996-06-02,3.81,32.86,22.4,76.36,27.56,45.85235777195443
1996-06-03,0.59,33.17,23.11,74.36,27.94,46.016686874845654
1996-06-04,1.02,31.23,24.07,77.77,27.72,40.841695351019325
1996-06-05,10.14,31.86,24.49,80.1,27.92,43.90433697178667
1996-06-06,14.76,31.77,24.11,81.58,27.74,44.195634410853
1996-06-07,0.75,31.42,24.11,80.47,27.43,42.489722363194176
1996-06-08,1.21,32.32,23.62,76.01,27.45,43.797765553883984
1996-06-09,2.17,30.22,23.25,80.24,26.25,38.42064762314877
1996-06-10,2.39,31.36,22.46,81.19,26.78,42.556886772393824
1996-06-11,5.58,31.83,24.73,79.01,27.73,43.34756522515237
1996-06-12,6.19,30.71,23.87,83.92,26.85,41.26111523994368
1996-06-13,4.1,28.98,23.85,87.14,26.13,36.30990676321309
1996-06-14,2.61,30.33,22.36,82.2,26.15,39.38063787442319
1996-06-15,7.12,30.43,24.09,85.48,26.5,40.80146638598382
1996-06-16,2.81,32.54,23.37,77.55,27.25,45.2460850444872
1996-06-17,1.6,32.6,22.84,75.86,27.39,44.702036129440444
1996-06-18,2.69,30.59,23.69,81.45,26.7,40.00231893766449
1996-06-19,1.51,30.54,23.95,82.88,26.72,40.31020446924741
1996-06-20,2.07,30.35,23.81,84.3,26.77,40.1254363283743
1996-06-21,5.4,29.99,24.42,85.71,26.47,39.32322339575249
1996-06-22,1.82,28.4,24.02,85.86,26.01,34.21523866008462
1996-06-23,2.87,30.06,23.24,81.13,26.73,38.17994735993351
1996-06-24,24.43,30.58,23.83,81.74,26.83,40.06520734416342
1996-06-25,6.18,30.64,23.34,84.2,26.37,41.110627363995754
1996-06-26,6.95,30.7,23.06,83.64,26.46,41.12722686521032
1996-06-27,2.05,29.72,23.45,85.29,26.2,38.2766554202324
1996-06-28,5.22,30.17,23.49,84.84,26.42,39.67539461976992
1996-06-29,2.84,31.02,23.39,80.6,27.05,41.15739635181715
1996-06-30,1.49,30.62,23.99,81.9,26.93,40.25339263701928
1996-07-01,6.02,30.0,23.93,82.48,27.05,38.38449959523551
1996-07-02,3.93,31.04,23.74,76.26,27.04,39.71280592348077
1996-07-03,3.53,31.24,23.18,77.58,26.66,40.806170472716616
1996-07-04,2.28,30.98,23.67,80.04,26.66,40.82328321538259
1996-07-05,0.43,31.92,23.45,80.08,26.88,44.11253185519778
1996-07-06,12.32,29.8,23.62,82.78,26.39,37.82667433871753
1996-07-07,1.49,30.35,23.81,83.02,26.8,39.709515341389675
1996-07-08,6.61,30.71,24.78,79.77,27.08,39.83978034256572
1996-07-09,5.1,28.52,23.54,84.88,25.73,34.38047002665525
1996-07-10,0.53,30.36,23.87,79.33,26.92,38.583769981857635
1996-07-11,0.38,31.6,24.64,76.87,27.78,41.72213384560934
1996-07-12,3.13,30.77,24.9,78.46,27.78,39.59899314048023
1996-07-13,2.95,33.1,24.07,77.41,28.09,47.23766688296069
1996-07-14,1.19,32.75,24.07,79.78,27.75,47.067665098668066
1996-07-15,5.83,30.77,23.97,81.5,27.19,40.62498149372065
1996-07-16,43.03,28.57,24.36,90.03,26.1,35.612459127048574
1996-07-17,12.38,29.76,23.4,88.43,26.28,39.33785303234021
1996-07-18,2.36,28.26,24.12,91.42,25.8,34.86126856708833
1996-07-19,2.49,28.63,24.34,88.86,26.2,35.5565194529617
1996-07-20,12.54,27.8,23.72,90.15,25.55,33.144115355655146
1996-07-21,9.19,28.15,24.34,91.83,25.9,34.57194770963344
1996-07-22,1.48,27.91,23.99,89.88,25.63,33.44331351615131
1996-07-23,14.72,29.06,23.61,89.53,25.93,37.16634214574091
1996-07-24,64.29,27.68,23.95,91.14,25.61,32.924583283423104
1996-07-25,142.71,26.54,25.02,94.43,25.69,29.78715825272929
1996-07-26,124.03,27.27,24.76,95.27,25.77,32.18898235780249
1996-07-27,22.19,27.51,24.63,94.03,25.88,32.812234019276794
1996-07-28,14.63,27.95,23.82,91.95,25.71,33.92902523316145
1996-07-29,28.91,27.1,24.06,93.09,25.23,31.373808912054173
1996-07-30,28.77,27.08,23.51,92.66,25.01,31.262755945770568
1996-07-31,40.96,27.09,23.92,93.26,25.51,31.36232344827309
1996-08-01,33.23,28.86,23.8,90.06,26.03,36.60506527336933
1996-08-02,10.28,29.47,23.94,90.49,26.44,38.888958449140816
1996-08-03,14.91,28.11,24.59,92.97,26.06,34.65365910019349
1996-08-04,14.81,26.63,23.43,93.61,24.95,29.992622925210203
1996-08-05,8.07,28.03,23.46,91.79,25.28,34.164706850149976
1996-08-06,7.18,28.86,23.35,90.19,25.72,36.63617462713354
1996-08-07,10.1,28.76,23.44,90.8,25.71,36.43424709482796
1996-08-08,16.21,28.74,23.51,89.4,25.65,36.042564543930325
1996-08-09,13.47,28.33,22.96,89.93,25.44,34.79703619017087
1996-08-10,30.77,27.44,23.49,91.79,25.05,32.26719156185601
1996-08-11,22.73,26.67,23.17,92.74,24.65,30.038751460078444
1996-08-12,42.86,26.59,23.24,93.39,24.76,29.855834876123748
1996-08-13,22.86,27.68,23.13,92.23,25.03,33.094380647520296
1996-08-14,5.91,28.8,22.81,87.94,25.46,35.90822422843368
1996-08-15,8.13,28.89,22.96,86.36,25.66,35.83671487731169
1996-08-16,3.77,28.84,23.49,87.49,25.9,35.935589141659285
1996-08-17,1.56,30.22,23.91,84.67,26.49,39.79434398563067
1996-08-18,4.74,29.95,24.46,84.62,26.58,38.855199508716815
1996-08-19,47.31,27.23,23.59,88.56,25.34,31.227257127966368
1996-08-20,61.32,26.76,23.1,93.85,24.79,30.406116174055587
1996-08-21,4.72,28.68,22.4,88.2,25.45,35.57512723777899
1996-08-22,1.24,27.03,23.45,91.01,25.04,30.929635090563345
1996-08-23,1.71,28.8,23.32,86.9,25.71,35.672450939747726
1996-08-24,0.75,30.0,22.93,83.86,26.26,38.7949997583755
1996-08-25,1.05,30.35,23.09,85.12,26.32,40.395834984080984
1996-08-26,8.08,30.39,23.6,86.16,26.64,40.88799871212858
1996-08-27,2.93,29.2,23.85,88.67,25.92,37.43022263428727
1996-08-28,3.18,28.7,23.96,90.11,26.01,36.06909791368846
1996-08-29,5.01,28.47,24.57,89.69,26.11,35.20755315079777
1996-08-30,7.98,29.69,24.31,85.37,26.74,38.19874195180705
1996-08-31,11.24,30.5,24.09,83.33,26.95,40.323376002465665
1996-09-01,4.28,30.3,24.32,81.48,26.9,39.05590836863317
1996-09-02,6.39,30.62,23.0,82.79,26.67,40.55457920352012
1996-09-03,3.36,29.35,24.02,86.83,26.44,37.45793276438802
1996-09-04,0.55,31.14,23.14,82.79,26.79,42.384590512246255
1996-09-05,3.02,31.92,23.18,82.98,26.99,45.36130786563974
1996-09-06,8.8,30.26,23.25,87.16,26.36,40.75108416238894
1996-09-07,7.52,31.55,24.01,81.81,27.04,43.48424596706855
1996-09-08,7.53,29.9,23.58,85.52,26.58,38.954987791542166
1996-09-09,22.02,28.64,23.49,91.34,25.72,36.1419264562081
1996-09-10,17.74,28.32,23.56,89.56,25.58,34.690992780987614
1996-09-11,14.11,28.48,23.68,93.07,25.93,35.965040625607934
1996-09-12,6.37,27.99,24.22,94.5,25.82,34.524914312966956
1996-09-13,11.62,28.37,24.22,93.04,25.97,35.569874679202144
1996-09-14,8.03,28.3,24.17,91.04,25.92,34.91961454417745
1996-09-15,5.4,29.59,23.78,88.36,26.09,38.70935826560378
1996-09-16,6.96,29.61,23.16,89.02,26.03,38.97239141284038
1996-09-17,38.89,28.25,23.56,92.63,25.72,35.06815411226967
1996-09-18,9.79,27.69,23.27,91.42,25.45,32.999725177880904
1996-09-19,10.24,27.61,23.44,90.31,25.47,32.5811154041203
1996-09-20,59.37,27.34,24.5,94.73,25.64,32.34898463124699
1996-09-21,8.53,27.12,23.55,92.5,25.13,31.36710497268593
1996-09-22,52.39,27.03,22.83,91.63,24.77,30.9969523235733
1996-09-23,30.45,29.65,23.77,89.25,26.02,39.18477657537556
1996-09-24,13.16,28.67,23.26,88.21,25.34,35.54481251542288
1996-09-25,2.43,30.62,22.17,83.77,26.21,40.89067666148739
1996-09-26,11.07,30.93,23.64,85.16,26.65,42.51181669384347
1996-09-27,13.51,28.52,24.19,90.14,25.94,35.46876365977454
1996-09-28,0.46,28.67,23.99,89.24,25.82,35.77254322584885
1996-09-29,4.7,28.67,22.74,89.24,25.32,35.77254322584885
1996-09-30,2.16,29.23,21.63,86.77,25.26,37.04170448269309
1996-10-01,2.35,28.68,23.83,86.97,25.88,35.30630335672217
1996-10-02,0.76,27.14,23.84,92.98,25.21,31.485267189340252
1996-10-03,4.17,27.25,23.42,91.16,24.92,31.601550763486753
1996-10-04,4.26,27.76,23.02,86.3,25.25,32.42279462514944
1996-10-05,1.0,27.94,23.3,86.06,25.54,32.89923912259297
1996-10-06,11.41,27.48,23.65,91.77,25.22,32.38947718162688
1996-10-07,2.3,29.0,23.13,85.72,25.76,36.037363843830704
1996-10-08,6.83,30.76,23.86,80.58,26.75,40.27634272741705
1996-10-09,1.45,30.78,24.22,81.68,26.74,40.72125768540566
1996-10-10,4.08,31.7,22.47,77.91,26.79,42.457973706393574
1996-10-11,1.57,29.79,22.54,83.2,26.1,37.91301637742169
1996-10-12,3.59,29.28,23.86,87.33,26.2,37.35378553868278
1996-10-13,2.93,28.75,23.9,91.63,26.02,36.59401076172839
1996-10-14,0.34,28.24,24.21,89.86,26.1,34.490584056009965
1996-10-15,5.65,28.77,23.93,88.98,25.73,36.04696859446417
1996-10-16,14.05,28.91,23.84,89.73,25.77,36.697789160815134
1996-10-17,7.17,30.25,24.03,86.6,26.25,40.52851218629119
1996-10-18,5.66,28.64,24.23,91.14,25.93,36.096721863760635
1996-10-19,3.23,26.89,23.7,94.18,25.03,30.838846976741326
1996-10-20,4.56,28.95,22.88,88.63,25.28,36.568123524166054
1996-10-21,8.21,28.28,22.8,90.17,25.21,34.68103755840585
1996-10-22,13.36,26.98,23.15,92.96,24.89,30.989551841099594
1996-10-23,11.95,29.97,22.42,83.95,25.64,38.721833361390836
1996-10-24,15.65,30.87,22.85,82.69,26.16,41.38865019957561
1996-10-25,2.26,30.93,23.32,81.2,26.36,41.0647592966217
1996-10-26,0.29,31.14,22.19,80.84,26.21,41.6557004101685
1996-10-27,1.59,30.85,22.28,85.35,26.09,42.2860913724462
1996-10-28,2.33,28.72,23.72,88.44,25.79,35.75913765200226
1996-10-29,0.6,29.67,23.19,85.58,26.14,38.19112497624517
1996-10-30,3.64,31.46,23.42,82.56,27.02,43.457490453015666
1996-10-31,2.34,31.98,23.51,83.69,26.92,45.90908193023593
1996-11-01,5.66,29.62,23.23,88.35,26.04,38.81299216366746
1996-11-02,2.32,29.54,23.24,87.36,25.98,38.24987401351164
1996-11-03,4.55,29.77,22.55,83.7,25.72,37.98959743894675
1996-11-04,0.98,31.05,22.69,80.73,25.97,41.30645250972196
1996-11-05,0.4,30.13,22.72,78.69,25.56,37.688163248564265
1996-11-06,8.37,30.38,21.75,81.26,25.56,39.247670062549915
1996-11-07,2.27,29.69,22.91,81.66,25.64,37.17181112360154
1996-11-08,28.78,28.13,23.67,89.25,25.93,34.02428679394234
1996-11-09,13.11,26.84,24.44,94.2,25.34,30.68537925362243
1996-11-10,25.41,26.87,23.78,93.89,24.92,30.74759534389812
1996-11-11,19.0,26.98,22.59,90.67,24.35,30.74775926260166
1996-11-12,20.6,27.44,22.57,91.69,24.58,32.25334801435745
1996-11-13,12.88,28.41,22.72,91.63,24.87,35.41241294198457
1996-11-14,0.63,29.86,21.24,85.22,25.18,38.72909818719346
1996-11-15,0.74,28.15,22.23,87.98,24.82,33.85468261327117
1996-11-16,0.96,27.82,22.89,87.32,24.88,32.753130967209856
1996-11-17,0.66,30.07,21.88,79.46,25.74,37.727102322512195
1996-11-18,0.65,30.44,23.25,82.06,26.04,39.70173907321261
1996-11-19,2.03,29.58,22.95,85.19,25.5,37.78182489257871
1996-11-20,5.48,29.96,22.58,83.53,25.7,38.563749120001404
1996-11-21,2.91,29.66,22.17,86.7,25.58,38.47654389768779
1996-11-22,0.76,28.74,22.48,85.34,25.17,35.14026430999131
1996-11-23,0.07,29.75,22.32,84.35,25.36,38.1084811010614
1996-11-24,0.78,30.18,20.72,85.66,24.96,39.972062781244105
1996-11-25,0.43,28.94,21.94,85.22,25.17,35.732195227286205
1996-11-26,1.49,30.49,22.62,83.92,25.9,40.48659134708218
1996-11-27,0.98,27.68,23.34,84.95,25.01,32.0013935761609
1996-11-28,1.3,27.79,22.99,86.41,24.83,32.52493537588699
1996-11-29,0.28,29.61,22.56,82.6,25.42,37.17521341712164
1996-11-30,0.12,29.07,21.6,82.03,24.57,35.39428005067423
1996-12-01,0.64,27.35,21.18,80.96,23.69,30.644299001244367
1996-12-02,0.53,26.65,20.57,81.41,22.77,29.08623510940428
1996-12-03,0.52,29.14,20.82,82.92,24.03,35.80967770521005
1996-12-04,1.17,29.82,22.09,88.27,25.09,39.50579735510442
1996-12-05,0.18,28.83,23.35,88.24,25.47,36.07575886561139
1996-12-06,0.15,29.37,21.25,84.4,24.92,36.88895883400066
1996-12-07,0.13,28.46,20.8,80.38,23.48,33.34897327112914
1996-12-08,6.99,27.89,19.8,81.31,22.84,32.02042764131233
1996-12-09,1.68,28.79,18.68,82.49,23.02,34.67977723900357
1996-12-10,0.01,29.19,19.13,81.73,23.53,35.678107025939596
1996-12-11,0.01,29.49,19.54,82.73,23.72,36.83491247118734
1996-12-12,0.02,28.94,19.64,81.97,23.43,35.00155546820544
1996-12-13,0.06,29.1,19.04,80.38,23.86,35.10649783468574
1996-12-14,0.01,29.77,20.37,79.75,24.56,36.90204839508789
1996-12-15,0.06,29.5,18.9,82.87,23.48,36.90251534146342
1996-12-16,0.08,29.76,18.5,81.78,23.48,37.421954594087566
1996-12-17,0.23,30.19,19.62,82.27,24.45,38.94073903331678
1996-12-18,1.2,28.78,21.28,81.92,24.1,34.531352986677966
1996-12-19,3.13,28.02,20.62,82.31,23.46,32.513688300848195
1996-12-20,1.04,27.32,20.02,81.78,22.6,30.66736210379762
1996-12-21,0.57,27.38,19.22,81.11,22.34,30.733346668082934
1996-12-22,0.05,27.18,17.66,79.39,21.66,30.080350671773836
1996-12-23,0.2,27.89,17.96,81.69,22.34,32.07756299937561
1996-12-24,0.36,27.73,18.5,80.85,22.37,31.551812917091297
1996-12-25,0.03,27.15,18.62,78.52,22.22,29.925233833580382
1996-12-26,0.0,27.6,17.13,76.11,21.88,30.630393949005093
1996-12-27,0.0,27.28,16.42,75.9,21.72,29.930957419305685
1996-12-28,0.08,26.34,16.64,78.13,20.89,28.2343574232148
1996-12-29,0.0,26.17,15.2,75.88,20.47,27.807413419435488
1996-12-30,0.01,26.02,15.84,77.06,20.85,27.59117381088569
1996-12-31,0.0,26.31,16.26,76.44,21.36,28.086362706801292
1997-01-01,0.01,26.75,18.06,76.46,21.9,28.918687535216854
1997-01-02,0.34,27.21,16.33,79.89,21.43,30.200371321982907
1997-01-03,0.2,27.4,17.26,80.08,21.59,30.659157293447826
1997-01-04,0.06,27.76,17.97,77.62,22.33,31.180866297977673
1997-01-05,0.8,28.09,19.06,82.12,23.03,32.66874675060298
1997-01-06,0.11,28.75,18.93,80.92,23.0,34.24062467979563
1997-01-07,0.21,28.67,18.95,78.67,23.22,33.579719405383294
1997-01-08,0.21,28.87,19.39,78.45,23.32,34.061566654251656
1997-01-09,0.16,27.49,18.9,75.17,22.38,30.285429259833766
1997-01-10,0.3,27.78,18.72,78.15,22.38,31.299067328740755
1997-01-11,0.23,28.32,18.19,77.54,22.56,32.49332856772735
1997-01-12,0.15,28.71,18.48,77.0,22.76,33.36284675849161
1997-01-13,0.28,28.15,18.45,79.0,22.2,32.31514985947564
1997-01-14,0.06,28.88,17.22,76.86,22.41,33.76620835150727
1997-01-15,0.03,28.73,17.57,77.89,22.76,33.58453314635158
1997-01-16,0.0,28.37,18.63,78.92,22.83,32.85387822534816
1997-01-17,0.0,29.07,18.42,78.11,23.24,34.523236149083885
1997-01-18,0.05,29.22,18.11,73.07,23.25,33.83668427237284
1997-01-19,0.0,29.66,18.74,78.09,23.57,36.1490190233919
1997-01-20,0.0,29.14,18.93,76.41,23.47,34.34213802416221
1997-01-21,0.0,29.79,19.65,78.65,23.94,36.66857867328817
1997-01-22,0.08,30.07,18.68,76.62,23.34,36.93073955818426
1997-01-23,0.16,29.27,18.02,75.81,22.78,34.54889891605636
1997-01-24,0.1,29.01,18.1,78.93,22.81,34.5377088981875
1997-01-25,0.1,29.99,18.46,75.85,23.73,36.496727997557805
1997-01-26,0.5,29.08,19.05,76.95,23.49,34.30123696474547
1997-01-27,0.27,28.23,19.72,80.89,23.24,32.83247444929378
1997-01-28,0.06,29.51,19.9,79.42,23.87,36.05308902805795
1997-01-29,0.68,30.41,19.18,76.58,24.21,37.90753087562289
1997-01-30,0.31,29.94,20.61,78.69,24.58,37.12032932084042
1997-01-31,0.92,29.25,21.01,80.98,24.6,35.67695721372758
1997-02-01,1.48,29.91,21.01,80.95,24.38,37.65801324426264
1997-02-02,0.07,30.91,20.29,78.11,24.95,39.92806591550905
1997-02-03,0.0,31.6,20.62,79.14,25.33,42.597956905733554
1997-02-04,0.01,31.57,20.38,78.26,25.45,42.15314722910719
1997-02-05,0.0,32.68,21.29,76.42,25.85,45.23565882599725
1997-02-06,0.0,31.69,19.34,74.83,24.59,41.245697430932495
1997-02-07,0.0,31.87,19.07,74.64,24.97,41.74886375145369
1997-02-08,0.0,32.29,20.85,74.07,25.88,42.88678095174552
1997-02-09,0.01,31.76,22.31,77.03,26.32,42.31548642734983
1997-02-10,10.1,31.58,22.57,80.38,26.41,43.0181812687071
1997-02-11,2.01,31.27,22.99,79.42,26.18,41.575537670677235
1997-02-12,0.32,29.59,22.01,75.87,24.95,35.40705351991774
1997-02-13,0.97,30.84,21.04,75.02,25.16,38.70071576686896
1997-02-14,1.09,30.97,21.05,76.46,24.93,39.562962457741776
1997-02-15,0.4,32.04,20.46,75.21,25.69,42.52589824616327
1997-02-16,0.02,32.6,21.91,73.4,26.38,43.62964683687339
1997-02-17,0.37,32.9,22.24,71.38,26.45,43.74511259756133
1997-02-18,0.26,30.78,21.15,73.19,25.09,37.958424666999804
1997-02-19,0.08,30.88,20.49,68.22,24.29,36.76270122339036
1997-02-20,0.55,30.22,19.42,69.1,23.7,35.35257870276415
1997-02-21,0.28,30.63,19.39,69.44,23.91,36.466627775748265
1997-02-22,0.12,29.23,18.22,67.47,22.6,32.74654299175442
1997-02-23,0.04,28.25,16.99,68.05,21.55,30.87934637770589
1997-02-24,0.07,29.28,16.61,69.8,21.99,33.308993250735206
1997-02-25,0.13,27.79,17.16,71.05,21.63,30.394373317935603
1997-02-26,0.23,29.89,17.8,72.34,22.84,35.3336745623241
1997-02-27,0.14,30.48,18.3,70.3,23.19,36.31716400112393
1997-02-28,0.02,31.52,17.94,70.93,24.09,39.342074871091164
1997-03-01,0.17,31.86,20.1,71.72,25.22,40.62151994846691
1997-03-02,0.38,31.43,20.8,75.66,25.07,40.72557936222972
1997-03-03,1.95,30.78,21.87,78.39,25.17,39.607657361625215
1997-03-04,0.19,32.01,20.82,67.99,25.54,39.71688611354577
1997-03-05,0.02,32.2,19.54,63.62,25.17,38.72233543324846
1997-03-06,0.0,31.14,16.6,64.32,23.25,36.30225039212706
1997-03-07,0.0,31.42,16.87,64.42,23.35,37.008617026617245
1997-03-08,0.0,31.79,16.34,65.39,23.54,38.24358377677423
1997-03-09,0.02,31.52,17.25,64.03,23.73,37.138020373291525
1997-03-10,0.01,32.62,17.91,66.46,24.63,40.88442906467613
1997-03-11,0.11,32.78,19.35,67.48,25.3,41.74801106710629
1997-03-12,0.03,33.45,19.97,66.22,25.79,43.23536543164122
1997-03-13,3.39,32.81,20.73,70.88,25.71,43.23998735442652
1997-03-14,0.04,33.52,20.3,68.81,26.02,44.60938283809689
1997-03-15,0.0,33.22,20.61,69.69,25.97,44.0385971162015
1997-03-16,0.62,32.54,21.17,69.0,25.79,41.63403332379719
1997-03-17,0.98,31.3,20.92,70.63,25.33,38.61839728854295
1997-03-18,1.37,31.72,21.08,71.55,25.46,40.1416348776734
1997-03-19,0.1,32.8,20.65,67.13,25.99,41.6677521371697
1997-03-20,0.0,32.17,22.2,67.41,26.31,39.96011045628505
1997-03-21,0.0,33.62,21.94,67.38,27.09,44.276896290025405
1997-03-22,0.0,34.14,22.79,66.28,27.44,45.41871630239873
1997-03-23,0.03,33.41,21.9,69.81,26.75,44.709643200591685
1997-03-24,2.4,32.25,22.45,75.34,26.08,43.27833950838372
1997-03-25,4.37,33.74,20.94,72.25,26.44,47.001953193894465
1997-03-26,0.11,34.71,21.5,66.68,27.12,47.49476512616967
1997-03-27,0.26,34.65,21.15,66.54,27.29,47.22025014347456
1997-03-28,0.11,34.53,21.94,65.4,27.54,46.24480261143592
1997-03-29,0.06,34.38,21.63,64.94,27.66,45.53724124389449
1997-03-30,0.58,31.41,23.57,68.15,26.85,38.125489503709886
1997-03-31,0.58,34.33,22.21,67.32,27.26,46.55047940636662
1997-04-01,0.02,34.81,21.22,65.43,27.08,47.176649186318976
1997-04-02,0.0,36.08,19.63,64.26,27.43,50.85716797313353
1997-04-03,0.11,36.28,20.81,61.66,28.09,50.00301482453037
1997-04-04,0.01,36.33,21.83,60.28,28.32,49.36629196024128
1997-04-05,0.06,35.78,21.82,60.7,28.34,47.81817631125138
1997-04-06,0.41,35.59,23.56,63.14,28.9,48.53538841700548
1997-04-07,6.91,35.08,23.6,66.72,28.36,48.78068521855722
1997-04-08,1.67,34.45,23.44,64.51,27.93,45.5498827153773
1997-04-09,0.67,35.5,22.66,66.34,28.29,50.036000647791866
1997-04-10,14.32,31.94,24.2,71.77,27.35,40.88194710882539
1997-04-11,1.03,31.71,22.93,73.95,26.83,40.98179004945018
1997-04-12,1.01,33.92,22.97,66.91,27.99,45.0134417728116
1997-04-13,16.03,32.52,23.35,72.91,27.49,43.159052358023445
1997-04-14,9.49,31.82,23.45,76.65,26.86,42.367081428140736
1997-04-15,0.01,33.57,22.68,66.71,27.22,43.81919128584674
1997-04-16,0.0,33.54,22.06,69.32,27.37,44.90943872222996
1997-04-17,5.24,33.17,23.37,73.27,27.35,45.50306775222063
1997-04-18,3.14,32.57,23.98,74.9,27.27,44.175978132694496
1997-04-19,0.56,31.33,24.03,75.37,27.08,40.30808251938488
1997-04-20,1.8,34.41,23.42,68.65,28.31,47.50062399439706
1997-04-21,0.1,35.03,23.2,66.8,28.37,48.651620565629024
1997-04-22,1.95,34.39,23.83,70.48,28.08,48.394231840220314
1997-04-23,0.98,34.22,23.69,69.73,27.58,47.40270902317176
1997-04-24,3.45,33.76,23.13,70.53,27.02,46.22069373361174
1997-04-25,1.22,33.62,22.89,70.58,27.16,45.769255995956634
1997-04-26,0.04,34.61,23.08,66.34,27.78,46.983636722202576
1997-04-27,0.0,35.75,22.0,60.6,28.52,47.668372299831226
1997-04-28,0.01,35.75,23.03,65.33,28.67,50.330237894043975
1997-04-29,0.0,36.33,23.84,59.9,29.16,49.147910039744
1997-04-30,0.07,37.17,23.67,62.44,29.46,53.60606478689732
1997-05-01,0.01,37.68,24.12,59.59,30.15,53.53715103579377
1997-05-02,3.41,37.41,23.82,64.09,29.47,55.62061838261763
1997-05-03,11.37,31.78,24.76,76.9,27.52,42.33153150157698
1997-05-04,22.03,30.79,21.74,80.99,26.27,40.516806184123425
1997-05-05,3.38,31.14,21.69,77.49,26.2,40.45131051106822
1997-05-06,2.76,31.11,23.55,76.55,26.8,40.02990180869389
1997-05-07,1.07,34.82,22.31,69.41,28.15,49.35163717628724
1997-05-08,4.27,33.2,23.2,74.31,27.81,46.09907340421884
1997-05-09,2.58,36.04,23.67,64.7,29.21,50.9801467608987
1997-05-10,8.24,35.1,22.99,67.7,28.38,49.39540733046749
1997-05-11,0.0,36.09,23.06,62.5,28.84,49.85153881688056
1997-05-12,0.11,35.64,22.21,62.5,28.63,48.34767439365323
1997-05-13,0.08,35.52,23.23,63.86,28.68,48.700355933877525
1997-05-14,0.0,37.14,22.84,58.63,29.4,51.06679197835199
1997-05-15,0.13,36.54,23.56,63.74,29.33,52.17163817749699
1997-05-16,9.27,35.65,23.88,67.57,28.81,51.30037649419057
1997-05-17,3.99,34.71,24.64,69.26,28.65,48.87543088053681
1997-05-18,0.17,36.38,23.71,62.79,29.02,51.02014538222076
1997-05-19,0.02,34.19,23.05,65.57,27.81,45.23799106547785
1997-05-20,0.05,35.49,22.85,65.51,28.36,49.52518335305828
1997-05-21,0.1,31.16,25.21,72.42,27.7,38.801011714237134
1997-05-22,4.12,33.17,24.28,72.86,28.07,45.31214558563133
1997-05-23,11.76,30.18,24.34,82.6,26.81,39.009308479296955
1997-05-24,63.01,27.79,24.24,92.75,25.66,33.537712967314405
1997-05-25,53.48,26.95,24.37,94.32,25.62,31.041283657478363
1997-05-26,40.36,27.41,23.94,92.52,25.51,32.2736348684045
1997-05-27,2.97,29.84,22.66,83.21,25.57,38.07771553668472
1997-05-28,0.62,29.7,22.04,81.99,25.36,37.29214163490556
1997-05-29,11.65,28.93,21.6,83.89,25.06,35.398931749670965
1997-05-30,16.91,28.56,23.46,89.78,25.9,35.52487019134608
1997-05-31,25.97,28.33,23.47,88.85,25.6,34.58305681413055
1997-06-01,35.33,28.59,23.94,88.83,25.74,35.418896963556605
1997-06-02,8.51,29.11,23.58,87.77,25.92,36.89444229965763
1997-06-03,1.85,29.6,23.52,83.57,25.91,37.404612204718376
1997-06-04,0.31,30.93,22.84,81.05,26.48,41.0115413256939
1997-06-05,1.65,29.35,23.32,84.89,26.02,36.95110675510383
1997-06-06,0.17,29.86,23.34,82.75,26.45,38.010784850754106
1997-06-07,0.31,30.1,24.02,82.08,26.7,38.58963236332822
1997-06-08,5.17,29.92,24.19,82.51,26.67,38.1349126265873
1997-06-09,0.01,29.82,23.65,83.1,26.29,37.98157415872099
1997-06-10,0.09,29.25,23.46,84.81,26.11,36.61066476457866
1997-06-11,0.01,30.36,22.6,82.45,26.23,39.56013070752875
1997-06-12,4.51,29.58,22.84,82.09,26.28,36.946373717990966
1997-06-13,0.98,30.92,23.98,78.54,27.23,40.106033643792586
1997-06-14,27.84,31.0,23.89,80.0,27.36,40.87613701377766
1997-06-15,6.27,29.69,24.57,85.07,26.7,38.113700161625616
1997-06-16,10.14,30.45,24.38,82.41,26.8,39.84908782885821
1997-06-17,1.77,31.21,23.8,83.66,26.99,42.973370924449306
1997-06-18,1.5,31.4,23.39,81.04,26.89,42.64034866393523
1997-06-19,2.4,31.2,23.47,81.86,26.98,42.246502543452564
1997-06-20,18.53,29.27,24.62,87.14,26.49,37.27060706924361
1997-06-21,12.86,27.93,24.02,89.8,25.73,33.49241944097012
1997-06-22,10.72,28.91,23.87,86.31,25.86,35.8889092365309
1997-06-23,16.05,29.32,23.73,87.65,25.99,37.57374952275367
1997-06-24,18.59,30.97,23.84,82.77,27.07,41.77028940711147
1997-06-25,12.93,29.02,24.43,89.59,26.33,37.042794559679976
1997-06-26,22.21,28.1,24.14,92.46,25.55,34.52301393645226
1997-06-27,14.13,26.91,23.43,93.49,25.01,30.83041108234435
1997-06-28,18.02,28.56,23.69,90.29,25.83,35.63537902671388
1997-06-29,12.11,27.84,23.9,91.43,25.63,33.4811978547372
1997-06-30,3.42,28.06,23.68,90.67,25.63,34.05952199654798
1997-07-01,2.75,30.17,23.37,87.01,26.27,40.37370001908129
1997-07-02,9.94,31.19,23.44,84.56,26.55,43.25076472745261
1997-07-03,18.44,30.24,23.38,84.47,26.47,39.799467822487486
1997-07-04,10.9,29.52,23.48,86.99,25.99,38.07777116654689
1997-07-05,9.41,29.37,23.45,87.12,25.95,37.60251378870933
1997-07-06,11.3,28.02,23.94,91.41,25.48,34.062990815420136
1997-07-07,10.28,28.1,23.76,90.76,25.52,34.205899323260056
1997-07-08,2.28,28.2,23.62,89.72,25.52,34.33485266868928
1997-07-09,3.23,27.66,23.67,88.52,25.49,32.46606674988581
1997-07-10,1.35,28.45,23.51,90.2,25.53,35.24794728661192
1997-07-11,2.09,29.52,23.44,87.54,26.21,38.23112234901361
1997-07-12,1.88,29.1,23.93,89.17,26.02,37.2136210062915
1997-07-13,10.09,29.47,23.71,88.53,26.14,38.33350717741596
1997-07-14,11.2,29.49,23.43,87.71,25.98,38.17460404289703
1997-07-15,4.12,29.21,23.07,87.85,25.67,37.25203139608566
1997-07-16,5.56,28.19,22.74,89.25,25.32,34.214276002376195
1997-07-17,6.64,28.38,23.87,89.54,25.84,34.88186009645963
1997-07-18,7.28,30.86,24.18,83.45,27.02,41.62690807735751
1997-07-19,12.13,29.79,23.72,83.35,26.5,37.95545729584282
1997-07-20,7.02,30.27,22.54,80.27,26.22,38.58743219028991
1997-07-21,2.58,31.31,23.48,78.31,26.91,41.30048290321828
1997-07-22,20.04,30.48,23.78,87.01,26.62,41.5115690605118
1997-07-23,27.53,29.75,24.82,88.61,26.9,39.355992797264676
1997-07-24,14.85,30.25,25.0,86.03,26.93,40.34066953965529
1997-07-25,4.16,29.11,24.2,87.07,26.34,36.72000819308446
1997-07-26,1.14,28.97,24.17,87.0,26.25,36.243934403486634
1997-07-27,24.55,26.32,23.53,88.16,24.89,28.75933193642964
1997-07-28,30.33,28.07,23.54,88.54,25.46,33.70886705646663
1997-07-29,7.6,27.99,23.42,91.53,25.42,33.98612008393953
1997-07-30,7.13,27.99,23.66,93.11,25.66,34.27039150704689
1997-07-31,19.27,27.15,23.89,95.03,25.41,31.76332881225091
1997-08-01,14.44,26.97,23.7,92.94,25.15,30.95687179731378
1997-08-02,2.03,29.11,23.11,87.57,25.59,36.844438188062064
1997-08-03,7.09,28.95,23.13,90.28,25.87,36.970655019310236
1997-08-04,44.91,26.88,24.44,93.53,25.55,30.742374240667257
1997-08-05,45.32,26.34,23.93,93.66,25.07,29.14226765315463
1997-08-06,42.0,27.45,23.19,92.24,24.97,32.361238702937285
1997-08-07,9.22,28.22,22.73,90.33,25.16,34.5160992177217
1997-08-08,8.17,29.12,23.11,89.46,25.82,37.35708540272586
1997-08-09,2.97,28.37,23.5,90.6,25.62,35.064245162607655
1997-08-10,1.89,28.77,23.99,87.91,25.91,35.80345498614318
1997-08-11,8.34,28.62,23.55,89.89,25.76,35.74953950185464
1997-08-12,2.59,28.6,23.65,90.16,25.77,35.74174575489098
1997-08-13,4.57,28.48,23.24,90.49,25.57,35.409261975016044
1997-08-14,7.45,29.31,23.52,88.83,26.07,37.854427955352406
1997-08-15,15.22,29.25,23.06,87.9,25.72,37.400966929829025
1997-08-16,28.2,29.07,23.28,89.89,25.91,37.29240827510069
1997-08-17,42.33,27.21,24.18,93.41,25.41,31.757063370199855
1997-08-18,68.53,28.11,23.63,92.07,25.45,34.483243634601195
1997-08-19,84.78,26.72,24.31,95.58,25.35,30.439341521855468
1997-08-20,65.73,26.7,23.99,94.85,25.27,30.31152749867634
1997-08-21,26.09,27.33,24.01,94.95,25.48,32.34564529019044
1997-08-22,10.83,26.9,23.71,94.64,25.25,30.917182964611428
1997-08-23,7.98,26.93,23.58,93.13,24.97,30.8546477289513
1997-08-24,12.27,26.6,23.22,93.44,24.77,29.889462003360457
1997-08-25,9.3,27.62,23.05,91.52,24.81,32.79338293499669
1997-08-26,12.66,26.73,23.21,94.1,24.55,30.33718794020243
1997-08-27,36.55,26.62,23.32,95.1,24.72,30.084940471097127
1997-08-28,28.51,27.98,23.36,93.49,25.42,34.30532295664742
1997-08-29,28.5,27.55,24.04,93.73,25.46,32.89985613280095
1997-08-30,18.04,27.79,23.4,93.03,25.23,33.5842381653388
1997-08-31,5.11,28.09,23.13,91.15,25.29,34.2452275856609
1997-09-01,7.33,26.76,22.7,91.36,24.22,30.180220942079547
1997-09-02,8.87,28.64,22.27,90.03,25.1,35.84789278215432
1997-09-03,2.46,28.92,23.28,89.22,25.74,36.60886637091836
1997-09-04,2.88,26.78,23.41,92.79,24.88,30.36885246244652
1997-09-05,7.79,28.41,23.41,86.84,25.48,34.43742294700991
1997-09-06,2.18,28.8,22.56,83.63,25.55,34.952228740096956
1997-09-07,6.73,28.06,23.92,86.69,25.86,33.35482368882007
1997-09-08,1.22,30.8,23.01,81.26,26.66,40.64369649041666
1997-09-09,0.05,31.49,22.56,80.88,26.72,42.89696592237464
1997-09-10,14.2,31.14,23.49,83.23,26.78,42.551889489798896
1997-09-11,6.32,29.6,24.52,85.77,26.61,38.00928031830466
1997-09-12,10.19,28.68,24.28,88.65,26.0,35.674562311883705
1997-09-13,2.43,29.59,23.94,85.24,26.35,37.828744266678086
1997-09-14,0.03,29.82,24.12,86.22,26.46,38.888474725025645
1997-09-15,5.33,29.01,22.92,86.08,25.87,36.154433776204435
1997-09-16,6.17,28.71,23.53,87.24,25.79,35.460585584153804
1997-09-17,2.09,26.81,23.63,93.58,24.93,30.533303116411876
1997-09-18,4.57,29.07,23.34,87.33,25.76,36.65197388956603
1997-09-19,29.35,29.13,23.81,88.89,25.95,37.24571962968711
1997-09-20,32.26,28.39,23.5,90.26,25.34,35.061177386187154
1997-09-21,8.0,25.94,23.36,94.49,24.41,28.036519853421655
1997-09-22,5.49,28.58,23.42,86.2,25.49,34.830766492763956
1997-09-23,0.26,27.02,22.96,89.68,24.81,30.758294001090356
1997-09-24,0.03,30.59,23.07,80.02,26.56,39.53262660576165
1997-09-25,19.94,30.31,24.05,84.89,26.59,40.17919140132896
1997-09-26,25.04,30.55,23.77,88.29,26.35,42.2317671916127
1997-09-27,5.59,29.63,23.24,87.87,26.04,38.70923812153367
1997-09-28,6.09,28.79,23.47,89.57,25.66,36.25037996366215
1997-09-29,7.94,28.05,23.16,89.27,25.19,33.77627393610344
1997-09-30,11.4,27.64,22.42,89.53,24.73,32.55655678855445
1997-10-01,3.32,28.14,22.31,89.22,24.89,34.05035243444991
1997-10-02,1.27,28.86,22.86,88.47,25.25,36.228754092339074
1997-10-03,0.25,29.91,22.57,87.32,25.99,39.53738315137706
1997-10-04,0.03,30.46,23.06,82.95,26.31,40.06009736468171
1997-10-05,7.72,31.29,23.03,81.92,26.7,42.58971156292824
1997-10-06,0.06,32.07,21.75,81.46,26.64,45.261774281943616
1997-10-07,1.41,31.64,22.8,79.78,26.85,42.99074278873958
1997-10-08,3.23,30.45,23.65,85.04,26.48,40.723755211741164
1997-10-09,5.59,30.6,23.75,86.26,26.48,41.69163691304725
1997-10-10,1.01,30.17,23.19,85.38,26.4,39.84722839267559
1997-10-11,2.77,30.09,24.02,86.32,26.43,39.8647073908956
1997-10-12,1.24,30.6,23.05,80.67,26.66,39.77773165535861
1997-10-13,0.17,30.34,23.28,82.45,26.59,39.49333631386929
1997-10-14,15.19,29.27,23.87,85.13,26.24,36.75515567957018
1997-10-15,1.33,30.22,23.3,81.05,26.52,38.66528915492359
1997-10-16,0.12,31.65,22.1,79.92,26.68,43.08195664606548
1997-10-17,0.01,31.64,22.08,79.29,26.61,42.79587278652934
1997-10-18,0.87,31.86,22.28,78.21,26.72,43.12649944081095
1997-10-19,2.13,31.48,22.13,84.68,26.51,44.39894125299159
1997-10-20,11.02,28.61,23.69,91.09,25.81,35.98197159094046
1997-10-21,0.55,28.83,22.31,88.14,25.12,36.05263908531752
1997-10-22,0.01,28.56,20.7,85.85,24.05,34.69725230291145
1997-10-23,0.85,30.35,19.82,81.5,24.78,39.225369975195775
1997-10-24,0.28,28.92,22.75,82.45,25.44,35.04885919760127
1997-10-25,0.65,29.83,22.19,81.2,25.31,37.479589607682165
1997-10-26,0.13,29.92,21.55,78.6,25.31,37.03657517244531
1997-10-27,0.3,30.59,20.2,80.44,25.09,39.669553695692755
1997-10-28,0.02,30.66,21.7,77.37,25.76,38.902745753939406
1997-10-29,0.37,30.16,22.57,82.58,25.98,38.93722093074194
1997-10-30,0.56,30.05,22.56,86.68,25.65,39.83659363271223
1997-10-31,0.04,30.82,23.24,84.05,26.17,41.700723314014034
1997-11-01,0.04,30.9,22.37,83.24,25.97,41.6931929190977
1997-11-02,0.71,31.24,22.42,83.0,26.16,42.82687712103752
1997-11-03,1.52,30.07,22.72,86.42,26.03,39.8254599875868
1997-11-04,11.14,31.04,23.52,86.24,26.3,43.33990625345668
1997-11-05,0.86,30.7,22.81,81.88,25.93,40.51776105536518
1997-11-06,0.06,28.68,20.83,80.3,24.15,33.92415024212732
1997-11-07,0.03,28.9,19.91,77.83,23.7,34.01393455373707
1997-11-08,0.0,29.18,19.42,79.04,23.47,35.028614560081074
1997-11-09,0.01,29.47,18.57,78.4,23.47,35.68851731871522
1997-11-10,0.06,30.26,19.1,81.64,24.25,38.975326244217406
1997-11-11,0.02,31.12,20.77,79.22,25.48,40.99909669237368
1997-11-12,0.0,31.1,20.35,79.83,25.28,41.15131836488887
1997-11-13,0.03,30.28,19.96,78.31,24.99,38.03089072811265
1997-11-14,0.04,31.06,21.07,76.97,25.59,40.01650149973078
1997-11-15,0.69,31.02,20.83,80.36,25.45,41.07149431096287
1997-11-16,5.73,29.22,22.46,89.88,25.41,37.818221394673365
1997-11-17,3.99,28.34,23.51,91.73,25.43,35.19420439756414
1997-11-18,1.32,30.97,22.74,81.96,26.23,41.4753256893125
1997-11-19,0.4,30.62,21.8,83.41,25.79,40.76666983949438
1997-11-20,0.77,30.82,22.18,83.4,25.77,41.466723719048744
1997-11-21,0.1,30.74,21.44,79.8,25.71,39.94751176105714
1997-11-22,0.0,30.7,22.6,79.41,25.81,39.68824631091065
1997-11-23,0.05,30.44,21.51,80.45,25.55,39.186083780413306
1997-11-24,0.01,30.07,21.7,80.92,25.36,38.150003384568016
1997-11-25,0.01,30.25,20.49,79.79,25.11,38.379584115537604
1997-11-26,0.22,30.47,20.92,77.75,25.27,38.439798807857436
1997-11-27,0.07,30.35,20.1,80.9,24.43,39.037177195551834
1997-11-28,0.09,31.29,20.75,78.67,25.52,41.36612776089312
1997-11-29,0.01,30.97,20.22,76.96,25.11,39.73029609631579
1997-11-30,0.02,30.75,19.38,77.11,24.55,39.0965762039311
1997-12-01,0.0,30.24,18.24,75.24,23.75,37.031528999270876
1997-12-02,0.0,29.48,17.46,75.62,22.64,35.055181814382564
1997-12-03,0.47,30.93,17.59,80.39,23.58,40.77876519770881
1997-12-04,0.61,30.12,19.5,80.86,24.17,38.29012715689786
1997-12-05,2.25,30.53,21.79,80.46,25.08,39.48058756811233
1997-12-06,1.33,29.99,20.51,79.65,24.45,37.537456100324476
1997-12-07,0.85,30.86,20.0,80.1,25.03,40.444225352833115
1997-12-08,0.17,31.14,21.73,77.88,25.89,40.58841480678877
1997-12-09,0.03,29.97,22.36,79.65,25.52,37.47669779336165
1997-12-10,0.06,29.27,21.38,76.58,24.35,34.71971645699807
1997-12-11,0.19,30.58,20.46,75.92,24.64,38.21116246691904
1997-12-12,0.06,31.45,20.8,79.15,25.43,42.08623038465818
1997-12-13,0.03,31.18,21.79,81.26,25.89,41.95047246801352
1997-12-14,0.4,31.64,22.23,78.87,26.46,42.62996610327201
1997-12-15,0.07,32.51,21.47,78.58,26.3,45.6044010608874
1997-12-16,0.01,32.16,20.89,78.02,25.78,44.09674148534717
1997-12-17,0.0,31.37,20.52,74.62,25.19,40.16862972057797
1997-12-18,0.0,30.88,19.55,73.55,24.36,38.354797193809894
1997-12-19,0.0,29.93,17.09,75.55,22.84,36.25138446811033
1997-12-20,0.12,29.99,17.0,75.29,23.25,36.34850947858644
1997-12-21,0.01,30.24,18.5,75.69,23.91,37.15763691787459
1997-12-22,0.0,30.11,19.81,78.13,24.18,37.46849653919899
1997-12-23,0.01,29.69,20.53,79.73,24.42,36.65888320568095
1997-12-24,0.01,30.15,20.73,76.55,24.61,37.1409767713936
1997-12-25,0.33,30.31,20.92,78.12,24.59,38.06547414746972
1997-12-26,0.1,30.05,20.25,74.31,24.11,36.25435558714397
1997-12-27,0.0,28.63,17.94,72.99,22.2,32.44282350515533
1997-12-28,0.09,28.96,17.31,74.8,22.15,33.55588055051927
1997-12-29,0.07,28.7,16.98,72.75,22.22,32.558900891072426
1997-12-30,0.01,29.39,17.07,71.99,23.02,34.017739277342535
1997-12-31,0.33,30.13,17.71,74.69,23.25,36.57410072056763
1998-01-01,0.13,29.99,18.09,74.82,23.44,36.225133276196544
1998-01-02,0.02,30.19,17.35,71.14,23.03,35.79642967110636
1998-01-03,0.07,30.29,17.01,76.75,22.62,37.604430297065704
1998-01-04,0.05,30.62,17.82,74.1,23.48,37.77851266666516
1998-01-05,0.01,30.49,18.57,73.74,23.66,37.306678573445964
1998-01-06,0.34,29.94,16.77,75.95,22.62,36.38384452104289
1998-01-07,0.05,30.3,18.38,75.87,23.13,37.380351609243434
1998-01-08,0.03,31.34,17.36,72.17,23.84,39.239493576834796
1998-01-09,0.01,30.71,18.68,73.05,23.46,37.71909720459023
1998-01-10,0.0,31.07,17.22,70.09,23.23,37.81483733175503
1998-01-11,0.01,30.86,17.74,72.46,23.9,37.9612431234008
1998-01-12,0.28,31.75,19.95,72.58,24.88,40.60253495564764
1998-01-13,0.28,31.49,18.65,75.49,24.28,40.85410378174366
1998-01-14,0.04,31.52,19.8,76.99,25.4,41.504227086382976
1998-01-15,0.19,31.59,22.35,79.47,25.91,42.69298082429412
1998-01-16,0.11,31.44,22.27,77.64,25.74,41.48335067996152
1998-01-17,0.14,31.75,20.87,74.92,25.27,41.47086525463647
1998-01-18,0.01,30.69,20.3,78.16,24.51,39.248577986672984
1998-01-19,0.15,31.3,20.31,72.62,25.08,39.273375448937614
1998-01-20,0.19,32.32,20.25,69.6,25.26,41.207705713602536
1998-01-21,0.3,31.83,20.46,76.25,25.27,42.24332904154342
1998-01-22,0.14,31.77,20.03,72.78,24.87,40.7366196236383
1998-01-23,0.01,32.02,17.68,70.9,24.03,40.799986749762475
1998-01-24,0.0,31.45,18.83,68.08,24.47,38.210307033548375
1998-01-25,0.13,31.74,19.59,67.36,24.61,38.756724734709046
1998-01-26,0.09,31.24,18.55,68.35,23.87,37.73587512380468
1998-01-27,0.48,31.44,19.14,71.06,24.53,39.15638994965845
1998-01-28,1.32,32.29,20.04,74.63,25.25,43.11755381103066
1998-01-29,0.24,32.01,21.08,73.1,25.18,41.60133004033273
1998-01-30,0.53,32.17,20.14,70.54,25.24,41.11579635996631
1998-01-31,0.12,32.29,20.52,73.89,25.3,42.813038929118534
1998-02-01,0.0,32.6,19.05,69.8,25.0,42.13487163588778
1998-02-02,0.0,32.32,18.36,67.53,24.76,40.42887200200673
1998-02-03,0.03,32.95,19.01,68.64,25.11,42.735492248227125
1998-02-04,0.01,32.7,19.29,65.96,24.92,40.92158870101742
1998-02-05,0.08,32.73,17.76,65.3,24.69,40.75459419364366
1998-02-06,0.13,33.06,18.97,68.7,25.48,43.10145205249575
1998-02-07,0.01,32.68,21.56,71.24,26.01,42.976505504806056
1998-02-08,0.05,32.89,21.45,69.96,26.31,43.103947914965985
1998-02-09,0.08,33.56,21.73,67.08,26.81,43.95320018466652
1998-02-10,0.06,33.58,22.61,68.9,27.21,44.84542232052761
1998-02-11,0.07,34.63,22.01,67.0,27.38,47.391997114144395
1998-02-12,0.08,34.2,20.7,63.81,26.75,44.440369038164704
1998-02-13,0.28,34.11,21.49,67.91,27.06,46.1133698325827
1998-02-14,0.02,34.61,21.22,65.65,27.26,46.631333573099056
1998-02-15,0.0,34.35,21.23,66.87,26.81,46.39119723295478
1998-02-16,0.04,34.8,20.07,66.85,26.53,47.889441439057954
1998-02-17,0.13,35.55,21.11,66.02,27.64,50.02754884367793
1998-02-18,0.02,35.87,22.08,64.21,27.94,50.094268471222954
1998-02-19,0.07,36.07,21.43,63.44,27.92,50.334346764139525
1998-02-20,0.02,36.09,21.45,64.82,27.97,51.23014410403351
1998-02-21,0.0,35.29,22.45,66.97,27.92,49.65492345776044
1998-02-22,0.0,34.98,23.07,62.65,27.92,46.29982979450571
1998-02-23,0.0,35.5,21.83,59.29,27.5,46.20329653954005
1998-02-24,0.0,35.46,21.18,62.44,27.32,47.72656970159838
1998-02-25,0.0,35.15,20.98,63.81,27.19,47.446146529139845
1998-02-26,0.03,34.57,22.67,63.91,27.88,45.6354360541775
1998-02-27,0.02,34.31,23.49,62.27,27.81,44.06232575268276
1998-02-28,0.1,35.12,22.91,58.57,28.29,44.71656949560975
1998-03-01,2.32,34.63,22.06,63.38,27.59,45.564267826745194
1998-03-02,0.88,32.66,23.11,65.5,26.72,40.63363895529906
1998-03-03,0.18,34.51,22.02,63.03,26.83,45.02318146252628
1998-03-04,0.08,34.9,20.24,62.17,26.74,45.80892495355833
1998-03-05,0.0,34.75,20.91,62.31,26.62,45.414059876411315
1998-03-06,0.0,35.45,21.94,60.28,27.5,46.55751244593076
1998-03-07,0.0,35.35,20.67,59.29,26.95,45.74954023460563
1998-03-08,0.01,35.4,19.6,59.26,26.69,45.885174224251074
1998-03-09,0.47,35.09,20.16,63.51,27.24,47.09330520576157
1998-03-10,0.22,35.71,21.26,60.66,27.91,47.573422127650616
1998-03-11,0.01,35.05,22.1,59.02,27.85,44.727101803969134
1998-03-12,0.0,34.92,22.34,62.98,27.3,46.27717377492988
1998-03-13,0.0,34.6,20.54,62.57,26.99,45.0790943699801
1998-03-14,0.01,35.57,22.02,62.35,27.99,48.03609717081215
1998-03-15,0.0,36.42,22.33,60.56,28.52,49.82664466336817
1998-03-16,0.0,37.4,21.36,56.73,28.67,50.755801948079565
1998-03-17,0.0,37.12,22.1,58.58,28.86,50.96925278606214
1998-03-18,0.0,36.59,22.33,59.34,28.56,49.67342209857468
1998-03-19,0.21,36.19,21.68,62.31,28.12,50.08004475665223
1998-03-20,0.15,36.14,23.44,63.3,28.73,50.4935171341646
1998-03-21,0.13,37.14,22.11,59.08,28.69,51.34542379082205
1998-03-22,2.93,36.29,22.34,62.25,28.02,50.38558263672166
1998-03-23,0.24,34.83,20.22,58.51,26.63,43.85297499863004
1998-03-24,0.27,34.79,19.61,60.76,26.61,44.78831552847212
1998-03-25,0.62,34.72,20.09,64.44,26.83,46.3761524314723
1998-03-26,1.62,33.88,21.62,66.99,26.84,44.92311686695929
1998-03-27,0.55,34.43,21.69,65.53,27.22,45.98616415774072
1998-03-28,0.16,34.92,19.85,61.6,26.61,45.58881624287267
1998-03-29,0.67,35.58,21.49,63.78,27.58,48.857681658991254
1998-03-30,0.14,35.31,20.13,60.48,27.03,46.22755905513998
1998-03-31,0.0,35.51,19.33,57.06,26.81,45.11955927210028
1998-04-01,0.0,36.07,19.66,55.04,27.68,45.732480312952646
1998-04-02,0.26,37.47,22.35,57.09,29.08,51.20798730448338
1998-04-03,0.65,35.16,23.35,62.44,28.41,46.76251108711749
1998-04-04,0.05,35.54,20.91,55.44,27.23,44.424104563524814
1998-04-05,0.37,35.24,19.15,61.14,26.73,46.346930776038214
1998-04-06,0.27,36.53,20.22,60.71,27.79,50.2830330757603
1998-04-07,0.02,36.93,20.9,57.06,28.17,49.43863574002418
1998-04-08,0.09,36.36,20.16,57.42,28.08,47.85233520175302
1998-04-09,0.06,35.92,21.76,55.55,28.11,45.55698441582886
1998-04-10,0.32,36.37,21.34,56.67,28.17,47.47400978084206
1998-04-11,0.46,36.18,21.92,60.12,28.37,48.785251293862615
1998-04-12,0.29,36.34,22.47,60.26,28.77,49.38762571722183
1998-04-13,0.22,37.12,23.35,58.83,29.62,51.123269538783426
1998-04-14,0.17,37.8,23.05,57.35,29.85,52.476495221544354
1998-04-15,0.23,36.81,24.64,59.85,29.71,50.70712903962569
1998-04-16,0.49,37.03,23.41,59.89,29.61,51.476302758978626
1998-04-17,0.75,35.33,24.67,66.0,29.28,49.24683530334256
1998-04-18,20.33,30.15,24.35,79.8,26.74,38.07155609192504
1998-04-19,0.2,34.68,23.29,69.15,27.85,48.70896586326278
1998-04-20,0.08,35.77,21.59,63.34,28.33,49.251009962562776
1998-04-21,0.05,36.74,22.94,59.21,29.23,50.0898665745475
1998-04-22,0.04,36.67,23.05,61.67,29.14,51.341910583934855
1998-04-23,0.0,37.59,23.44,58.59,29.67,52.565851168956186
1998-04-24,0.0,37.89,22.59,57.66,29.6,52.98615480481572
1998-04-25,0.0,37.8,23.31,57.67,29.91,52.6850802625783
1998-04-26,0.0,37.7,24.41,58.13,30.4,52.643746517999396
1998-04-27,2.06,36.92,24.22,59.96,29.8,51.145605106591134
1998-04-28,0.56,36.97,23.75,58.8,29.31,50.604662842002426
1998-04-29,0.99,36.28,22.86,59.97,29.2,49.025045459623534
1998-04-30,3.51,36.0,24.45,62.74,29.19,49.68566013024448
1998-05-01,2.12,36.84,23.37,62.05,29.45,52.1730247698927
1998-05-02,0.12,35.67,23.87,61.71,29.45,48.01307685214599
1998-05-03,0.03,37.47,23.95,56.93,30.11,51.1084548492655
1998-05-04,0.38,36.92,23.76,56.76,29.62,49.23215712953644
1998-05-05,3.83,36.21,23.81,62.34,29.32,50.16578669768723
1998-05-06,1.15,36.25,24.26,61.56,29.48,49.843411543964464
1998-05-07,0.41,36.64,23.89,60.41,29.69,50.47351664619177
1998-05-08,3.64,35.59,24.87,61.84,29.13,47.824532000997685
1998-05-09,3.06,36.03,23.79,64.1,29.12,50.58633808059669
1998-05-10,7.44,34.07,23.56,70.85,27.98,47.4547361523403
1998-05-11,3.02,33.15,23.89,71.51,28.01,44.625673485324384
1998-05-12,1.54,36.12,23.47,65.79,29.16,51.93191414548929
1998-05-13,9.73,36.11,24.04,66.6,29.2,52.39897044328156
1998-05-14,8.14,35.93,24.02,68.6,29.11,52.98114593984519
1998-05-15,2.96,33.6,24.42,69.4,28.47,45.14369617662429
1998-05-16,18.36,34.24,24.05,71.89,28.68,48.60728724801792
1998-05-17,1.1,35.28,24.0,70.51,29.15,51.68745189404464
1998-05-18,2.9,34.53,24.38,70.25,28.94,48.771322737413584
1998-05-19,0.34,31.79,25.4,75.99,28.11,42.01005967502075
1998-05-20,2.85,34.78,24.15,66.91,29.14,47.853207687436274
1998-05-21,9.83,30.43,25.5,80.71,27.23,39.23613206918043
1998-05-22,17.6,28.75,25.1,90.55,26.59,36.34139136600087
1998-05-23,14.69,33.68,24.88,79.9,28.39,50.81837234640227
1998-05-24,24.52,32.9,25.23,85.3,27.97,50.4822807810559
1998-05-25,18.76,32.98,25.18,82.21,28.45,49.19343890221524
1998-05-26,27.27,28.33,25.28,90.1,26.62,34.830984302365614
1998-05-27,26.51,29.49,24.38,88.78,26.33,38.47445041676404
1998-05-28,9.82,30.12,24.12,86.52,26.66,40.0352858660664
1998-05-29,6.65,29.27,25.05,89.08,26.76,37.78144539707898
1998-05-30,10.18,29.41,24.26,88.69,26.74,38.16682543963696
1998-05-31,8.42,27.89,24.72,93.11,26.19,33.932349529948226
1998-06-01,1.04,31.17,24.55,83.75,27.28,42.861111183285125
1998-06-02,3.32,30.71,24.21,83.46,27.27,41.09936717737192
1998-06-03,0.94,30.77,24.93,83.34,27.48,41.268477794439434
1998-06-04,0.18,30.89,24.44,80.14,27.75,40.557769569243895
1998-06-05,0.05,31.98,24.49,79.4,28.12,44.04174429072442
1998-06-06,0.3,32.84,25.25,77.41,28.7,46.27297120265967
1998-06-07,8.84,32.48,25.29,79.85,28.41,46.076278882866376
1998-06-08,1.88,31.74,25.64,79.4,28.36,43.18972120250329
1998-06-09,1.91,30.87,24.98,81.94,27.65,41.12125286802477
1998-06-10,0.55,32.16,24.92,77.86,28.37,44.028584337691946
1998-06-11,6.6,34.66,24.47,73.77,28.95,51.23627019067981
1998-06-12,0.52,33.6,24.01,74.6,28.27,47.68426216265448
1998-06-13,0.18,34.74,23.48,71.4,29.15,50.17712856427732
1998-06-14,1.74,34.18,24.75,74.75,29.02,49.94020613094621
1998-06-15,3.75,29.86,25.81,86.35,27.38,39.06603274049287
1998-06-16,0.37,31.82,24.9,79.25,28.23,43.410480655689355
1998-06-17,2.47,29.8,25.54,84.45,27.32,38.30265407028971
1998-06-18,12.1,30.28,25.3,82.77,27.43,39.39447965354119
1998-06-19,7.56,30.48,24.38,82.54,27.23,39.992952677241995
1998-06-20,1.51,30.53,24.9,77.21,27.76,38.45637323755822
1998-06-21,0.85,33.35,24.03,76.04,28.41,47.48905771516402
1998-06-22,28.61,31.28,24.6,82.55,27.56,42.797467450876574
1998-06-23,11.72,29.65,24.28,87.72,26.54,38.736160526493734
1998-06-24,8.73,28.97,23.96,87.92,26.24,36.46392986047021
1998-06-25,5.04,28.74,24.55,87.35,26.25,35.580928100358925
1998-06-26,3.39,29.35,24.0,87.58,26.33,37.65746545186648
1998-06-27,1.24,30.34,23.45,82.69,26.5,39.56994874099353
1998-06-28,2.27,31.67,23.24,80.23,27.11,43.277552352949186
1998-06-29,0.66,30.78,23.13,81.06,26.48,40.50724280975302
1998-06-30,0.27,32.98,22.8,76.07,27.35,46.14884412538908
1998-07-01,0.03,32.65,23.65,74.3,27.59,44.18664132618897
1998-07-02,2.28,30.64,23.86,81.49,26.81,40.18297656787844
1998-07-03,2.75,32.58,23.17,77.11,27.47,45.19112813037754
1998-07-04,5.97,31.76,23.86,80.11,27.22,43.549656782925574
1998-07-05,8.23,28.25,24.05,88.51,25.79,34.263982100429125
1998-07-06,5.69,28.49,23.41,86.59,25.5,34.63354411562768
1998-07-07,23.77,30.06,23.29,83.49,26.17,38.883391633460064
1998-07-08,5.67,29.75,23.28,85.66,26.2,38.48442561736954
1998-07-09,5.0,30.21,24.18,83.26,26.76,39.31404738480921
1998-07-10,4.41,29.45,24.13,86.02,26.22,37.57620685354787
1998-07-11,9.25,27.39,23.36,88.83,25.13,31.718861473527152
1998-07-12,4.01,29.2,22.93,86.64,25.77,36.90936912161969
1998-07-13,0.17,30.33,23.31,80.38,27.05,38.81160857708718
1998-07-14,7.4,30.73,24.95,81.4,27.42,40.455296354166
1998-07-15,2.42,30.68,23.7,82.38,26.83,40.62067442223363
1998-07-16,0.11,30.74,24.45,81.92,27.2,40.66779977241687
1998-07-17,0.0,31.39,24.53,81.99,27.61,42.97608430128454
1998-07-18,1.01,31.0,24.97,80.52,27.65,41.06090865754103
1998-07-19,0.05,31.91,25.52,79.01,28.28,43.62950137386567
1998-07-20,0.29,30.45,25.64,80.99,27.76,39.39031539265734
1998-07-21,1.8,30.84,24.96,81.17,27.43,40.74791040608631
1998-07-22,3.05,30.69,24.58,76.76,27.44,38.80139400802879
1998-07-23,0.36,31.1,24.99,82.22,27.4,42.02753203307887
1998-07-24,7.23,30.85,24.59,83.68,27.12,41.674427141664225
1998-07-25,4.29,31.62,24.19,80.67,27.54,43.27672669385569
1998-07-26,25.02,32.13,25.2,80.92,28.13,45.24814716723742
1998-07-27,7.53,31.83,25.21,79.87,28.06,43.701095053582904
1998-07-28,4.66,31.83,24.96,79.2,28.09,43.42528398311225
1998-07-29,3.98,29.27,24.98,86.23,27.08,37.035501195021034
1998-07-30,12.53,29.65,24.83,84.4,26.99,37.79386720909755
1998-07-31,8.81,30.31,23.46,85.08,26.9,40.241518801793895
1998-08-01,6.58,29.81,24.31,87.41,26.76,39.2093075997259
1998-08-02,6.01,29.39,24.32,89.88,26.6,38.4255959788221
1998-08-03,16.35,29.22,23.55,86.63,26.21,36.97287177038528
1998-08-04,12.96,28.6,23.96,90.26,26.03,35.76375920810284
1998-08-05,15.21,27.47,23.69,92.46,25.51,32.455597544231836
1998-08-06,14.05,29.39,23.26,85.56,26.02,37.25554416595587
1998-08-07,13.58,29.57,24.42,86.97,26.42,38.24366012976523
1998-08-08,27.7,27.39,23.67,91.25,25.34,32.03889712531025
1998-08-09,10.87,29.24,23.33,88.64,25.73,37.5605296568161
1998-08-10,10.54,30.22,23.04,85.33,26.39,40.00648548830228
1998-08-11,13.26,29.88,24.49,86.17,26.64,39.08138519622284
1998-08-12,7.54,30.47,24.15,84.9,26.82,40.74741524644973
1998-08-13,0.6,29.42,23.81,87.86,26.36,37.97367075531153
1998-08-14,1.46,31.13,23.67,80.51,27.47,41.500116504006904
1998-08-15,3.48,30.87,23.95,79.69,27.09,40.33631813131597
1998-08-16,1.29,29.74,23.47,84.24,26.26,38.044320910495465
1998-08-17,3.89,27.63,24.0,89.88,25.66,32.57835795803267
1998-08-18,1.04,30.59,23.25,84.56,26.8,41.057918028686416
1998-08-19,3.82,28.08,24.13,89.74,25.93,33.95517509105467
1998-08-20,11.86,29.77,23.1,87.51,25.88,39.097659457350105
1998-08-21,3.9,29.94,23.51,86.95,26.34,39.529935439739155
1998-08-22,1.86,30.74,24.43,79.72,27.41,39.92076949919941
1998-08-23,22.68,28.41,25.11,91.25,26.38,35.33289600761372
1998-08-24,9.23,28.61,24.29,90.09,26.09,35.760030803759044
1998-08-25,2.43,30.56,23.81,85.59,26.69,41.30866922518755
1998-08-26,2.93,30.6,24.52,83.89,27.1,40.861726299190195
1998-08-27,3.29,30.31,24.55,84.98,26.92,40.20869444895386
1998-08-28,17.17,28.27,24.4,89.91,25.9,34.59754805549946
1998-08-29,6.56,28.85,23.76,90.49,26.03,36.67339457226825
1998-08-30,12.28,29.06,24.39,89.47,26.32,37.151202126742106
1998-08-31,2.65,29.79,24.17,88.18,26.44,39.370349306112274
1998-09-01,2.27,30.18,24.28,87.7,26.88,40.63686012535624
1998-09-02,1.43,29.57,24.65,87.46,26.6,38.38200833013678
1998-09-03,0.74,29.69,24.1,86.73,26.47,38.58868186515577
1998-09-04,5.7,28.48,24.57,91.46,26.19,35.61613908581535
1998-09-05,28.12,29.21,23.59,88.73,26.08,37.4803782086571
1998-09-06,11.28,27.89,24.09,91.54,25.55,33.66155249268419
1998-09-07,0.67,30.13,23.39,83.19,26.57,39.02492527471597
1998-09-08,10.46,30.0,23.99,86.92,26.4,39.7339768264355
1998-09-09,19.78,28.49,23.52,90.23,25.51,35.38763844360842
1998-09-10,33.45,27.46,23.62,92.76,25.24,32.466195224632955
1998-09-11,9.11,28.21,23.37,89.23,25.43,34.274074607483996
1998-09-12,8.48,29.52,23.51,89.14,26.07,38.683665229615215
1998-09-13,13.3,28.74,24.33,89.09,26.03,35.971965235124095
1998-09-14,22.27,27.77,23.59,91.87,25.46,33.32775143561884
1998-09-15,43.4,28.07,24.47,93.64,25.74,34.64294077945575
1998-09-16,112.22,27.18,24.27,95.4,25.62,31.907407830373398
1998-09-17,104.48,26.62,23.97,95.9,25.25,30.151191823290155
1998-09-18,114.71,27.17,24.04,95.61,25.33,31.90040332157057
1998-09-19,58.26,26.9,23.67,95.66,25.12,31.022490005951113
1998-09-20,1.53,29.25,22.61,86.25,25.5,36.974849839681376
1998-09-21,0.37,29.65,23.3,86.55,26.07,38.399217159341426
1998-09-22,3.76,30.26,23.81,87.09,26.75,40.72770800684891
1998-09-23,6.34,30.07,24.2,87.2,26.74,40.07360612841931
1998-09-24,2.01,31.11,23.36,84.55,26.92,42.94831998512333
1998-09-25,18.55,30.07,23.74,88.72,26.09,40.564692487041306
1998-09-26,19.29,31.6,23.32,84.82,26.95,44.92142863247023
1998-09-27,5.12,28.62,24.37,89.81,26.3,35.73189064248456
1998-09-28,20.94,28.43,24.74,91.24,26.1,35.39870323495611
1998-09-29,31.4,28.13,24.54,92.92,25.88,34.71263428636377
1998-09-30,9.41,27.45,23.88,93.13,25.53,32.4864187723311
1998-10-01,19.05,28.19,23.83,91.84,25.55,34.708236195737335
1998-10-02,7.23,27.32,23.93,93.61,25.31,32.13365570227012
1998-10-03,2.44,28.53,24.01,92.64,25.9,36.0475820454321
1998-10-04,7.38,28.36,24.07,92.0,25.78,35.31816414841037
1998-10-05,13.99,29.43,23.41,87.47,26.08,37.9015409041461
1998-10-06,4.16,30.74,22.49,88.23,26.02,42.94418094090252
1998-10-07,1.26,29.52,23.04,87.88,25.98,38.326486908278234
1998-10-08,4.25,29.78,23.49,86.97,26.17,38.972076403160266
1998-10-09,1.5,30.76,24.43,83.22,27.01,41.190819808754505
1998-10-10,6.14,31.11,23.47,84.96,26.62,43.10712106042271
1998-10-11,0.71,30.71,23.25,84.21,26.78,41.363625341969176
1998-10-12,0.48,31.96,24.07,78.24,27.55,43.486582679863126
1998-10-13,3.12,30.15,23.44,86.09,26.27,40.00409981494959
1998-10-14,89.1,27.01,25.07,93.67,25.87,31.15908541859993
1998-10-15,44.3,27.84,24.29,93.0,25.94,33.74582319962956
1998-10-16,5.3,29.29,23.72,89.39,25.98,37.93484318569988
1998-10-17,0.25,29.24,23.31,89.47,26.01,37.779942765682655
1998-10-18,3.01,28.01,24.2,90.8,25.75,33.92115876641602
1998-10-19,6.85,30.89,23.73,83.72,26.81,41.83233284440054
1998-10-20,1.83,30.88,24.04,84.2,26.69,41.97196561939043
1998-10-21,2.21,31.78,23.4,79.33,27.24,43.30211294247106
1998-10-22,50.78,29.45,24.58,89.63,26.57,38.57144609535368
1998-10-23,118.99,27.62,25.42,90.91,26.42,32.70153124831776
1998-10-24,31.37,26.62,24.0,94.07,25.03,30.00029897807427
1998-10-25,11.24,27.16,23.89,94.19,25.2,31.693548530345993
1998-10-26,0.35,28.16,23.64,92.25,25.44,34.68612618024107
1998-10-27,0.07,28.94,23.2,87.25,26.06,36.20539168239244
1998-10-28,0.0,29.97,23.73,84.32,26.48,38.832601269174035
1998-10-29,15.31,30.15,23.29,82.28,26.28,38.812804241217094
1998-10-30,1.92,29.99,23.09,85.08,26.11,39.13035599411838
1998-10-31,0.23,30.05,22.89,80.96,26.22,38.098706749888535
1998-11-01,1.45,29.42,23.38,85.47,25.86,37.33019231474777
1998-11-02,0.38,30.67,24.05,79.77,26.72,39.70991028426162
1998-11-03,0.25,29.45,24.09,84.17,26.27,37.08469928244556
1998-11-04,16.42,29.76,23.35,86.32,26.22,38.710865078326066
1998-11-05,3.26,28.03,23.77,84.91,25.93,32.96615829109925
1998-11-06,4.4,27.68,23.39,89.81,25.29,32.72033290345226
1998-11-07,1.93,28.36,23.33,90.29,25.41,34.968023778657546
1998-11-08,0.08,30.07,22.29,85.97,25.83,39.68348927147363
1998-11-09,2.1,30.17,23.82,85.97,26.23,40.036440680506445
1998-11-10,0.33,29.33,23.62,87.94,26.11,37.68519813836667
1998-11-11,1.69,28.44,22.82,90.64,25.37,35.30658051948142
1998-11-12,6.21,29.67,22.39,87.49,25.59,38.73956203763783
1998-11-13,1.81,29.52,23.13,87.46,25.81,38.208746437254426
1998-11-14,1.35,31.1,22.19,83.08,26.17,42.35029175443438
1998-11-15,0.64,30.54,23.61,82.51,26.36,40.186520593379015
1998-11-16,1.28,29.82,22.54,84.53,25.96,38.392347550005724
1998-11-17,0.47,30.42,23.21,84.44,26.45,40.416051642780175
1998-11-18,1.22,29.2,22.42,88.8,25.19,37.464056394270834
1998-11-19,4.78,28.77,23.05,87.91,25.11,35.80345498614318
1998-11-20,1.89,30.23,22.79,82.34,26.18,39.09389160535837
1998-11-21,0.3,30.5,22.59,84.83,25.98,40.83027997801251
1998-11-22,0.8,30.6,23.51,85.55,26.05,41.44016144652557
1998-11-23,3.79,29.9,23.52,87.57,26.21,39.57872385057173
1998-11-24,1.9,28.46,23.53,89.32,25.39,35.09768887914378
1998-11-25,22.82,27.57,23.06,90.71,24.88,32.51690190317023
1998-11-26,8.62,28.74,22.67,88.5,25.07,35.83837736356173
1998-11-27,2.14,27.59,22.55,88.22,24.65,32.21666105465805
1998-11-28,2.05,30.26,22.18,85.9,25.78,40.33368351978643
1998-11-29,6.53,30.92,23.27,82.77,26.6,41.59345033165987
1998-11-30,0.46,30.23,23.4,85.82,26.3,40.20074005632882
1998-12-01,0.23,30.02,23.75,85.59,26.17,39.39035285715559
1998-12-02,0.67,30.54,22.59,83.64,26.28,40.56631021272027
1998-12-03,0.23,30.08,23.53,83.28,26.22,38.886176433293386
1998-12-04,0.03,29.16,22.31,83.08,25.15,35.90819419119298
1998-12-05,0.02,30.34,21.25,82.11,25.0,39.38525330310184
1998-12-06,0.91,30.47,22.36,79.88,25.96,39.10206862622951
1998-12-07,0.28,30.11,23.79,81.71,26.17,38.511122440303865
1998-12-08,6.35,29.34,22.89,84.73,25.18,36.87784465072872
1998-12-09,7.55,28.58,22.27,82.72,24.59,34.12521551526574
1998-12-10,0.56,29.15,21.29,81.15,24.51,35.4256397752574
1998-12-11,8.98,27.59,22.53,84.79,24.38,31.7355345208729
1998-12-12,5.86,27.72,22.77,87.02,24.52,32.41706027498307
1998-12-13,6.46,29.39,22.39,85.56,25.24,37.25554416595587
1998-12-14,0.66,28.39,21.63,82.08,24.7,33.472432321497635
1998-12-15,0.11,30.04,22.54,83.14,25.32,38.711527895239975
1998-12-16,1.39,28.85,22.82,86.33,25.48,35.70275221281872
1998-12-17,7.67,28.27,23.5,88.84,25.2,34.39024493247701
1998-12-18,31.11,27.36,23.15,93.2,24.96,32.207138510192
1998-12-19,14.76,28.17,23.4,90.65,25.31,34.41382530744855
1998-12-20,0.38,28.24,22.67,88.33,24.97,34.198514299489474
1998-12-21,4.29,28.58,21.69,87.04,25.05,35.00609046866543
1998-12-22,0.91,27.49,23.66,89.86,25.15,32.15236343835227
1998-12-23,2.41,28.4,22.88,90.95,25.27,35.23670049137084
1998-12-24,1.55,29.11,23.76,88.6,25.7,37.10337674792829
1998-12-25,3.53,29.34,22.33,82.78,25.1,36.38439883073306
1998-12-26,0.45,28.86,21.38,82.74,24.4,34.93672465206628
1998-12-27,2.3,28.73,21.42,84.43,24.64,34.91462415293428
1998-12-28,5.41,28.22,21.81,86.39,24.53,33.7765663175567
1998-12-29,2.82,27.91,22.45,86.62,24.5,32.90360652040388
1998-12-30,1.91,28.11,22.26,85.23,24.61,33.24830485573078
1998-12-31,0.62,29.35,21.51,82.4,24.59,36.32024754728239
1999-01-01,0.48,29.13,21.12,82.33,24.18,35.64105459537752
1999-01-02,0.3,28.9,20.66,81.78,24.0,34.844740079311244
1999-01-03,0.13,28.96,20.21,84.8,24.33,35.697766969031704
1999-01-04,0.18,27.5,22.43,86.88,24.39,31.77329025277127
1999-01-05,0.44,30.59,21.93,83.25,25.44,40.607581701542514
1999-01-06,0.1,30.43,21.89,81.93,25.39,39.62638137609159
1999-01-07,0.28,29.36,21.18,83.23,24.52,36.55911564175768
1999-01-08,0.33,28.18,20.45,81.86,23.6,32.86514132549506
1999-01-09,0.99,28.42,19.4,82.21,23.04,33.57905479864174
1999-01-10,0.33,26.67,19.98,80.46,22.31,29.058494967980867
1999-01-11,0.47,27.33,19.2,81.36,22.61,30.642926694525247
1999-01-12,2.41,28.42,20.69,83.64,23.77,33.847713909087474
1999-01-13,1.36,27.64,21.71,84.98,23.92,31.89693522102852
1999-01-14,2.98,28.01,21.34,87.15,24.25,33.285500536544646
1999-01-15,4.42,28.25,22.41,85.15,24.82,33.638582220795875
1999-01-16,0.71,27.27,22.33,84.98,24.13,30.91358770232559
1999-01-17,3.97,28.26,22.22,84.62,24.44,33.571159171153845
1999-01-18,1.87,29.22,22.32,82.22,25.11,35.88372337513848
1999-01-19,0.47,30.46,22.14,81.39,25.81,39.55153363794165
1999-01-20,0.43,29.93,22.23,82.38,25.17,38.129485108450915
1999-01-21,0.13,29.13,20.93,80.91,24.25,35.31260773134148
1999-01-22,0.38,29.15,20.13,82.99,23.84,35.85648308107883
1999-01-23,0.36,30.12,21.08,82.69,24.97,38.83912051614679
1999-01-24,0.07,31.11,21.65,81.3,25.5,41.721379339368625
1999-01-25,0.17,30.96,20.36,78.58,25.21,40.24900604167409
1999-01-26,0.1,30.87,20.59,83.94,25.0,41.84070399584284
1999-01-27,0.0,30.75,20.15,80.82,24.97,40.324639135004496
1999-01-28,0.0,30.25,20.56,80.85,24.77,38.70040363978639
1999-01-29,0.04,29.65,20.4,78.97,24.48,36.344693064083884
1999-01-30,0.09,28.67,19.14,80.15,23.2,33.86752060658297
1999-01-31,0.01,29.31,18.32,80.37,23.42,35.706200643338285
1999-02-01,0.01,30.03,20.26,79.17,24.67,37.52318850647541
1999-02-02,0.03,30.18,21.63,76.96,25.32,37.34311094579544
1999-02-03,0.09,29.09,19.29,74.16,23.6,33.745286726388386
1999-02-04,0.14,25.14,17.34,73.26,20.39,26.147097704628838
1999-02-05,0.29,26.03,16.68,77.26,20.43,27.616734431741527
1999-02-06,0.07,27.44,17.01,76.99,21.29,30.38906908982814
1999-02-07,0.16,29.54,18.33,78.31,23.14,35.863828852268846
1999-02-08,0.03,30.24,19.22,77.93,24.15,37.798856365581315
1999-02-09,0.08,29.78,20.0,77.25,23.99,36.274154578886936
1999-02-10,0.01,28.88,18.38,76.79,23.03,33.752217441986424
1999-02-11,0.0,30.37,18.73,76.64,24.3,37.80732638360922
1999-02-12,0.03,29.71,19.81,75.23,23.92,35.573011509321496
1999-02-13,0.09,27.78,18.93,74.01,22.38,30.748439667832876
1999-02-14,0.01,27.93,17.16,73.4,21.68,30.981827687497848
1999-02-15,0.05,28.65,16.93,74.79,22.56,32.807570943365185
1999-02-16,0.04,28.96,17.66,73.3,23.0,33.26185838945267
1999-02-17,0.0,29.38,16.84,70.26,22.77,33.62970302542977
1999-02-18,0.0,29.39,16.81,73.08,22.82,34.25329496620006
1999-02-19,0.01,30.72,18.65,71.67,24.1,37.33844342407536
1999-02-20,0.24,29.54,19.34,72.39,23.41,34.469584208445504
1999-02-21,0.11,29.71,17.96,74.14,23.19,35.307613157331296
1999-02-22,0.04,30.13,18.41,73.33,23.79,36.21122159140817
1999-02-23,1.69,30.77,19.61,77.48,24.62,39.27812017972448
1999-02-24,0.06,31.58,20.09,74.98,25.16,40.95267104408568
1999-02-25,0.0,31.7,19.97,71.4,25.07,40.02924262964237
1999-02-26,2.02,32.02,18.61,77.19,25.11,43.261600982632885
1999-02-27,0.52,32.3,22.43,78.64,26.27,44.86605189362244
1999-02-28,0.56,31.26,20.86,74.49,25.02,39.78702911731208
1999-03-01,0.07,30.75,18.87,72.4,23.85,37.636488345500545
1999-03-02,0.23,31.77,19.26,73.69,25.08,41.072718888089454
1999-03-03,3.96,28.9,22.59,83.0,24.75,35.11111500655125
1999-03-04,3.13,28.61,22.05,85.56,24.91,34.78967524761107
1999-03-05,5.57,27.6,23.32,88.17,25.18,32.238645787524575
1999-03-06,12.35,27.73,23.23,88.67,25.3,32.69699290792599
1999-03-07,21.69,27.96,23.15,87.73,25.03,33.23435710462334
1999-03-08,3.62,30.79,21.69,81.17,25.38,40.578806851881815
1999-03-09,0.23,31.43,21.97,78.73,26.08,41.85876538804504
1999-03-10,0.0,31.44,22.35,78.84,26.24,41.934261939548655
1999-03-11,1.52,32.16,21.98,79.66,26.54,44.80480226927511
1999-03-12,0.11,32.07,22.19,77.55,26.67,43.58329868292463
1999-03-13,0.01,32.03,22.55,77.15,26.6,43.279482233270606
1999-03-14,0.29,33.04,21.72,75.28,26.85,45.99060038347936
1999-03-15,0.42,32.55,22.78,76.52,26.84,44.81998061944062
1999-03-16,0.01,33.29,22.56,74.03,27.15,46.28378714739689
1999-03-17,0.45,31.85,20.62,77.55,25.8,42.82587139204544
1999-03-18,0.11,32.41,20.95,74.91,25.52,43.636846503925845
1999-03-19,0.12,33.06,19.79,73.2,26.24,45.09208088968818
1999-03-20,0.01,33.55,21.9,74.29,27.15,47.34490041901622
1999-03-21,2.2,33.17,21.61,72.6,27.05,45.191717112164284
1999-03-22,0.99,33.22,22.16,71.45,27.18,44.831811952062125
1999-03-23,0.12,33.8,20.72,72.22,26.63,47.1992048421302
1999-03-24,0.15,33.97,19.74,68.04,26.67,45.71450026193327
1999-03-25,1.03,33.51,22.67,72.07,27.27,46.109343066560335
1999-03-26,0.06,34.8,21.35,69.54,27.41,49.35192620435271
1999-03-27,0.02,34.67,21.85,68.47,27.74,48.306566678104765
1999-03-28,0.91,34.11,21.77,69.9,27.23,47.10873962291245
1999-03-29,10.62,31.53,23.07,78.59,26.9,42.144398151216485
1999-03-30,14.66,28.6,23.63,81.42,25.83,33.92542591009794
1999-03-31,16.5,29.67,22.35,81.95,25.45,37.18794798131909
1999-04-01,6.0,27.56,22.59,89.1,24.8,32.25419120427475
1999-04-02,2.77,28.44,23.18,84.86,25.38,34.139952511266564
1999-04-03,0.13,32.81,23.04,73.29,27.31,44.28375257204115
1999-04-04,2.31,33.69,21.64,75.65,27.14,48.56135625251282
1999-04-05,6.37,33.04,23.12,77.52,27.28,47.067111403834524
1999-04-06,3.95,29.19,23.28,81.93,25.92,35.72531622813513
1999-04-07,2.27,29.35,23.11,82.22,25.8,36.27549960404069
1999-04-08,5.57,31.43,23.36,78.69,26.64,41.84365679341785
1999-04-09,2.62,31.62,23.02,80.78,26.9,43.321079905229304
1999-04-10,7.23,30.64,23.91,81.01,27.1,40.0224062338111
1999-04-11,36.9,30.54,24.01,85.06,26.93,41.05222150018372
1999-04-12,5.12,30.07,23.82,83.9,26.67,39.04164389283509
1999-04-13,13.01,29.04,24.02,88.33,26.08,36.79823764361994
1999-04-14,4.67,29.27,23.93,88.34,26.04,37.585043914642746
1999-04-15,0.92,30.09,23.3,83.03,26.18,38.84343263180274
1999-04-16,0.14,32.67,21.32,78.78,26.62,46.2891305366045
1999-04-17,0.0,32.61,21.37,75.87,26.88,44.74144826163556
1999-04-18,0.0,33.24,21.95,73.87,27.32,46.030486679027454
1999-04-19,0.03,33.47,21.95,73.76,27.51,46.79287798467797
1999-04-20,0.06,34.44,22.33,71.27,27.86,49.00019062087753
1999-04-21,0.08,34.32,22.3,73.21,27.82,49.61982646821526
1999-04-22,0.45,34.17,22.92,72.33,27.85,48.58727344041253
1999-04-23,0.3,33.82,24.11,73.67,27.91,48.01278038213951
1999-04-24,0.23,33.0,23.92,75.57,27.53,45.98445137180473
1999-04-25,0.81,33.01,23.75,74.87,27.61,45.69141462858896
1999-04-26,12.64,32.07,24.49,78.89,27.18,44.14765988761363
1999-04-27,17.52,27.4,23.61,86.9,25.16,31.497657305217242
1999-04-28,15.81,28.61,23.39,88.85,25.09,35.48870898134757
1999-04-29,2.23,30.85,22.94,81.88,26.35,41.03105403904017
1999-04-30,19.35,30.18,23.46,83.86,26.14,39.4007313510424
1999-05-01,3.78,30.71,22.8,82.75,26.14,40.85176924759711
1999-05-02,3.21,31.16,22.89,82.56,26.56,42.369174478520705
1999-05-03,0.53,30.93,22.98,80.97,26.79,40.983206006390745
1999-05-04,0.13,30.31,24.45,81.32,26.94,39.03860456455165
1999-05-05,0.43,31.77,23.57,79.42,27.1,43.303467220609186
1999-05-06,0.52,30.38,24.05,78.2,27.03,38.30216722282485
1999-05-07,0.09,31.24,23.7,77.03,27.03,40.610122982591136
1999-05-08,0.07,31.69,24.07,76.67,27.39,41.942857494996915
1999-05-09,1.79,33.29,23.76,74.42,27.7,46.47216879074724
1999-05-10,0.31,30.46,24.11,79.86,26.77,39.063856591999546
1999-05-11,0.82,31.1,23.62,76.38,27.05,39.940335263256465
1999-05-12,6.36,29.71,24.0,80.69,26.65,36.97277729906821
1999-05-13,15.26,27.13,24.31,89.66,25.57,31.070217356287912
1999-05-14,5.79,28.7,23.96,83.53,26.25,34.63609313852215
1999-05-15,2.72,29.26,23.74,85.24,26.21,36.75081683515745
1999-05-16,22.09,29.95,23.4,78.6,26.9,37.12521581706246
1999-05-17,4.19,29.2,24.15,78.58,26.81,34.979964650468645
1999-05-18,1.28,30.3,23.49,79.3,26.98,38.3878419191534
1999-05-19,3.77,28.99,24.06,84.58,26.4,35.73979737636315
1999-05-20,1.91,31.48,24.12,79.37,26.94,42.273434924524594
1999-05-21,5.29,29.91,23.77,85.03,26.29,38.84242119622556
1999-05-22,2.21,28.87,23.48,84.73,25.71,35.404690610095976
1999-05-23,2.68,31.93,22.81,79.19,27.03,43.775212133478846
1999-05-24,3.99,32.2,23.76,78.57,27.64,44.47541752800058
1999-05-25,3.0,31.73,23.4,79.01,27.41,42.99766647798978
1999-05-26,0.21,31.28,23.54,78.52,27.67,41.27781227232601
1999-05-27,1.1,30.37,25.04,81.3,27.49,39.22766699276117
1999-05-28,11.57,30.49,24.41,82.19,26.77,39.91162849288193
1999-05-29,13.47,30.29,24.15,86.92,26.36,40.78048045655916
1999-05-30,18.43,28.85,24.05,88.31,26.19,36.15816541085105
1999-05-31,10.81,29.41,24.25,88.54,26.21,38.125489157701196
1999-06-01,10.29,31.52,24.28,80.77,27.59,42.960126970681046
1999-06-02,23.32,30.99,24.44,84.2,27.32,42.3724638521351
1999-06-03,19.49,29.61,24.66,87.16,26.78,38.435467028472026
1999-06-04,25.72,28.7,24.27,91.59,26.12,36.40865718320229
1999-06-05,46.11,27.41,24.47,93.3,25.74,32.381327043831256
1999-06-06,42.55,28.37,24.53,89.96,26.05,34.93413130104004
1999-06-07,16.42,27.64,24.18,92.42,25.53,32.994669108892225
1999-06-08,0.29,28.5,23.43,88.35,25.58,35.02580144013905
1999-06-09,1.65,30.86,22.38,82.29,26.51,41.21090006644735
1999-06-10,1.83,32.37,23.24,75.9,27.41,43.9224880720103
1999-06-11,5.61,31.37,24.53,80.89,27.39,42.47635045717803
1999-06-12,11.33,28.47,24.11,90.85,25.96,35.45191754838773
1999-06-13,13.71,28.19,23.43,89.02,25.57,34.171175744247016
1999-06-14,22.74,27.86,23.85,90.75,25.5,33.43164731716357
1999-06-15,21.46,28.02,23.36,88.79,25.37,33.598417892929284
1999-06-16,5.19,28.35,22.35,86.82,25.11,34.249757940771666
1999-06-17,16.8,26.84,23.16,88.05,24.89,30.10088207006163
1999-06-18,13.6,28.93,22.82,89.45,25.5,36.69858517602913
1999-06-19,17.63,27.44,23.33,90.72,25.17,32.119880059139696
1999-06-20,2.58,29.11,23.58,83.11,26.26,35.763804758882166
1999-06-21,6.13,29.11,24.03,84.35,26.34,36.05763004752405
1999-06-22,2.12,28.22,23.5,86.92,25.79,33.87388679632285
1999-06-23,6.54,28.57,22.95,85.79,25.85,34.71540788341723
1999-06-24,5.83,29.15,23.04,87.19,25.94,36.88251312217469
1999-06-25,3.95,29.31,23.68,87.04,25.97,37.3788701639865
1999-06-26,1.4,29.17,22.91,84.12,25.75,36.18887160162605
1999-06-27,10.56,29.31,22.58,85.02,25.79,36.855761684599685
1999-06-28,5.38,28.69,23.58,88.97,25.85,35.77872836851903
1999-06-29,3.34,28.31,23.18,90.64,25.42,34.87293410575047
1999-06-30,9.27,28.74,23.08,89.54,25.48,36.07454047366369
1999-07-01,12.88,28.31,23.05,90.06,25.32,34.757477977742795
1999-07-02,18.97,27.43,23.49,92.3,25.14,32.30646935492132
1999-07-03,11.61,28.08,23.29,88.34,25.58,33.70417109717916
1999-07-04,10.52,27.27,23.55,88.6,25.13,31.34549496407256
1999-07-05,3.42,30.39,23.42,82.31,26.5,39.61546878619288
1999-07-06,5.09,29.0,23.41,85.14,25.78,35.901176687553175
1999-07-07,9.94,29.32,23.01,85.48,26.05,37.00612733828186
1999-07-08,7.04,27.62,23.65,89.5,25.46,32.4917241714254
1999-07-09,3.45,29.07,23.71,84.61,26.21,35.99502619977846
1999-07-10,10.59,28.67,23.68,89.22,25.83,35.768092387986485
1999-07-11,6.11,28.45,23.21,90.39,25.47,35.287704010652824
1999-07-12,19.34,27.88,23.68,91.95,25.34,33.69902316043263
1999-07-13,19.73,28.06,23.4,92.8,25.46,34.45112158816781
1999-07-14,8.25,28.45,23.35,91.46,25.65,35.51337033314521
1999-07-15,12.42,28.51,23.76,91.24,25.78,35.67155952494785
1999-07-16,2.0,28.58,23.6,88.86,25.97,35.392654378856534
1999-07-17,5.82,28.5,23.48,87.19,26.14,34.78664074767171
1999-07-18,10.6,28.14,23.81,91.73,25.65,34.51945015411351
1999-07-19,19.2,27.12,23.61,93.42,25.2,31.474706940084396
1999-07-20,17.79,26.99,23.51,93.71,24.96,31.101109343476978
1999-07-21,17.12,26.89,23.16,92.04,24.75,30.623799725691526
1999-07-22,15.01,26.59,23.45,92.88,24.92,29.81552997013347
1999-07-23,30.74,26.54,23.82,94.84,25.0,29.818479351758672
1999-07-24,40.32,27.51,23.62,93.01,25.36,32.66287582881827
1999-07-25,67.75,27.7,24.35,92.92,25.72,33.26868634447855
1999-07-26,21.91,28.25,23.66,90.7,25.66,34.686324957866844
1999-07-27,21.08,28.2,23.24,92.25,25.46,34.8218641418344
1999-07-28,20.4,27.9,23.64,93.17,25.62,33.97650140759744
1999-07-29,8.97,26.68,23.11,95.55,24.92,30.310441858997265
1999-07-30,16.41,29.01,22.8,92.06,25.09,37.632720434495944
1999-07-31,22.72,26.68,23.56,94.05,24.82,30.18037207153462
1999-08-01,28.41,27.76,23.51,93.78,25.32,33.608294648708224
1999-08-02,122.17,27.5,23.82,93.74,25.44,32.73673765970946
1999-08-03,139.51,26.74,23.31,94.7,25.01,30.42225662534035
1999-08-04,99.94,26.43,24.03,95.23,25.06,29.511785453609125
1999-08-05,45.79,26.76,23.71,94.86,25.02,30.499241150993857
1999-08-06,23.37,27.17,23.56,93.41,25.16,31.630723248832965
1999-08-07,11.89,27.88,23.09,92.05,25.01,33.716130990769685
1999-08-08,10.05,28.16,22.76,91.32,25.15,34.50812047326014
1999-08-09,1.35,28.16,22.79,90.66,25.14,34.383014978282134
1999-08-10,1.63,28.39,23.19,89.51,25.46,34.90835541879585
1999-08-11,0.13,28.24,23.55,87.78,25.55,34.094901025349415
1999-08-12,0.87,28.64,23.52,86.17,25.52,35.00972579162508
1999-08-13,32.96,27.13,22.91,91.66,24.67,31.299879218713937
1999-08-14,1.39,28.72,22.31,86.94,25.37,35.426531066736416
1999-08-15,0.02,29.24,22.66,86.33,25.92,36.96238668453882
1999-08-16,0.79,31.07,21.86,81.38,26.26,41.61184523520673
1999-08-17,12.71,29.5,23.47,84.28,26.06,37.274216877280246
1999-08-18,9.3,28.65,23.44,88.12,25.66,35.46024491628696
1999-08-19,29.58,29.35,23.46,88.06,26.11,37.78621835119396
1999-08-20,149.55,26.36,23.68,95.4,25.21,29.310507984275052
1999-08-21,28.2,27.64,23.36,91.97,25.1,32.92547332595316
1999-08-22,4.85,26.83,23.36,94.1,24.9,30.64466502883198
1999-08-23,5.45,28.69,23.18,90.95,25.6,36.226437178146334
1999-08-24,7.9,29.59,23.04,84.69,25.82,37.677353569036555
1999-08-25,5.73,28.48,22.61,88.07,25.27,34.90405381187397
1999-08-26,23.14,27.28,22.59,92.09,24.71,31.810030436326137
1999-08-27,8.66,28.09,22.44,89.17,24.95,33.88382262639089
1999-08-28,1.26,29.51,22.26,84.46,25.68,37.354546180636675
1999-08-29,2.0,27.72,23.25,87.49,25.08,32.48776584818597
1999-08-30,2.24,29.65,22.39,83.82,26.01,37.63362903433586
1999-08-31,3.43,28.24,23.43,89.13,25.58,34.3505264847375
1999-09-01,14.87,30.92,23.62,83.86,26.68,41.991704203684144
1999-09-02,18.1,29.99,24.24,87.33,26.28,39.82685933507278
1999-09-03,13.2,28.35,23.82,92.36,25.79,35.358240866408316
1999-09-04,13.44,28.46,23.55,91.6,25.66,35.57744915082721
1999-09-05,13.68,27.73,22.71,91.51,24.9,33.14128046874893
1999-09-06,14.24,28.91,22.89,90.55,25.45,36.89713556570713
1999-09-07,6.22,28.29,23.15,89.54,25.38,34.590048989006235
1999-09-08,7.63,28.35,23.55,88.31,25.53,34.54026607523182
1999-09-09,4.78,27.47,23.53,91.96,25.12,32.38491829542349
1999-09-10,25.57,28.5,23.84,91.75,25.67,35.74758523408674
1999-09-11,28.0,27.56,23.3,91.26,25.33,32.56628532524084
1999-09-12,17.33,26.91,23.7,94.11,25.19,30.894039038438237
1999-09-13,35.96,26.88,23.21,94.34,24.88,30.823838564008522
1999-09-14,39.49,26.46,22.73,93.53,24.51,29.483400198764304
1999-09-15,19.29,28.1,23.29,92.19,25.22,34.47221152606731
1999-09-16,3.31,26.78,22.85,93.62,24.58,30.445764202720095
1999-09-17,3.53,27.2,22.9,93.52,24.8,31.739007940843912
1999-09-18,11.91,27.06,22.91,92.55,24.56,31.18911506004156
1999-09-19,34.39,27.37,22.6,92.46,24.63,32.13923057833445
1999-09-20,30.87,27.21,22.82,91.72,24.72,31.549224043698004
1999-09-21,20.81,27.37,22.86,92.44,24.94,32.13654170624896
1999-09-22,10.35,28.49,23.12,87.53,25.42,34.824891765604264
1999-09-23,3.84,28.85,22.98,88.42,25.66,36.18381635397
1999-09-24,1.02,28.68,22.83,85.34,25.75,34.9567468429118
1999-09-25,9.09,29.01,23.59,86.53,25.77,36.261678987615646
1999-09-26,4.83,27.65,23.13,91.12,24.83,32.827139657928605
1999-09-27,2.7,27.54,22.63,90.88,24.66,32.44898589907072
1999-09-28,0.18,29.83,22.44,83.42,26.06,38.10533004914149
1999-09-29,5.3,28.72,23.68,87.02,25.85,35.44410470434296
1999-09-30,8.01,29.33,23.25,88.04,25.91,37.71193354994888
1999-10-01,19.87,25.74,22.81,92.97,24.41,27.448133672883742
1999-10-02,8.34,27.64,22.38,90.4,24.76,32.6868805758086
1999-10-03,12.7,29.43,22.56,84.94,25.68,37.222759150127025
1999-10-04,10.49,28.9,23.53,90.74,25.86,36.90850810504667
1999-10-05,108.92,26.89,24.09,95.33,25.37,30.956274061474865
1999-10-06,99.5,26.49,23.72,95.2,24.86,29.69268573813635
1999-10-07,6.81,27.33,23.07,93.33,24.82,32.12858446318902
1999-10-08,1.13,27.33,23.02,90.06,25.12,31.702060032481526
1999-10-09,0.1,29.45,23.42,82.79,26.26,36.72623291665741
1999-10-10,1.96,31.28,22.57,80.39,26.75,41.97180296178074
1999-10-11,5.99,29.92,23.47,87.16,26.13,39.523685253230816
1999-10-12,3.89,29.88,22.4,87.74,25.68,39.55937721133684
1999-10-13,3.9,29.33,22.57,88.29,25.51,37.77892708536946
1999-10-14,0.91,30.11,22.34,83.92,25.92,39.182538218353095
1999-10-15,2.12,29.41,23.46,84.65,25.97,37.081989353353784
1999-10-16,13.52,28.34,23.56,88.74,25.57,34.59327109033913
1999-10-17,64.3,25.76,22.75,93.36,23.79,27.509510676919795
1999-10-18,7.5,25.75,22.49,94.75,24.09,27.510621711625884
1999-10-19,2.14,29.68,22.41,87.51,25.4,38.78046948236188
1999-10-20,0.21,31.49,22.3,79.16,26.57,42.226965797671646
1999-10-21,0.61,30.89,22.88,82.93,26.44,41.545417170361446
1999-10-22,2.97,31.01,22.78,83.95,26.41,42.351644467028414
1999-10-23,0.59,30.58,23.52,86.4,26.68,41.66741811991291
1999-10-24,0.85,30.48,23.87,85.73,26.51,41.06707406615921
1999-10-25,0.06,31.15,22.09,81.44,25.95,41.91275993755362
1999-10-26,0.0,30.74,20.83,81.59,25.34,40.554208028966436
1999-10-27,0.0,31.28,20.99,79.04,25.85,41.46885415865581
1999-10-28,0.04,31.54,21.96,82.45,26.25,43.70730938387734
1999-10-29,1.05,31.41,23.42,78.58,26.95,41.73480919498982
1999-10-30,1.78,30.78,23.92,85.16,26.75,41.958332474583045
1999-10-31,2.14,30.05,23.55,86.28,26.16,39.71050769257717
1999-11-01,1.92,30.65,23.03,82.41,26.42,40.5281073560601
1999-11-02,17.44,30.49,23.08,83.5,26.07,40.34570405428863
1999-11-03,8.58,30.35,23.97,84.69,26.49,40.253655960123055
1999-11-04,3.39,30.45,22.58,84.64,25.92,40.58863493462559
1999-11-05,2.26,30.69,22.58,83.56,26.15,41.063972427672894
1999-11-06,5.95,31.44,22.38,87.55,26.05,45.452516121172984
1999-11-07,0.02,30.38,22.06,79.44,25.78,38.68010198011538
1999-11-08,0.32,29.87,21.36,78.77,25.26,36.935267365206606
1999-11-09,0.68,29.27,22.66,83.77,25.46,36.41436992687932
1999-11-10,1.66,30.32,22.63,83.7,25.6,39.826758542721386
1999-11-11,0.01,30.36,21.68,80.65,25.42,38.991384431797115
1999-11-12,0.01,29.55,20.49,79.03,24.69,36.07112643239333
1999-11-13,0.0,29.21,20.09,75.93,24.18,34.41981549581088
1999-11-14,0.0,29.05,18.99,76.01,23.85,34.02632188564863
1999-11-15,0.26,29.48,20.5,78.16,24.57,35.65841936484142
1999-11-16,0.18,28.51,19.76,79.28,23.5,33.278025597511636
1999-11-17,0.04,28.77,18.89,79.51,23.23,34.009632706028434
1999-11-18,1.64,30.12,20.19,83.25,24.67,39.0100313582793
1999-11-19,3.47,26.71,22.54,88.54,24.35,29.797094188084934
1999-11-20,1.24,27.57,22.15,84.74,24.56,31.67508281603166
1999-11-21,2.5,29.55,21.81,86.66,24.92,38.08839204637969
1999-11-22,4.86,28.86,22.32,84.72,25.2,35.3718359636214
1999-11-23,0.61,30.54,21.58,83.35,25.61,40.46825992033879
1999-11-24,0.06,30.87,23.02,79.17,26.19,40.15859356317903
1999-11-25,1.21,30.89,21.88,85.7,25.62,42.56551535942697
1999-11-26,0.77,31.06,21.44,83.63,25.71,42.41314883348288
1999-11-27,3.08,29.86,22.3,86.1,25.5,38.991040099916255
1999-11-28,3.3,30.01,22.17,83.57,25.74,38.741257776336816
1999-11-29,15.99,27.45,22.49,85.29,24.5,31.42675464558287
1999-11-30,1.05,27.98,21.77,84.36,24.33,32.73576411995017
1999-12-01,0.98,28.26,22.97,87.04,24.99,34.01739735468008
1999-12-02,2.12,28.75,21.97,86.01,24.76,35.31699676213315
1999-12-03,2.1,29.1,22.84,85.67,25.12,36.34400591858827
1999-12-04,0.74,30.05,20.91,83.5,24.83,38.85313496687675
1999-12-05,0.05,30.02,21.09,81.51,24.76,38.164271875293124
1999-12-06,0.42,30.55,20.36,81.24,24.81,39.80005663305706
1999-12-07,3.35,29.15,22.2,80.36,24.66,35.2441458181535
1999-12-08,3.75,27.3,21.64,84.0,23.98,30.876111804691202
1999-12-09,5.33,28.64,23.04,88.57,25.18,35.52591048857063
1999-12-10,1.14,29.78,22.95,86.68,25.48,38.886106121647884
1999-12-11,7.38,28.86,21.96,87.05,24.73,35.8992105610173
1999-12-12,1.74,29.77,22.35,84.51,25.35,38.22031561184107
1999-12-13,2.01,29.12,21.81,85.14,24.87,36.27914658034993
1999-12-14,4.41,27.27,22.57,88.31,24.53,31.3102237851086
1999-12-15,3.22,27.09,21.46,84.61,23.57,30.411181274945744
1999-12-16,1.73,28.94,21.32,86.73,24.77,36.08294605290221
1999-12-17,0.16,29.64,21.61,83.86,24.91,37.61230336754007
1999-12-18,1.27,30.03,21.06,85.55,24.85,39.412684760290304
1999-12-19,11.33,26.03,22.63,91.45,24.19,28.17168341083508
1999-12-20,3.35,24.27,20.75,83.83,22.11,24.52550779902773
1999-12-21,0.08,24.02,19.57,80.02,21.42,24.390159030832134
1999-12-22,0.12,24.31,17.56,78.93,20.47,24.85537610298627
1999-12-23,0.08,23.14,17.06,79.9,19.54,23.30402989752282
1999-12-24,0.65,25.48,17.8,78.78,21.18,26.68622770512931
1999-12-25,0.25,27.45,18.59,81.73,22.51,30.977642121441946
1999-12-26,0.11,29.26,20.12,82.58,24.16,36.091139618777255
1999-12-27,4.4,29.62,21.53,84.77,24.76,37.79790101874015
1999-12-28,3.18,29.3,21.78,88.54,24.82,37.74189984240027
1999-12-29,0.45,27.18,22.57,88.5,24.37,31.079314066750587
1999-12-30,0.02,27.97,21.69,84.02,24.6,32.65325922182308
1999-12-31,0.31,28.68,21.77,86.62,24.49,35.230602321455684
2000-01-01,0.17,29.92,21.11,82.35,25.04,38.08872328777209
2000-01-02,0.07,29.76,21.53,79.87,25.04,36.90424952653254
2000-01-03,0.19,29.35,20.11,83.38,23.98,36.565900797403096
2000-01-04,0.1,29.16,19.66,82.77,23.7,35.834504187114774
2000-01-05,0.0,29.18,18.75,80.18,23.7,35.2883626269485
2000-01-06,0.02,30.04,20.53,80.45,24.86,37.919446505392436
2000-01-07,0.0,30.17,21.88,79.53,25.36,38.05409334658139
2000-01-08,0.61,28.74,20.8,85.15,24.34,35.099222397543386
2000-01-09,0.06,29.75,21.86,82.14,25.18,37.489713800623775
2000-01-10,0.0,30.06,20.68,80.8,25.09,38.083489208798866
2000-01-11,0.88,29.95,20.96,81.54,24.88,37.95116949912498
2000-01-12,0.07,29.82,20.07,78.08,24.42,36.605066341569824
2000-01-13,0.02,29.93,20.53,78.22,24.77,36.96247958101045
2000-01-14,0.11,30.27,21.25,81.12,25.4,38.84730994439609
2000-01-15,0.02,30.55,21.51,83.07,25.45,40.40838922300634
2000-01-16,0.08,30.62,22.06,80.93,25.54,39.92951792228954
2000-01-17,0.33,30.05,21.33,81.18,25.01,38.16295831785069
2000-01-18,0.58,29.04,21.36,80.4,24.29,34.94120260881303
2000-01-19,0.14,28.48,20.31,79.19,23.77,33.18377750046581
2000-01-20,0.9,28.82,20.52,78.45,24.03,33.92949953600448
2000-01-21,4.59,26.37,21.58,81.38,23.17,28.47982478293788
2000-01-22,3.53,27.94,20.51,77.96,23.31,31.647170976757494
2000-01-23,0.76,28.88,20.08,79.72,23.41,34.3507323982002
2000-01-24,0.07,28.84,18.69,77.24,23.0,33.73961691363138
2000-01-25,0.0,29.16,16.85,76.69,22.48,34.45464657564947
2000-01-26,0.23,29.07,17.57,77.02,22.39,34.289973593617326
2000-01-27,0.19,27.72,18.43,74.16,21.96,30.6422916248009
2000-01-28,0.27,25.87,17.12,74.2,20.85,27.23974976804736
2000-01-29,0.04,25.97,16.21,74.15,20.04,27.39905295623722
2000-01-30,0.21,26.38,17.07,74.8,20.79,28.122445274951378
2000-01-31,0.2,27.36,17.38,73.32,21.63,29.820138574158452
2000-02-01,0.16,26.44,19.54,76.03,22.22,28.301806358336542
2000-02-02,0.15,26.56,20.51,76.89,23.01,28.581864772601737
2000-02-03,2.09,29.62,21.01,78.52,24.66,36.14374461125188
2000-02-04,3.28,28.48,21.8,83.77,24.52,34.04482686608371
2000-02-05,18.76,28.69,22.44,85.29,24.98,34.97662111369443
2000-02-06,24.56,27.02,21.91,90.27,24.07,30.82104573484226
2000-02-07,18.66,29.44,21.73,84.75,24.8,37.20506941784645
2000-02-08,6.9,27.74,20.06,83.14,23.88,31.901507605443538
2000-02-09,1.57,26.32,19.09,77.97,21.82,28.18719603663758
2000-02-10,0.07,28.38,18.72,79.47,22.84,32.975903052465455
2000-02-11,0.15,28.45,20.56,84.31,23.91,34.062588786841694
2000-02-12,0.08,29.44,22.05,83.81,25.14,36.958805486142836
2000-02-13,0.0,29.67,22.37,83.1,25.58,37.50020801618462
2000-02-14,3.64,30.79,22.46,83.31,25.96,41.32841864590982
2000-02-15,0.35,29.9,21.6,82.13,25.3,37.961606314980756
2000-02-16,0.1,28.51,20.26,75.47,23.44,32.596440563480364
2000-02-17,0.03,28.63,20.21,78.14,23.67,33.37546554813984
2000-02-18,0.02,30.49,20.63,78.05,24.72,38.59316686635874
2000-02-19,0.05,31.5,20.31,79.95,25.12,42.56746571476242
2000-02-20,0.02,31.1,21.78,78.67,25.81,40.73704818669383
2000-02-21,1.47,31.45,21.53,79.94,25.84,42.389515300509075
2000-02-22,0.28,31.92,22.24,77.62,26.25,43.09386602192073
2000-02-23,0.0,32.41,21.06,76.54,26.15,44.33723326987317
2000-02-24,0.07,32.3,21.7,78.65,26.18,44.87046079173834
2000-02-25,6.82,32.1,22.31,78.02,26.43,43.885301636160754
2000-02-26,2.43,31.26,22.8,82.04,25.88,42.52865033114861
2000-02-27,0.09,31.04,20.63,73.81,24.92,38.90285155242133
2000-02-28,0.07,31.93,19.73,75.23,25.33,42.172599014503625
2000-02-29,0.08,31.97,21.68,75.47,25.89,42.39865103265046
2000-03-01,0.09,32.19,19.45,74.99,25.16,42.933407847991965
2000-03-02,0.29,32.23,20.32,76.13,25.68,43.54044049978249
2000-03-03,2.17,30.91,21.65,76.37,25.69,39.34809556521893
2000-03-04,4.1,29.79,22.69,81.96,25.75,37.565632097362844
2000-03-05,3.04,30.13,21.89,80.17,25.68,38.11805907461462
2000-03-06,2.63,30.27,23.2,83.26,25.98,39.5160048979395
2000-03-07,9.47,29.28,23.52,87.82,25.52,37.48226032094276
2000-03-08,10.68,30.15,23.13,84.69,25.73,39.558958706459244
2000-03-09,7.08,25.04,21.84,88.59,23.28,25.779053462428365
2000-03-10,17.63,29.83,21.61,85.44,25.09,38.6920692638706
2000-03-11,0.9,31.34,21.28,76.02,26.13,40.569667746436544
2000-03-12,0.04,32.5,22.24,73.87,26.73,43.49745284687699
2000-03-13,1.04,32.22,22.5,75.86,26.6,43.39349995077002
2000-03-14,0.57,32.56,21.77,74.15,26.29,43.81754805871243
2000-03-15,0.02,33.13,20.56,74.52,26.07,45.95105685082085
2000-03-16,0.0,32.61,20.33,73.16,26.09,43.5602716212442
2000-03-17,0.0,32.71,21.49,71.03,26.31,42.984204020275406
2000-03-18,0.04,33.35,21.5,71.3,26.8,45.19849940834566
2000-03-19,3.63,33.56,22.99,72.07,27.66,46.28266716330947
2000-03-20,0.81,30.96,21.04,71.85,25.13,38.053638992595175
2000-03-21,0.03,32.91,20.74,70.37,26.21,43.34191724634347
2000-03-22,0.45,33.87,20.55,69.04,26.85,45.867064363656056
2000-03-23,1.11,32.58,23.05,76.57,26.82,44.948362108233866
2000-03-24,5.03,30.35,23.33,82.9,25.89,39.670908043827616
2000-03-25,2.82,30.29,22.45,75.66,25.38,37.29180148958
2000-03-26,0.23,31.27,21.81,72.99,25.73,39.309133838718886
2000-03-27,0.77,31.47,21.72,74.73,26.15,40.51715388637112
2000-03-28,0.12,33.29,22.72,71.43,27.37,45.05710926685055
2000-03-29,0.22,34.43,22.42,71.83,27.56,49.269507481680044
2000-03-30,16.66,32.81,22.61,75.76,26.79,45.395950467910616
2000-03-31,3.82,32.17,22.87,76.94,26.89,43.67441132045344
2000-04-01,0.29,32.61,22.23,75.59,26.69,44.617078670571644
2000-04-02,0.03,33.6,22.34,73.66,27.27,47.20936204018109
2000-04-03,5.37,32.92,22.05,77.7,26.84,46.70699320254718
2000-04-04,0.73,30.86,23.64,80.63,26.43,40.62752274855073
2000-04-05,13.37,32.03,23.27,73.07,27.13,41.652684058769644
2000-04-06,6.6,32.52,21.21,77.3,26.64,45.06181192215709
2000-04-07,3.56,30.85,23.22,81.08,26.46,40.7504072477866
2000-04-08,0.81,31.59,23.18,77.62,26.63,41.974697341589064
2000-04-09,0.35,32.22,23.07,75.98,27.03,43.44358003346737
2000-04-10,0.02,33.09,23.07,72.39,27.58,44.82400403055298
2000-04-11,11.36,33.53,22.35,74.51,27.36,47.382755695545434
2000-04-12,0.24,33.28,22.53,74.64,27.27,46.54305204776881
2000-04-13,0.98,33.71,21.87,66.94,27.51,44.36058478236684
2000-04-14,0.19,33.91,22.5,71.93,27.9,47.44236271412636
2000-04-15,0.0,32.8,24.61,73.93,27.82,44.53370692306842
2000-04-16,0.44,34.08,24.21,71.12,28.42,47.62901640591496
2000-04-17,6.03,29.5,23.78,79.38,26.33,36.01427900974608
2000-04-18,0.97,33.31,22.65,74.6,27.55,46.63129490298942
2000-04-19,1.74,35.0,23.41,72.14,28.35,51.591668086004525
2000-04-20,4.79,31.48,24.66,81.89,27.33,43.262021136303076
2000-04-21,8.6,31.98,24.6,82.45,27.59,45.357569071303644
2000-04-22,3.11,32.67,24.14,76.42,28.27,45.2000987176366
2000-04-23,1.22,33.1,25.13,74.15,28.62,45.671133537903856
2000-04-24,0.5,34.17,24.11,73.61,28.7,49.276495114112905
2000-04-25,1.01,33.57,24.62,74.57,28.86,47.55910329924872
2000-04-26,0.33,33.54,24.64,74.26,28.62,47.29352678763412
2000-04-27,0.08,34.55,24.68,70.53,29.32,48.99562822577996
2000-04-28,7.33,32.28,25.1,74.42,28.24,42.99769777644384
2000-04-29,4.87,33.64,23.6,72.71,28.47,46.87781995070273
2000-04-30,0.87,34.52,23.52,70.91,28.37,49.09463386382128
2000-05-01,0.14,34.92,24.1,68.5,29.15,49.203535675970016
2000-05-02,0.0,34.89,24.55,68.98,29.19,49.36350606718122
2000-05-03,0.0,33.77,24.54,70.45,28.95,46.21572841464331
2000-05-04,4.12,34.48,24.91,68.87,28.98,47.85762538421059
2000-05-05,2.71,33.28,24.94,72.85,28.59,45.686188810609416
2000-05-06,0.99,32.46,25.1,77.01,27.65,44.71916225913694
2000-05-07,0.11,34.98,23.7,68.67,28.3,49.51248617897413
2000-05-08,1.03,34.05,22.65,67.88,27.89,45.900323572140906
2000-05-09,0.08,34.39,21.96,65.46,27.83,45.822977069210424
2000-05-10,1.03,33.93,23.83,72.79,27.68,47.95683607037005
2000-05-11,0.22,35.24,23.91,67.64,28.78,49.85899427716741
2000-05-12,5.56,32.09,24.57,76.52,27.69,43.225235844203
2000-05-13,11.85,28.99,24.12,86.92,26.17,36.28997997189647
2000-05-14,10.52,28.6,23.44,89.97,25.7,35.699996969880075
2000-05-15,9.31,29.04,24.93,90.02,26.51,37.22036533866469
2000-05-16,14.18,28.6,24.13,90.02,25.88,35.71097373848292
2000-05-17,118.57,27.61,23.97,93.08,25.47,32.99853542444965
2000-05-18,28.69,28.63,24.2,91.32,25.74,36.10270652343903
2000-05-19,19.85,29.53,23.95,87.64,26.32,38.29385083294886
2000-05-20,32.47,27.54,23.38,91.35,25.15,32.51696403362275
2000-05-21,21.11,27.48,23.81,94.2,25.31,32.73778529285072
2000-05-22,2.59,28.68,23.77,89.36,25.82,35.83263064308224
2000-05-23,3.03,29.64,23.52,87.27,26.38,38.571121676322385
2000-05-24,21.09,29.5,23.58,87.57,26.35,38.170266281798355
2000-05-25,12.12,29.35,23.99,86.96,26.23,37.49237481650664
2000-05-26,10.06,29.82,23.87,84.76,26.87,38.45918843964787
2000-05-27,4.21,31.28,24.02,80.97,27.45,42.19097734214735
2000-05-28,6.4,33.11,23.32,78.59,27.85,47.862265121563006
2000-05-29,5.66,29.06,22.27,84.91,25.79,36.034944450826806
2000-05-30,2.74,30.07,23.44,83.49,26.32,38.91670212549618
2000-05-31,0.4,31.2,23.25,79.24,26.62,41.27359869148064
2000-06-01,0.13,31.74,21.82,78.1,26.8,42.66929178840376
2000-06-02,0.75,31.26,22.11,78.94,26.83,41.36497714985718
2000-06-03,12.53,30.5,24.03,82.87,26.98,40.170061833289445
2000-06-04,4.18,29.37,24.56,85.4,26.6,37.148212784646795
2000-06-05,4.76,28.58,24.37,88.56,26.22,35.328304412899946
2000-06-06,1.8,29.94,24.08,83.91,26.78,38.61002809672667
2000-06-07,17.33,28.49,24.17,84.9,26.5,34.29546398534769
2000-06-08,18.34,27.82,24.02,86.51,25.97,32.62626224408401
2000-06-09,5.53,29.82,23.84,84.2,26.41,38.29681928377392
2000-06-10,3.43,30.06,23.95,84.64,26.7,39.23483317030653
2000-06-11,6.84,28.87,24.4,87.99,26.21,36.14961569243431
2000-06-12,5.66,29.31,24.09,85.87,26.24,37.07413008162848
2000-06-13,8.61,29.52,24.02,87.48,26.39,38.21433817204899
2000-06-14,13.98,28.49,24.29,88.68,26.03,35.06219858595417
2000-06-15,7.56,28.89,23.51,89.71,25.85,36.624303977010904
2000-06-16,3.42,27.79,24.05,91.94,25.66,33.403978084999245
2000-06-17,2.64,28.53,24.38,91.74,25.85,35.84929985532171
2000-06-18,2.93,27.55,23.82,90.88,25.29,32.47988014040832
2000-06-19,6.25,29.53,23.41,86.72,26.01,38.036946784493026
2000-06-20,2.81,29.86,22.97,82.87,26.49,38.045106362021194
2000-06-21,14.26,28.85,23.7,84.77,26.2,35.35235416375269
2000-06-22,8.7,30.4,23.92,80.85,26.74,39.18322489955905
2000-06-23,10.76,29.19,24.03,84.86,26.31,36.43251501009705
2000-06-24,4.71,30.73,23.18,82.27,26.63,40.75448116936027
2000-06-25,0.64,29.37,23.03,83.04,25.65,36.54212541842546
2000-06-26,1.87,31.61,22.16,77.52,26.69,42.00327214331935
2000-06-27,1.87,31.75,23.7,75.27,27.51,41.60356600313787
2000-06-28,6.64,30.99,23.03,81.2,27.12,41.27031321915303
2000-06-29,17.73,30.8,23.85,81.92,26.82,40.8732046221032
2000-06-30,9.6,31.33,23.29,82.68,26.95,43.02974682598663
2000-07-01,25.96,28.96,24.03,88.75,26.07,36.63089258702425
2000-07-02,18.3,28.92,23.24,88.67,25.62,36.47679476077141
2000-07-03,70.38,27.9,23.3,91.81,25.56,33.740453685437814
2000-07-04,86.08,27.63,24.32,93.62,25.53,33.147760999076596
2000-07-05,151.48,27.48,24.65,93.99,26.04,32.70730889794902
2000-07-06,101.96,27.64,25.04,93.24,26.01,33.12168641014975
2000-07-07,70.01,27.24,24.5,94.29,25.82,31.963834276421007
2000-07-08,46.23,27.43,23.96,95.26,25.77,32.72351162976478
2000-07-09,16.5,27.75,24.42,95.05,25.99,33.78550066928339
2000-07-10,15.73,27.37,24.23,94.23,25.56,32.37956461878589
2000-07-11,7.42,27.55,23.27,90.39,25.39,32.40905314719042
2000-07-12,27.05,28.47,22.93,86.25,25.35,34.50386357493844
2000-07-13,7.72,28.18,22.69,92.69,25.36,34.83951283118805
2000-07-14,7.69,26.48,23.6,94.9,24.82,29.640428432687624
2000-07-15,44.73,26.52,23.53,95.09,25.07,29.776337499365233
2000-07-16,10.17,27.69,23.4,92.46,25.04,33.162979162090515
2000-07-17,1.91,27.62,22.77,89.43,25.17,32.481399364237205
2000-07-18,2.39,27.0,22.89,89.04,24.82,30.634825009818215
2000-07-19,18.18,27.15,22.03,89.09,24.52,31.06239516344339
2000-07-20,10.37,29.2,21.42,84.81,25.28,36.451871103925264
2000-07-21,5.83,28.1,23.02,89.69,25.23,34.00965942759464
2000-07-22,17.1,26.09,22.68,91.85,24.25,28.34845968909923
2000-07-23,31.81,27.03,22.75,91.57,24.64,30.990418692298917
2000-07-24,36.45,26.43,22.46,93.93,24.18,29.422868218844282
2000-07-25,15.82,28.05,22.49,91.39,25.02,34.157873135886774
2000-07-26,9.07,27.75,22.59,92.37,24.96,33.34401063779759
2000-07-27,20.35,27.33,23.01,92.58,24.86,32.029384683910685
2000-07-28,7.92,27.75,22.65,91.47,24.98,33.1988045578847
2000-07-29,5.74,27.46,22.9,91.9,25.11,32.34508951408341
2000-07-30,1.44,28.5,23.53,87.38,25.7,34.82556641762207
2000-07-31,0.88,28.56,22.94,84.92,25.74,34.50760752322935
2000-08-01,8.35,29.3,23.54,84.87,25.99,36.7854497328083
2000-08-02,6.2,28.73,23.24,84.89,25.52,35.012882403646785
2000-08-03,7.55,27.42,23.19,90.54,24.96,32.03470270507668
2000-08-04,18.29,26.56,22.7,92.29,24.51,29.682758403529633
2000-08-05,15.33,26.55,22.28,91.4,24.26,29.58694554153187
2000-08-06,24.94,26.37,22.27,89.61,24.29,28.975020670885847
2000-08-07,22.93,27.22,22.56,92.24,24.67,31.64358663021494
2000-08-08,2.24,27.76,22.8,89.56,25.03,32.926351046550316
2000-08-09,5.54,29.54,22.69,86.98,25.73,38.14349406416064
2000-08-10,1.26,28.19,23.48,90.46,25.63,34.44307575519238
2000-08-11,4.08,29.18,23.47,87.99,25.96,37.18628293700212
2000-08-12,9.05,29.09,23.45,88.06,25.87,36.89973531917727
2000-08-13,3.62,28.91,23.47,87.22,25.83,36.10058705183023
2000-08-14,4.42,28.35,23.7,88.98,25.61,34.672725105685466
2000-08-15,6.24,27.72,23.31,90.78,25.12,32.99424051038628
2000-08-16,11.57,27.11,23.28,87.49,25.15,30.772215356965148
2000-08-17,12.72,30.78,22.95,81.63,26.67,40.70392685163736
2000-08-18,9.58,28.77,23.19,89.18,25.5,36.09286153112584
2000-08-19,3.65,29.71,22.58,87.57,25.78,38.90356570816602
2000-08-20,3.25,27.95,22.67,90.27,25.21,33.63605550733375
2000-08-21,16.74,28.09,23.72,94.43,25.45,34.86336207473372
2000-08-22,70.45,27.22,24.12,94.23,25.49,31.891544622879337
2000-08-23,56.12,26.74,23.77,94.86,25.15,30.436831792164664
2000-08-24,4.66,27.8,23.2,92.91,25.12,33.59746343430649
2000-08-25,0.08,28.96,22.59,88.8,25.45,36.643020370973964
2000-08-26,2.99,27.92,23.4,91.29,25.31,33.715915080006
2000-08-27,28.36,28.07,23.58,91.12,25.57,34.174139514595154
2000-08-28,22.71,28.23,24.04,93.27,25.72,35.12695904306648
2000-08-29,36.58,28.19,24.06,93.65,25.93,35.06282859812826
2000-08-30,24.92,27.32,24.55,93.83,25.79,32.16283594822495
2000-08-31,24.63,27.08,24.11,94.51,25.41,31.475134644679297
2000-09-01,11.85,27.37,23.63,93.45,25.24,32.27307734748968
2000-09-02,41.74,26.94,23.89,94.57,25.23,31.036203610437862
2000-09-03,33.71,25.87,23.27,95.56,24.51,27.869850796563664
2000-09-04,13.91,26.31,23.45,94.03,24.68,29.077453467881664
2000-09-05,62.78,26.5,23.08,95.23,24.68,29.725510025814174
2000-09-06,24.79,27.55,22.8,92.09,24.81,32.656513189076946
2000-09-07,15.38,28.65,22.51,91.26,25.2,36.15851203580914
2000-09-08,9.28,29.05,23.62,88.51,26.03,36.87664304697718
2000-09-09,7.4,28.4,24.12,90.37,25.83,35.116933891465386
2000-09-10,12.8,27.82,23.29,91.47,25.04,33.4234161670764
2000-09-11,18.69,27.32,23.02,91.72,24.68,31.885846926192812
2000-09-12,10.84,26.38,23.61,93.11,24.7,29.223145008204806
2000-09-13,1.03,28.11,22.85,89.89,24.97,34.07809684381738
2000-09-14,3.41,27.92,21.97,90.15,24.55,33.52053970987421
2000-09-15,3.95,28.27,21.96,87.89,24.9,34.20853427412586
2000-09-16,7.13,28.81,22.78,89.6,25.53,36.3252098105682
2000-09-17,2.87,29.2,23.46,85.75,26.07,36.68544414471077
2000-09-18,16.0,30.28,23.31,84.88,26.39,40.070885419508286
2000-09-19,9.37,29.41,23.61,88.43,26.04,38.095227727693846
2000-09-20,2.23,30.33,23.28,85.34,26.3,40.3979301489347
2000-09-21,3.33,27.95,23.48,91.4,25.49,33.83245776767577
2000-09-22,2.27,30.32,23.28,84.75,26.31,40.16834439647529
2000-09-23,26.13,28.17,23.13,85.92,25.34,33.54365758232718
2000-09-24,18.31,29.73,23.33,88.07,25.47,39.122441909140974
2000-09-25,11.32,29.59,22.39,88.32,25.42,38.69783361590223
2000-09-26,13.37,28.78,22.19,88.75,25.29,36.0275607405133
2000-09-27,8.69,29.44,22.8,88.19,25.56,38.133835663770256
2000-09-28,16.89,30.16,22.07,85.47,25.76,39.84093404528531
2000-09-29,2.68,29.62,23.45,81.06,26.12,36.79789472410477
2000-09-30,0.11,29.83,22.12,82.67,25.61,37.89169507606623
2000-10-01,6.86,28.75,22.59,84.02,25.43,34.887098388115845
2000-10-02,0.57,31.64,22.3,77.81,26.91,42.21586593778477
2000-10-03,0.95,30.22,23.64,83.95,26.52,39.56512995462751
2000-10-04,2.16,30.74,21.8,83.52,26.1,41.22623985931467
2000-10-05,2.75,29.42,22.92,86.07,25.35,37.48978264425559
2000-10-06,2.57,29.01,21.94,83.28,25.42,35.50174690335995
2000-10-07,14.97,28.68,23.04,87.5,25.53,35.421605645445496
2000-10-08,11.31,29.38,22.57,89.49,25.34,38.28152106780114
2000-10-09,30.84,27.58,22.73,93.46,25.14,32.958016912642016
2000-10-10,19.77,26.9,23.57,93.31,24.89,30.781427576124827
2000-10-11,12.29,28.38,22.73,91.84,25.22,35.35356315982392
2000-10-12,2.95,27.98,23.33,91.33,25.28,33.91789449312723
2000-10-13,4.97,27.67,23.57,92.94,25.1,33.173331315166706
2000-10-14,21.41,29.61,22.91,90.46,25.66,39.397177343023984
2000-10-15,4.8,31.05,22.86,86.4,26.54,43.440773334312524
2000-10-16,4.96,29.64,23.6,85.79,26.0,38.1494621980147
2000-10-17,3.39,28.76,23.85,89.81,25.92,36.2042248011905
2000-10-18,8.43,29.33,22.71,88.44,25.8,37.8192294967696
2000-10-19,13.75,29.3,23.02,88.23,25.9,37.659280688381045
2000-10-20,4.89,28.85,23.69,85.48,25.95,35.51091087888904
2000-10-21,1.71,30.53,22.94,82.88,26.35,40.275955455150715
2000-10-22,1.17,31.38,22.43,85.42,26.4,44.31968687646752
2000-10-23,0.19,31.57,22.52,81.53,26.71,43.44372681424569
2000-10-24,0.09,31.54,23.05,80.98,26.91,43.114892211042296
2000-10-25,0.56,31.13,22.38,81.24,26.41,41.768755849341886
2000-10-26,0.38,30.55,23.36,80.93,26.65,39.69859452431558
2000-10-27,0.37,31.03,23.3,80.01,26.78,40.980350120620216
2000-10-28,60.65,27.89,23.97,85.68,25.56,32.695303903070496
2000-10-29,37.99,25.64,24.11,91.58,24.79,27.16594611770606
2000-10-30,128.44,26.29,23.7,94.73,24.97,29.059983598809563
2000-10-31,73.44,25.9,23.31,94.85,24.77,27.93472039357787
2000-11-01,3.68,28.31,21.85,88.81,24.67,34.51149148590954
2000-11-02,5.12,28.05,22.62,88.21,25.13,33.58920243651926
2000-11-03,11.79,27.72,23.91,88.23,25.43,32.59992449535751
2000-11-04,14.19,26.2,23.24,91.72,24.41,28.639878986970125
2000-11-05,1.99,27.33,23.15,93.29,24.88,32.123273175844595
2000-11-06,0.66,27.44,23.05,92.75,24.94,32.4008881436506
2000-11-07,2.97,29.16,22.98,89.4,25.57,37.481072979425626
2000-11-08,5.45,29.45,23.07,86.68,25.57,37.75459253151167
2000-11-09,3.71,29.27,22.37,88.85,25.33,37.720197524314436
2000-11-10,0.29,29.98,21.66,82.37,25.65,38.287542037248336
2000-11-11,0.94,29.14,22.75,85.12,25.45,36.337687267780154
2000-11-12,0.81,28.96,22.6,84.99,25.31,35.74152250015393
2000-11-13,0.91,28.6,23.4,85.99,25.28,34.848595416924
2000-11-14,3.44,28.28,22.92,90.39,25.08,34.724308337266194
2000-11-15,0.5,30.49,22.64,85.66,25.65,41.079153923915335
2000-11-16,0.47,29.58,22.04,83.15,25.03,37.22793531406757
2000-11-17,0.44,30.42,21.38,84.36,25.36,40.389370614781114
2000-11-18,0.9,28.12,21.82,86.05,24.66,33.42001843320046
2000-11-19,1.11,29.76,23.55,86.06,25.88,38.63483363840572
2000-11-20,0.24,30.5,22.77,85.5,26.0,41.06014217106944
2000-11-21,1.57,29.7,22.22,84.81,25.73,38.07344622660694
2000-11-22,1.42,30.54,23.38,85.33,26.32,41.14570355756294
2000-11-23,0.87,30.65,22.33,84.36,25.91,41.20218410689739
2000-11-24,1.67,29.87,23.4,85.88,25.85,38.95971458557811
2000-11-25,0.36,30.93,21.92,84.03,26.08,42.09062117780561
2000-11-26,0.5,31.2,22.76,82.26,26.41,42.39832645855276
2000-11-27,2.86,30.42,21.6,82.66,25.42,39.82944622442259
2000-11-28,2.24,29.85,22.75,82.36,25.36,37.867754871158354
2000-11-29,0.75,28.7,21.62,82.08,24.2,34.337139120145494
2000-11-30,0.02,28.66,20.43,78.26,23.81,33.47530435964768
2000-12-01,11.85,28.28,21.21,86.43,24.59,33.96359848003645
2000-12-02,17.71,27.91,23.55,87.97,25.37,33.124442522447424
2000-12-03,3.66,28.45,22.03,85.13,24.74,34.22214529494659
2000-12-04,0.25,29.21,21.36,83.57,24.29,36.17919193199153
2000-12-05,0.28,29.21,20.91,82.2,24.19,35.84901627505902
2000-12-06,0.2,29.51,20.85,81.17,24.35,36.49425104298835
2000-12-07,0.63,27.71,19.74,80.96,23.34,31.517524810186234
2000-12-08,3.09,28.1,21.37,83.62,24.2,32.94548065410115
2000-12-09,2.62,28.21,22.38,89.06,24.95,34.241969258881795
2000-12-10,0.68,27.52,23.07,87.69,25.1,31.940153591678
2000-12-11,1.08,26.75,22.63,88.77,24.37,29.923881842991907
2000-12-12,1.52,28.35,22.47,86.16,24.63,34.122868723712315
2000-12-13,0.99,28.8,21.56,87.47,24.81,35.80127169396495
2000-12-14,0.27,28.51,22.95,86.17,25.27,34.60987239933974
2000-12-15,0.4,30.2,21.4,84.82,25.39,39.772964858610216
2000-12-16,3.83,29.47,21.88,84.95,25.23,37.35552251365163
2000-12-17,2.46,28.81,21.62,87.19,24.54,35.7700526068741
2000-12-18,2.18,29.2,22.14,85.56,24.87,36.63798968883378
2000-12-19,0.63,28.26,21.35,82.95,24.14,33.27152350652255
2000-12-20,0.04,30.5,21.11,81.72,25.32,39.7911636261051
2000-12-21,0.02,30.39,21.05,77.92,25.41,38.24815037629012
2000-12-22,0.16,29.98,21.89,83.59,25.29,38.64772803700035
2000-12-23,0.09,29.63,23.05,83.51,25.8,37.48437486219393
2000-12-24,0.72,29.29,23.31,82.7,25.58,36.21167871741489
2000-12-25,0.55,28.55,22.45,82.26,24.75,33.95024863447115
2000-12-26,2.76,26.83,22.02,81.88,23.99,29.527102824230617
2000-12-27,8.32,26.89,22.75,88.95,24.37,30.321250715736067
2000-12-28,1.47,28.35,22.77,84.31,25.07,33.773059279384
2000-12-29,6.6,29.85,22.57,85.52,25.43,38.78387959236222
2000-12-30,2.18,28.34,22.54,89.51,24.83,34.74587639821096
2000-12-31,0.19,29.02,20.33,83.3,24.19,35.53640487632274
2001-01-01,0.06,25.75,16.84,78.47,20.97,27.153958971427446
2001-01-02,0.01,27.38,15.38,79.39,21.05,30.532451218778842
2001-01-03,0.0,27.86,17.2,78.32,22.4,31.510251583948996
2001-01-04,0.02,27.98,18.51,77.3,22.84,31.6442821749918
2001-01-05,0.4,28.43,18.39,82.12,22.69,33.589895618483396
2001-01-06,1.37,29.32,19.42,85.52,23.89,37.0164399271135
2001-01-07,0.84,29.73,21.7,86.19,24.75,38.569849659920564
2001-01-08,0.02,29.22,21.71,80.65,25.17,35.51207597342998
2001-01-09,0.0,30.26,21.23,81.98,25.34,39.08074404048041
2001-01-10,0.36,29.81,22.17,83.17,25.39,37.96914320072128
2001-01-11,0.06,29.55,20.75,82.69,24.66,37.01139427643865
2001-01-12,0.77,29.93,22.38,82.97,25.68,38.3008254774009
2001-01-13,0.9,29.28,23.22,85.07,25.52,36.77207806996863
2001-01-14,1.39,27.2,20.48,82.36,23.51,30.4424973433807
2001-01-15,0.65,25.56,19.7,79.86,21.78,26.839481425537837
2001-01-16,0.11,26.68,19.85,77.42,22.2,28.853112619261942
2001-01-17,0.06,26.4,19.92,77.55,22.3,28.316527768951925
2001-01-18,0.04,28.82,19.32,78.93,23.46,34.026373789229936
2001-01-19,0.07,29.72,19.7,80.09,23.93,36.84314851805012
2001-01-20,0.11,30.08,20.33,79.25,24.68,37.6974038730491
2001-01-21,0.07,30.33,20.43,79.03,24.74,38.3992976186218
2001-01-22,0.06,30.44,19.77,81.76,24.46,39.604734963320645
2001-01-23,0.01,30.45,20.47,77.14,24.71,38.19402298833979
2001-01-24,0.1,31.26,20.1,81.32,24.79,42.25366071079079
2001-01-25,1.31,30.42,20.85,84.23,25.43,40.34607752508644
2001-01-26,0.67,30.04,22.96,84.84,25.88,39.228037671222886
2001-01-27,0.31,31.94,22.17,82.33,26.04,45.152719889415785
2001-01-28,0.3,30.63,22.74,81.3,25.73,40.08588623558224
2001-01-29,0.08,31.11,22.15,78.87,25.93,40.840960606154745
2001-01-30,0.08,30.65,22.48,79.71,25.58,39.62547369232013
2001-01-31,0.13,31.04,21.67,80.65,25.73,41.24345263126463
2001-02-01,0.97,29.85,22.26,83.77,25.35,38.271502016089975
2001-02-02,0.33,30.37,21.29,80.35,25.26,38.92999360321953
2001-02-03,1.36,31.42,20.48,77.59,25.48,41.39874553838538
2001-02-04,2.88,30.35,22.2,83.05,25.33,39.71917748618109
2001-02-05,0.15,31.13,20.81,78.69,25.08,40.84283086344252
2001-02-06,0.0,30.65,19.07,75.77,24.39,38.37227561068416
2001-02-07,0.37,30.91,19.21,76.41,24.89,39.3612529947288
2001-02-08,0.12,30.58,21.22,77.32,24.99,38.64223906582888
2001-02-09,0.05,30.49,19.72,75.61,24.36,37.85406467375188
2001-02-10,0.72,31.28,20.63,79.61,25.36,41.67998198146344
2001-02-11,0.44,30.88,22.11,77.46,25.46,39.61528167734874
2001-02-12,0.16,31.94,20.96,75.95,25.52,42.48999894524823
2001-02-13,0.01,31.89,19.31,73.79,25.09,41.48723582177243
2001-02-14,0.62,31.2,19.84,72.62,24.32,38.981887423230354
2001-02-15,0.48,28.08,19.1,72.08,22.69,31.111045772903797
2001-02-16,0.33,27.59,17.94,72.25,21.78,30.149568290854152
2001-02-17,0.3,28.96,18.22,73.49,22.72,33.298707850808306
2001-02-18,0.65,31.14,19.12,74.23,24.74,39.33729766469585
2001-02-19,1.98,29.07,22.38,79.61,25.16,34.85060046730822
2001-02-20,3.9,28.83,22.45,82.69,24.95,34.83837362188828
2001-02-21,3.68,27.03,23.41,87.41,25.01,30.547378829969514
2001-02-22,2.13,29.2,23.5,85.54,25.59,36.633001641632504
2001-02-23,15.55,29.65,22.64,85.55,25.4,38.11543259185751
2001-02-24,12.52,29.61,22.19,85.18,25.07,37.87846641857509
2001-02-25,1.03,30.19,21.28,82.05,25.21,38.87327801414187
2001-02-26,1.64,31.69,20.62,80.02,25.61,43.26374234085173
2001-02-27,7.15,31.64,22.28,80.57,26.11,43.30789673886879
2001-02-28,6.18,31.59,22.27,78.91,26.15,42.473446599751185
2001-03-01,1.32,31.81,22.47,78.27,26.37,42.97783632814493
2001-03-02,0.4,32.5,21.63,77.38,26.29,45.026060534220626
2001-03-03,0.14,30.65,22.17,77.02,25.69,38.761640807759505
2001-03-04,0.03,28.24,20.54,76.55,24.4,32.13878469537522
2001-03-05,0.2,30.43,20.13,74.19,24.42,37.26832438086703
2001-03-06,0.43,31.49,20.76,76.88,25.49,41.364981568231215
2001-03-07,0.93,32.22,21.52,77.28,26.18,43.99207853638276
2001-03-08,5.13,31.85,22.72,76.77,26.19,42.51491663546345
2001-03-09,1.85,30.29,21.88,75.3,25.12,37.189729186678534
2001-03-10,1.03,31.52,20.8,72.4,25.26,39.847105432139784
2001-03-11,0.1,31.99,21.35,74.03,25.64,41.89775230884691
2001-03-12,0.19,32.16,21.11,73.35,25.91,42.17482800912957
2001-03-13,0.08,31.58,21.26,70.55,25.33,39.385034694644574
2001-03-14,0.0,32.72,19.83,70.18,25.6,42.661983333039856
2001-03-15,5.73,32.46,21.33,74.29,26.18,43.541988049103395
2001-03-16,2.49,30.22,23.37,79.61,26.35,38.23239149878795
2001-03-17,0.02,32.62,22.19,76.34,26.86,44.986756739519414
2001-03-18,0.0,32.72,23.24,76.26,27.26,45.3051422565087
2001-03-19,0.09,33.81,21.3,71.93,26.89,47.0883876906706
2001-03-20,0.02,33.97,21.44,71.28,27.31,47.32296312582277
2001-03-21,0.0,33.27,23.32,72.6,27.56,45.5340524351549
2001-03-22,0.0,34.67,22.18,70.27,27.6,49.28690889297967
2001-03-23,0.0,33.74,20.9,67.12,26.64,44.53788070573041
2001-03-24,0.72,33.77,20.72,71.65,27.06,46.80772929518852
2001-03-25,10.89,30.08,23.14,82.89,26.06,38.76807328051393
2001-03-26,28.81,28.19,23.23,86.46,25.28,33.699874591690524
2001-03-27,27.96,29.11,22.58,87.98,25.34,36.94708936670021
2001-03-28,7.93,29.39,23.1,84.36,25.7,36.94246893706807
2001-03-29,22.82,28.94,23.18,83.05,25.79,35.24067328683985
2001-03-30,9.68,29.12,22.96,83.23,25.41,35.822347889008114
2001-03-31,3.91,30.99,21.93,81.23,25.87,41.28110154221999
2001-04-01,12.47,30.57,23.0,80.67,26.09,39.67931829731382
2001-04-02,3.42,31.75,22.56,80.68,26.49,43.74815191754844
2001-04-03,0.07,32.58,22.97,77.99,27.5,45.591006122468016
2001-04-04,1.4,31.82,23.71,80.84,27.39,44.068762165740125
2001-04-05,1.32,32.08,23.41,78.9,27.65,44.18764905695035
2001-04-06,0.04,33.54,23.59,76.74,28.19,48.56175087330102
2001-04-07,0.0,33.76,23.77,75.99,28.19,49.00651945127013
2001-04-08,0.0,33.76,23.52,73.78,28.21,47.85030708576551
2001-04-09,0.0,33.45,24.53,73.69,28.28,46.68710635495409
2001-04-10,0.78,33.57,24.59,74.85,28.36,47.70120270027301
2001-04-11,0.27,32.2,24.68,77.86,27.91,44.169628396793684
2001-04-12,2.45,27.74,23.75,85.89,25.85,32.30476490543529
2001-04-13,23.68,32.55,22.87,79.61,27.02,46.22801425850809
2001-04-14,4.23,32.13,23.37,80.25,26.99,44.952918258238064
2001-04-15,0.66,31.9,22.93,79.59,26.82,43.83508693248118
2001-04-16,0.07,33.41,22.95,74.19,27.79,46.789668019005134
2001-04-17,0.01,33.84,23.81,72.38,28.3,47.422582848387414
2001-04-18,0.31,34.3,24.79,73.11,28.73,49.48980909245913
2001-04-19,1.54,34.45,23.48,72.84,28.47,49.90282566363052
2001-04-20,0.22,34.54,24.55,72.87,28.79,50.2592285273354
2001-04-21,0.0,34.74,24.01,73.21,28.69,51.21956603706482
2001-04-22,15.85,30.71,24.75,81.94,27.4,40.57234663640762
2001-04-23,0.28,34.87,22.74,71.12,28.42,50.502154983828525
2001-04-24,2.2,33.45,23.13,79.09,27.56,49.44878917202016
2001-04-25,1.57,29.24,24.43,84.86,26.42,36.59133589861561
2001-04-26,1.61,32.52,23.34,75.67,27.42,44.34011894828796
2001-04-27,0.12,32.97,23.51,73.62,27.47,44.97551898138816
2001-04-28,0.22,34.65,22.28,72.57,28.14,50.50538731992522
2001-04-29,0.34,34.54,23.68,72.03,28.61,49.787174164159616
2001-04-30,0.6,34.75,23.8,71.5,28.98,50.271301063336736
2001-05-01,2.72,32.06,24.89,77.34,28.01,43.46131615181497
2001-05-02,1.35,32.18,24.55,76.86,28.0,43.675326898474786
2001-05-03,0.73,30.99,24.74,76.8,27.54,39.73903827325959
2001-05-04,0.73,34.8,23.65,73.29,28.75,51.498976205476964
2001-05-05,3.33,33.2,24.84,77.12,28.35,47.46894001714893
2001-05-06,5.47,31.86,25.36,80.87,27.96,44.22748563726064
2001-05-07,0.68,32.18,25.51,76.91,28.33,43.69636057976014
2001-05-08,3.34,34.44,25.18,71.9,29.12,49.344759216155175
2001-05-09,10.67,30.93,25.6,81.64,27.69,41.22153689777693
2001-05-10,33.23,30.33,24.84,85.31,26.96,40.38799776780362
2001-05-11,18.51,29.01,24.63,90.15,26.4,37.14807231621526
2001-05-12,16.95,29.14,23.96,87.11,26.07,36.82924938250405
2001-05-13,6.78,27.84,24.06,88.95,25.87,33.07319168746276
2001-05-14,1.17,30.86,24.08,81.86,27.24,41.05843472062235
2001-05-15,1.8,31.92,24.29,81.57,27.88,44.74766895402206
2001-05-16,0.83,32.33,25.57,78.35,28.43,44.84646834001253
2001-05-17,0.96,33.75,24.75,74.69,28.56,48.28450767451316
2001-05-18,0.07,33.81,23.89,72.3,28.49,47.275146488683916
2001-05-19,4.77,32.86,25.0,77.27,28.08,46.28017895409769
2001-05-20,13.7,31.2,24.43,79.82,27.31,41.48575289952097
2001-05-21,7.7,32.05,24.32,80.6,27.62,44.81038733287963
2001-05-22,4.31,30.42,24.91,84.83,27.11,40.546548553954985
2001-05-23,15.9,29.41,23.96,87.61,25.93,37.87102489233655
2001-05-24,9.71,28.62,23.46,87.68,25.64,35.268597895202014
2001-05-25,7.98,28.66,23.54,89.3,25.72,35.75261974188124
2001-05-26,8.33,28.02,23.97,89.0,25.72,33.63510287323073
2001-05-27,17.28,28.44,23.96,90.04,25.74,35.181405746664325
2001-05-28,10.29,28.58,23.71,88.98,25.66,35.41846406756632
2001-05-29,8.29,29.54,23.28,87.68,26.03,38.33987815150955
2001-05-30,0.95,30.12,23.59,85.31,26.64,39.6504854864849
2001-05-31,2.21,31.44,23.93,82.06,27.12,43.184668758508856
2001-06-01,1.24,30.5,24.55,80.99,26.98,39.55389759964011
2001-06-02,9.83,29.94,23.77,82.02,26.52,38.057535014888614
2001-06-03,14.29,29.94,23.38,84.2,26.31,38.696120005408176
2001-06-04,16.95,29.56,23.46,85.52,26.37,37.806305304722166
2001-06-05,3.66,30.47,23.15,81.96,26.72,39.769408643346324
2001-06-06,5.79,29.85,24.18,82.84,26.69,38.00429071658674
2001-06-07,6.47,30.86,24.0,81.28,27.14,40.85427850892875
2001-06-08,8.13,30.95,24.05,81.99,26.89,41.416517464874396
2001-06-09,11.37,29.43,23.89,85.81,26.31,37.45354144218048
2001-06-10,13.76,29.62,24.07,85.55,26.51,38.01487142940601
2001-06-11,7.23,28.63,23.96,86.91,25.91,35.13568306338625
2001-06-12,11.17,28.33,22.74,86.64,25.62,34.15429899761219
2001-06-13,5.89,29.51,23.68,86.75,26.25,37.9771738851596
2001-06-14,1.83,31.16,23.31,82.82,26.93,42.46797360420993
2001-06-15,0.69,31.29,23.37,78.75,27.24,41.39554483067653
2001-06-16,1.03,32.06,24.08,78.5,27.69,43.94682405852976
2001-06-17,10.75,28.53,24.21,85.62,26.17,34.55927827907093
2001-06-18,18.81,27.6,24.37,90.16,25.73,32.528324301185926
2001-06-19,7.11,27.07,23.96,91.47,25.23,31.0984781516435
2001-06-20,8.03,28.25,23.1,88.4,25.67,34.24307485385604
2001-06-21,14.58,30.27,23.45,86.18,26.62,40.46171472148782
2001-06-22,38.78,28.84,24.02,91.06,26.16,36.77533058453314
2001-06-23,27.47,27.12,24.71,95.51,25.82,31.723020113299185
2001-06-24,16.08,27.19,23.79,93.48,25.31,31.70241577987829
2001-06-25,7.14,28.97,23.19,87.26,25.81,36.30583495810947
2001-06-26,14.12,28.42,23.54,89.15,25.66,34.93259195664658
2001-06-27,5.47,29.93,23.71,86.38,26.29,39.31947797456358
2001-06-28,14.04,28.12,23.26,91.05,25.46,34.325166895208355
2001-06-29,11.37,29.08,23.22,89.38,26.06,37.19773715961561
2001-06-30,7.42,28.26,23.98,93.67,25.8,35.31290355030983
2001-07-01,3.97,28.35,23.77,90.38,25.66,34.953165428020355
2001-07-02,13.8,28.21,23.57,87.54,25.46,33.95796610292344
2001-07-03,18.64,29.91,23.08,84.21,26.43,38.598847050540215
2001-07-04,146.56,25.52,22.47,92.74,24.29,26.87067251925428
2001-07-05,41.85,28.24,22.53,89.83,25.48,34.484802949359235
2001-07-06,19.86,28.34,24.31,91.67,25.93,35.18192441304657
2001-07-07,2.43,29.65,23.57,89.77,26.04,39.33931121273423
2001-07-08,8.26,27.53,23.6,91.09,25.51,32.448300176633865
2001-07-09,8.05,29.87,24.05,86.34,26.17,39.097825607889774
2001-07-10,7.18,28.72,23.32,86.54,25.59,35.33894239466009
2001-07-11,12.36,28.78,22.79,89.58,25.23,36.21883787152929
2001-07-12,6.34,29.33,22.85,89.02,25.63,37.97581554165945
2001-07-13,2.94,29.02,23.7,89.28,25.81,36.96556556014405
2001-07-14,6.54,26.76,23.41,92.06,24.79,30.24319508023312
2001-07-15,10.89,27.84,22.67,89.37,24.79,33.1414280319741
2001-07-16,5.45,28.81,22.81,88.6,25.43,36.092735518803735
2001-07-17,7.19,29.09,22.97,88.15,25.89,36.92223431797134
2001-07-18,45.81,28.2,23.42,87.62,25.43,33.94213170924747
2001-07-19,26.21,27.54,22.12,86.66,24.6,31.855205989763938
2001-07-20,19.66,26.61,22.52,91.8,24.3,29.787798085954073
2001-07-21,2.49,28.54,22.46,88.57,25.25,35.20075728477695
2001-07-22,2.27,29.16,22.98,86.61,25.84,36.77013352489681
2001-07-23,4.25,28.9,23.75,88.8,25.95,36.44056663025715
2001-07-24,8.29,26.98,23.3,91.54,24.77,30.838951378801525
2001-07-25,13.86,28.41,22.18,85.46,25.39,34.16754906626522
2001-07-26,8.3,29.35,23.56,86.43,26.16,37.35233496266655
2001-07-27,43.54,28.44,24.28,91.65,25.97,35.51942159865453
2001-07-28,18.61,27.3,24.2,92.93,25.51,31.980655729708765
2001-07-29,17.57,27.79,23.47,91.44,25.22,33.32206063501279
2001-07-30,9.87,28.11,23.22,91.23,25.35,34.32585170626453
2001-07-31,2.54,28.29,24.15,89.44,25.85,34.5705016546237
2001-08-01,3.39,28.73,24.04,89.51,25.96,36.03402630579571
2001-08-02,22.66,30.65,23.61,85.78,26.67,41.7047529963882
2001-08-03,23.27,29.9,23.45,88.18,26.41,39.76767254092553
2001-08-04,5.17,27.99,23.91,91.71,25.95,34.01823465811269
2001-08-05,12.32,29.21,22.93,89.19,25.93,37.60079511889159
2001-08-06,7.7,28.58,23.15,90.64,25.69,35.77958453193068
2001-08-07,4.69,26.44,24.6,95.28,25.5,29.54569106907563
2001-08-08,0.89,28.19,24.3,92.88,25.85,34.9110354652053
2001-08-09,1.47,28.52,23.65,90.4,25.92,35.5244976402434
2001-08-10,1.0,27.69,23.67,91.76,25.41,33.05287849552176
2001-08-11,27.54,27.81,23.98,91.77,25.63,33.44078230626972
2001-08-12,16.73,28.03,24.15,90.16,25.78,33.87137359645185
2001-08-13,3.96,28.31,23.68,90.45,25.71,34.83502022894935
2001-08-14,3.33,28.13,24.04,91.01,25.71,34.35053458987804
2001-08-15,14.18,28.81,23.91,91.53,26.02,36.78238200411269
2001-08-16,10.29,27.47,23.73,92.41,25.75,32.44851160634601
2001-08-17,26.42,28.07,24.87,92.36,26.04,34.40304741321668
2001-08-18,21.98,29.91,23.81,91.11,26.47,40.73524122618646
2001-08-19,2.75,28.3,24.3,93.19,26.21,35.355404849902435
2001-08-20,1.91,28.39,24.27,93.57,26.04,35.75288572830098
2001-08-21,1.16,30.15,24.27,91.83,26.37,41.91900099404459
2001-08-22,2.87,28.83,24.14,89.92,26.08,36.46869546141999
2001-08-23,8.59,27.63,23.99,94.15,25.45,33.23045481235478
2001-08-24,4.53,27.02,23.89,93.58,25.0,31.18034785389885
2001-08-25,12.67,27.71,23.47,92.75,25.26,33.27436775485936
2001-08-26,8.21,27.08,23.5,93.89,25.05,31.40350620776912
2001-08-27,12.7,27.63,23.42,93.38,25.2,33.11047830543967
2001-08-28,17.56,27.35,23.57,93.66,25.13,32.23700902644076
2001-08-29,6.46,28.91,22.93,91.82,25.61,37.21000530575493
2001-08-30,1.79,28.15,23.59,92.92,25.62,34.781255163177924
2001-08-31,10.09,27.87,23.38,90.65,25.41,33.44669449488656
2001-09-01,22.97,27.07,23.45,90.94,25.0,31.039506874586184
2001-09-02,17.73,27.19,23.06,92.3,24.92,31.558506300242623
2001-09-03,6.45,26.4,23.69,94.05,24.8,29.34249905249054
2001-09-04,22.93,28.56,22.73,90.87,25.34,35.76192347829507
2001-09-05,3.99,27.5,22.84,91.14,24.96,32.36253983484276
2001-09-06,1.48,28.59,23.44,90.59,25.66,35.802582837278955
2001-09-07,0.79,27.38,22.74,90.34,24.79,31.887509174564848
2001-09-08,3.35,27.02,22.4,91.32,24.46,30.933690232952188
2001-09-09,1.59,26.11,22.21,87.76,23.53,28.219409489857796
2001-09-10,1.97,26.25,21.52,88.8,23.72,28.618082602402914
2001-09-11,2.66,27.93,22.95,89.65,24.97,33.466914384610696
2001-09-12,11.07,28.15,23.0,90.14,25.1,34.25286760388881
2001-09-13,10.54,28.42,22.69,90.66,24.83,35.24367550898537
2001-09-14,5.1,28.37,22.54,90.41,25.04,35.02550872784172
2001-09-15,9.63,28.3,23.22,90.67,25.12,34.8457713606102
2001-09-16,12.54,27.7,23.0,92.59,25.05,33.21614675489843
2001-09-17,9.18,27.79,23.21,92.45,25.2,33.48803321367172
2001-09-18,9.1,27.65,23.54,93.13,25.36,33.13743786846945
2001-09-19,9.19,28.06,23.42,91.13,25.31,34.1432391431868
2001-09-20,2.58,28.06,23.64,91.88,25.49,34.280742944359076
2001-09-21,10.05,28.28,23.93,92.29,25.51,35.10295064456721
2001-09-22,10.81,27.89,23.94,93.24,25.61,33.95499807333592
2001-09-23,1.33,27.04,24.84,94.4,25.79,31.334840949990987
2001-09-24,9.13,27.22,24.07,92.41,25.41,31.66456223396253
2001-09-25,35.12,27.84,24.18,94.26,25.71,33.96174812463611
2001-09-26,18.59,28.52,23.81,91.8,25.68,35.827745102493346
2001-09-27,4.43,29.0,23.54,88.79,25.8,36.77615711859907
2001-09-28,0.02,28.81,23.92,88.97,25.92,36.17840076068445
2001-09-29,1.09,28.82,23.53,88.08,26.14,36.00589365361866
2001-09-30,1.21,30.02,24.1,84.95,26.71,39.193347188520825
2001-10-01,3.12,28.35,24.05,88.49,25.98,34.57574068423545
2001-10-02,4.31,27.79,23.11,89.89,25.33,33.071196757638326
2001-10-03,1.57,29.13,22.78,85.75,25.53,36.45971756704726
2001-10-04,3.25,31.05,22.92,80.07,26.6,41.06907289710121
2001-10-05,0.45,31.31,22.8,80.43,26.82,42.09082937852432
2001-10-06,6.37,31.39,22.95,79.51,27.03,42.017941893561414
2001-10-07,2.93,30.96,23.5,82.36,27.05,41.58543641398406
2001-10-08,8.13,31.11,23.55,83.62,26.91,42.59144931643946
2001-10-09,12.06,29.91,24.2,84.27,26.59,38.61657519373096
2001-10-10,8.8,30.99,22.86,83.28,26.2,42.029462916249315
2001-10-11,1.58,29.77,23.25,87.41,25.89,39.067835370524904
2001-10-12,1.82,29.22,22.58,84.75,25.75,36.50040747068737
2001-10-13,1.1,29.97,23.1,81.7,26.16,38.06062336522669
2001-10-14,0.72,29.84,21.96,83.44,25.86,38.14365511772965
2001-10-15,0.83,29.21,23.0,86.72,25.58,36.96269636735383
2001-10-16,3.66,28.87,22.32,86.79,25.02,35.8716188635058
2001-10-17,0.18,29.67,21.38,84.06,25.32,37.764819695946954
2001-10-18,0.62,31.0,22.31,86.43,26.4,43.26055381214027
2001-10-19,4.65,30.19,23.97,87.49,26.51,40.60422004773534
2001-10-20,8.72,30.74,23.39,85.44,26.43,41.91320320773204
2001-10-21,2.44,29.93,23.29,86.72,26.09,39.42369575571717
2001-10-22,1.34,31.1,23.06,81.48,26.53,41.752972711402855
2001-10-23,0.21,30.82,22.81,81.2,26.14,40.69059700859911
2001-10-24,0.38,31.0,22.47,81.79,26.52,41.51813875305842
2001-10-25,0.15,30.85,23.12,82.09,26.42,41.10526394356278
2001-10-26,0.02,30.85,20.58,80.79,25.57,40.64947774827134
2001-10-27,0.13,30.96,20.69,79.17,25.68,40.45270511237144
2001-10-28,0.4,31.04,21.06,75.21,25.82,39.36179850008756
2001-10-29,0.04,31.0,21.09,81.69,25.55,41.48182959409649
2001-10-30,0.02,29.45,20.47,80.94,24.97,36.25663501427009
2001-10-31,0.02,31.28,21.76,81.85,25.88,42.52706741992068
2001-11-01,0.02,31.08,21.09,76.88,25.9,40.04875731732943
2001-11-02,0.07,31.28,21.07,80.18,25.75,41.89290506824977
2001-11-03,0.08,31.47,21.8,79.7,26.15,42.3661882232438
2001-11-04,1.0,31.62,21.61,79.47,26.4,42.797483913444054
2001-11-05,0.19,30.95,22.19,78.24,26.01,40.10030347484233
2001-11-06,0.18,30.55,20.59,79.61,25.06,39.271715155353846
2001-11-07,0.78,29.84,22.2,79.75,25.3,37.11171603883218
2001-11-08,9.14,31.15,23.4,81.96,26.39,42.10719202465315
2001-11-09,9.34,29.23,24.31,85.86,26.12,36.810403604680715
2001-11-10,0.37,29.68,23.31,86.19,25.65,38.39884646183818
2001-11-11,0.2,29.79,23.0,86.66,25.99,38.914981435751834
2001-11-12,9.49,27.64,23.36,90.84,25.3,32.75330465302647
2001-11-13,4.23,30.22,22.43,85.41,25.69,40.03233146704329
2001-11-14,0.04,30.23,22.19,80.11,25.58,38.41304393623628
2001-11-15,0.04,28.98,21.26,81.5,24.64,35.01348309083437
2001-11-16,3.17,27.69,23.21,87.16,24.89,32.35170924153348
2001-11-17,3.98,29.9,22.75,81.67,25.71,37.830466678302095
2001-11-18,0.23,29.15,21.32,79.66,24.45,35.08507919392018
2001-11-19,0.02,28.1,19.88,78.04,23.15,32.04080949426035
2001-11-20,0.0,28.85,19.3,78.79,23.31,34.0778466531697
2001-11-21,0.21,29.33,19.87,79.26,23.79,35.49957132430475
2001-11-22,0.01,29.06,19.18,76.83,23.62,34.22370247027631
2001-11-23,0.01,30.62,20.08,77.9,24.7,38.947282403911395
2001-11-24,0.0,28.75,17.97,72.55,23.03,32.63640583912597
2001-11-25,0.0,27.44,15.32,74.29,21.09,30.08351641442707
2001-11-26,0.0,27.61,15.49,79.92,21.01,31.134988933790193
2001-11-27,0.13,27.84,17.69,79.03,21.92,31.563645302006258
2001-11-28,0.21,28.67,19.04,82.23,22.92,34.28258548544246
2001-11-29,0.02,30.37,20.25,78.88,24.74,38.47757796180403
2001-11-30,0.0,30.68,21.22,78.62,25.21,39.36596777896037
2001-12-01,0.05,30.06,19.91,76.42,24.67,36.84749372972706
2001-12-02,0.06,31.01,20.91,77.67,25.52,40.097512192240444
2001-12-03,0.01,30.81,21.02,78.83,25.17,39.84975368804283
2001-12-04,0.04,30.97,20.42,79.42,25.19,40.57256091657118
2001-12-05,0.63,30.06,21.19,80.23,24.73,37.91798046617683
2001-12-06,5.22,27.21,21.8,81.77,23.77,30.402328416704133
2001-12-07,15.12,27.91,21.8,81.73,24.83,32.13519464948061
2001-12-08,4.24,29.16,23.2,81.85,25.3,35.6177166498653
2001-12-09,1.49,29.38,22.86,81.28,25.24,36.13288176175021
2001-12-10,1.63,30.43,21.39,81.44,25.2,39.46880701350204
2001-12-11,0.47,30.56,22.0,81.33,25.13,39.86278766301155
2001-12-12,0.04,30.06,20.55,79.75,24.34,37.77968616194636
2001-12-13,0.02,30.12,18.82,79.31,23.88,37.8365348649053
2001-12-14,0.23,29.36,19.31,81.06,23.47,36.01944663873946
2001-12-15,3.26,28.67,21.18,79.97,24.34,33.83218318041785
2001-12-16,2.94,29.65,21.77,80.35,24.73,36.70217091327531
2001-12-17,0.53,30.24,20.75,78.21,24.88,37.880587573368636
2001-12-18,0.01,30.6,19.43,77.18,24.52,38.65951920924091
2001-12-19,0.05,30.66,20.21,79.31,24.56,39.526829408154725
2001-12-20,0.04,29.7,20.51,79.13,23.94,36.53162193522946
2001-12-21,0.03,30.33,18.88,77.71,24.16,38.004196248650786
2001-12-22,0.16,29.48,20.06,77.23,23.81,35.434780830415555
2001-12-23,0.18,28.66,19.17,75.93,23.32,33.03905510248515
2001-12-24,0.11,28.34,19.63,76.17,23.06,32.312952552673714
2001-12-25,0.07,25.85,18.54,73.45,21.53,27.185544039861668
2001-12-26,0.05,25.67,17.76,73.11,20.8,26.902394553102063
2001-12-27,0.04,26.81,16.97,74.86,21.02,28.90967470639426
2001-12-28,0.28,26.97,16.52,77.21,21.59,29.420673828869194
2001-12-29,0.06,27.66,17.91,77.74,22.24,30.968682822630626
2001-12-30,0.02,28.52,17.21,76.17,22.39,32.74284801943251
2001-12-31,0.06,29.65,17.8,76.38,23.43,35.69368148166475
2002-01-01,0.08,29.59,19.99,76.16,24.2,35.476987560007345
2002-01-02,0.09,29.81,20.47,74.36,24.21,35.62430727723731
2002-01-03,0.03,26.44,18.21,71.81,21.54,28.05410497628233
2002-01-04,0.0,27.14,16.86,72.4,20.99,29.3128651865707
2002-01-05,0.02,27.84,15.46,75.75,20.84,31.107630645880022
2002-01-06,0.01,28.21,15.86,77.45,21.29,32.21209065593702
2002-01-07,0.01,28.64,16.27,75.08,21.86,32.836094334325
2002-01-08,0.0,27.35,16.34,72.22,20.7,29.686332939231605
2002-01-09,0.09,27.83,16.28,74.31,20.82,30.89296930988345
2002-01-10,0.02,27.59,14.99,72.58,20.99,30.187823065233562
2002-01-11,0.0,28.99,14.94,71.5,21.46,32.98629507481185
2002-01-12,0.0,30.0,15.55,74.44,22.06,36.153086324675606
2002-01-13,0.83,31.21,18.9,77.47,24.54,40.66978141074058
2002-01-14,0.79,31.2,20.8,79.88,24.88,41.50780443678579
2002-01-15,3.73,31.39,21.16,82.38,25.36,43.1299139996073
2002-01-16,1.81,31.65,21.38,79.35,25.81,42.85451783448186
2002-01-17,0.1,32.73,22.0,77.44,26.4,45.88436607241689
2002-01-18,0.0,32.82,21.44,74.8,26.28,44.99332903069493
2002-01-19,0.04,32.54,21.25,75.32,26.08,44.25623348822638
2002-01-20,0.02,32.14,20.86,75.18,25.67,42.844813532962064
2002-01-21,0.02,30.73,21.38,76.5,25.13,38.840517930998416
2002-01-22,0.13,30.33,20.52,72.81,24.64,36.607121280959944
2002-01-23,0.46,30.75,19.46,70.48,24.3,37.073067170185254
2002-01-24,0.85,30.75,19.79,74.08,24.15,38.1445780589773
2002-01-25,0.39,31.05,20.35,75.98,24.55,39.64946885879387
2002-01-26,0.04,31.63,20.02,73.98,25.13,40.743695541877344
2002-01-27,0.07,31.73,20.64,72.73,25.71,40.59623154103186
2002-01-28,0.38,31.84,20.75,72.58,25.71,40.87732959873597
2002-01-29,0.07,31.09,21.16,70.66,25.29,38.0452320182598
2002-01-30,0.23,30.38,19.48,68.99,24.12,35.7172831364904
2002-01-31,0.71,30.3,19.33,74.33,23.69,36.9453679301586
2002-02-01,2.24,29.83,19.3,75.17,23.7,35.880844978651055
2002-02-02,1.46,29.4,19.44,76.42,23.41,35.028410333592454
2002-02-03,0.4,30.15,19.24,74.36,23.82,36.54002018641629
2002-02-04,0.37,30.74,18.63,73.82,23.99,38.03641551326233
2002-02-05,0.18,30.63,19.97,75.2,24.36,38.138809044743134
2002-02-06,0.29,31.59,19.75,70.83,25.03,39.50958172684792
2002-02-07,0.05,32.25,19.2,67.69,25.21,40.28806282555922
2002-02-08,1.42,31.83,21.07,72.55,25.56,40.83561389895067
2002-02-09,0.89,31.33,22.11,75.27,25.72,40.27291624950593
2002-02-10,0.16,32.18,21.98,70.57,25.8,41.15734501506577
2002-02-11,0.27,28.73,20.78,73.83,24.18,32.821695141500214
2002-02-12,0.09,30.96,20.08,68.33,24.44,36.999273302039
2002-02-13,0.1,31.29,19.82,69.36,24.62,38.1846805326395
2002-02-14,0.12,31.53,20.13,67.55,24.67,38.25475581058421
2002-02-15,0.29,30.65,19.21,67.68,23.81,36.037088245064155
2002-02-16,0.08,31.1,17.63,67.45,23.2,37.10126602691413
2002-02-17,0.14,32.22,17.28,68.21,24.17,40.392942030073904
2002-02-18,0.14,31.77,18.8,68.21,24.36,39.124057785342124
2002-02-19,0.22,31.9,17.86,66.89,24.34,39.03254200126311
2002-02-20,0.13,30.09,18.96,61.77,23.51,33.37189406082377
2002-02-21,0.03,31.62,17.26,63.54,23.76,37.23585377452103
2002-02-22,0.02,32.95,18.68,66.57,25.32,41.8852927201564
2002-02-23,0.02,33.66,20.8,67.0,26.51,44.23053610080691
2002-02-24,1.87,34.11,21.17,67.66,26.56,45.99064904761828
2002-02-25,6.68,32.78,21.58,73.31,25.96,44.191682224714846
2002-02-26,3.11,32.14,20.59,70.45,25.44,40.991573526182144
2002-02-27,1.53,31.98,20.26,72.23,25.13,41.1765166739664
2002-02-28,0.91,32.12,20.53,72.06,25.02,41.54425448694525
2002-03-01,0.01,31.89,18.84,63.36,24.54,37.84865103892904
2002-03-02,0.14,33.11,17.91,65.51,25.03,41.92512983830823
2002-03-03,0.01,33.1,19.97,63.38,25.91,41.04936172127264
2002-03-04,0.02,32.91,17.87,60.27,24.8,39.384963983775314
2002-03-05,0.0,32.86,16.18,64.23,24.29,40.710534448778986
2002-03-06,0.03,33.98,19.48,64.72,26.04,44.185944729964234
2002-03-07,0.01,33.4,20.9,58.2,26.28,39.87896629818096
2002-03-08,0.03,31.29,19.42,57.8,23.97,34.902108692669934
2002-03-09,0.02,32.12,17.9,59.12,24.15,37.086796440637386
2002-03-10,0.0,33.35,17.62,60.16,24.96,40.484832686071776
2002-03-11,0.04,34.79,18.8,60.59,26.3,44.707465068379946
2002-03-12,0.98,35.17,20.81,65.44,27.2,48.38787833809286
2002-03-13,0.43,34.62,23.01,67.1,27.83,47.41031097408821
2002-03-14,0.03,36.06,22.16,62.74,28.45,49.88942545207979
2002-03-15,0.0,35.62,23.52,63.45,28.84,48.807848868647525
2002-03-16,0.0,36.66,22.19,61.93,28.61,51.4675919042425
2002-03-17,0.0,37.77,22.27,60.78,28.97,54.66580949771943
2002-03-18,0.0,36.33,21.18,60.72,27.85,49.62103261020139
2002-03-19,0.0,35.66,20.72,59.95,27.23,47.038188344600634
2002-03-20,0.0,36.27,19.1,61.11,26.97,49.648155148402545
2002-03-21,0.0,36.73,19.92,60.38,27.38,50.75888144837725
2002-03-22,0.0,36.92,19.88,59.99,27.86,51.1640743619719
2002-03-23,0.45,37.22,22.42,62.09,28.88,53.555678178061676
2002-03-24,2.28,34.07,24.3,69.23,28.16,46.63383448380981
2002-03-25,0.89,35.84,24.24,65.42,28.98,50.701367958527726
2002-03-26,0.03,36.71,23.49,58.49,29.01,49.567356698193585
2002-03-27,0.0,36.42,21.66,62.26,28.61,50.83796716582205
2002-03-28,0.0,37.74,23.2,58.99,29.29,53.34817041902662
2002-03-29,0.0,36.63,22.58,61.36,28.76,51.01416435795971
2002-03-30,0.0,36.45,22.84,59.96,28.81,49.57555049949964
2002-03-31,0.0,38.15,22.33,55.41,29.17,52.38580158671826
2002-04-01,0.0,37.48,21.69,55.32,28.74,50.15498198579789
2002-04-02,0.0,36.71,23.53,58.58,28.96,49.620007060022054
2002-04-03,0.0,37.22,23.01,58.3,28.94,51.13000262344598
2002-04-04,0.03,37.23,23.53,57.28,29.32,50.5373554625241
2002-04-05,0.16,36.54,23.53,60.59,29.3,50.24519104362128
2002-04-06,0.05,35.95,24.8,65.2,29.06,50.96088884544141
2002-04-07,0.14,37.44,24.98,59.58,29.95,52.69043063609078
2002-04-08,0.01,37.34,24.93,58.53,29.67,51.6762711408288
2002-04-09,0.07,36.38,24.75,57.56,29.55,47.99141577289097
2002-04-10,0.0,37.84,24.69,52.12,30.0,49.35885236129977
2002-04-11,0.0,37.72,23.04,52.67,29.29,49.31987767137528
2002-04-12,0.0,38.24,23.18,53.77,29.59,51.6206464598663
2002-04-13,0.0,37.83,21.98,51.4,28.93,48.906526822499245
2002-04-14,0.68,37.39,20.56,56.01,29.11,50.2846930818091
2002-04-15,7.15,36.22,25.03,64.64,29.43,51.584453045175046
2002-04-16,0.91,36.9,24.05,62.61,29.24,52.74339804068243
2002-04-17,0.66,38.3,22.48,55.31,29.68,52.81900574109196
2002-04-18,6.96,37.31,24.29,65.55,29.46,56.261223812655444
2002-04-19,1.19,36.64,23.36,64.37,29.27,52.93390897404107
2002-04-20,0.07,36.28,24.53,61.32,29.65,49.80388592771515
2002-04-21,0.03,37.79,24.43,58.71,30.04,53.33644504420022
2002-04-22,0.24,37.08,23.35,57.05,29.63,49.9130028633325
2002-04-23,0.14,38.45,24.66,57.23,30.5,54.63700506914178
2002-04-24,0.21,38.02,24.44,52.25,30.47,49.98452904849222
2002-04-25,4.01,36.6,24.61,63.46,29.54,52.21038748980373
2002-04-26,0.24,34.15,22.72,63.36,27.91,44.08149462026504
2002-04-27,0.29,37.91,22.07,58.46,28.87,53.58789598466346
2002-04-28,5.3,36.24,24.69,67.56,28.88,53.49683431929129
2002-04-29,0.77,37.51,23.4,58.71,29.45,52.36911686689505
2002-04-30,0.87,37.96,22.34,55.86,29.5,52.04812667933758
2002-05-01,4.04,37.48,23.77,59.76,29.58,52.94717832616563
2002-05-02,1.09,37.2,23.75,61.32,29.6,52.97872343946272
2002-05-03,0.26,37.4,24.12,57.68,30.03,51.34412425551154
2002-05-04,2.95,36.33,23.36,61.72,29.28,50.207481476454475
2002-05-05,0.36,37.57,22.77,57.41,29.7,51.74119698625228
2002-05-06,0.25,38.83,23.47,57.29,30.27,56.029321427757786
2002-05-07,1.23,37.76,25.11,59.65,30.1,53.86037774337581
2002-05-08,0.15,38.27,24.92,57.62,30.48,54.27587638452059
2002-05-09,0.18,38.75,25.83,54.97,31.2,54.1051853147659
2002-05-10,0.77,37.52,25.98,60.73,30.58,53.730206248177296
2002-05-11,1.91,34.02,25.56,66.69,29.1,45.229723854331695
2002-05-12,1.04,34.03,25.46,68.26,29.11,46.019723506427646
2002-05-13,0.17,38.67,23.49,55.64,30.54,54.29560357008332
2002-05-14,1.84,38.56,24.98,58.83,30.8,56.16856726537828
2002-05-15,6.63,33.79,26.1,71.57,29.08,46.83776643159966
2002-05-16,4.9,33.73,24.85,67.18,28.54,44.53375875038947
2002-05-17,39.6,29.97,24.49,82.19,27.01,38.20280929578232
2002-05-18,3.93,31.27,24.43,77.45,27.32,40.85693470048449
2002-05-19,3.54,34.53,24.44,70.98,28.66,49.16934035038749
2002-05-20,10.89,28.49,24.52,85.6,26.22,34.43457126537799
2002-05-21,13.42,30.22,24.25,83.73,26.67,39.49555294333395
2002-05-22,11.88,31.35,24.34,81.87,27.22,42.785185046569815
2002-05-23,10.8,30.23,24.29,83.44,26.82,39.43791305367862
2002-05-24,12.62,28.92,24.54,87.31,26.29,36.154268933882776
2002-05-25,19.66,29.55,24.55,84.44,26.5,37.47881932972237
2002-05-26,19.16,28.85,24.02,86.96,25.76,35.84636083361239
2002-05-27,10.2,28.72,23.58,84.94,25.85,34.993246305629484
2002-05-28,30.42,30.28,23.15,83.12,26.16,39.50528883107636
2002-05-29,9.2,29.61,23.09,85.56,25.77,37.98420089131039
2002-05-30,13.22,30.01,22.91,85.83,25.97,39.42980566480631
2002-05-31,7.8,29.48,23.7,86.09,26.0,37.695249593677076
2002-06-01,12.48,29.42,23.6,86.7,25.94,37.65876114533246
2002-06-02,47.12,29.53,23.88,87.03,26.06,38.12315782490572
2002-06-03,30.52,29.39,23.44,87.41,26.09,37.74837190869037
2002-06-04,3.08,28.31,23.86,87.96,25.74,34.34643787185636
2002-06-05,22.64,28.97,23.56,87.62,25.9,36.391897305500535
2002-06-06,6.79,29.53,23.28,87.4,26.07,38.22652647901325
2002-06-07,15.3,28.81,23.97,89.17,25.94,36.224877588351525
2002-06-08,5.33,28.96,23.75,87.72,25.91,36.38281820379599
2002-06-09,15.68,30.63,23.66,82.33,26.61,40.43254027310601
2002-06-10,3.21,30.22,23.82,83.4,26.52,39.391591684547706
2002-06-11,5.12,30.42,24.24,81.09,27.54,39.32429626605123
2002-06-12,2.22,33.13,24.59,77.49,28.59,47.38977741606422
2002-06-13,1.12,30.41,25.32,82.24,27.44,39.65975030150321
2002-06-14,2.95,30.21,24.26,83.71,27.02,39.4553260011225
2002-06-15,2.78,31.25,24.31,79.34,27.51,41.478400358745745
2002-06-16,6.16,31.33,23.42,77.97,27.38,41.241976272878475
2002-06-17,3.2,30.83,24.02,80.55,27.4,40.49938026424515
2002-06-18,3.41,32.23,24.61,77.45,28.1,44.09969773879564
2002-06-19,5.16,31.09,24.33,81.99,27.5,41.906655279069724
2002-06-20,6.42,30.07,24.7,86.22,26.77,39.762254346912925
2002-06-21,3.78,27.73,24.23,91.3,25.58,33.107910278815176
2002-06-22,2.69,31.33,24.07,84.36,27.28,43.69735111948886
2002-06-23,4.93,31.51,24.85,85.37,27.54,44.8039430146729
2002-06-24,17.18,31.48,24.32,83.61,27.54,43.95764919787929
2002-06-25,6.88,31.33,24.94,83.81,27.39,43.477057538669236
2002-06-26,8.28,31.62,24.69,81.68,27.67,43.686635773865895
2002-06-27,6.47,33.04,24.64,79.02,28.29,47.80837667865681
2002-06-28,3.2,32.45,24.83,80.32,27.95,46.18065514148764
2002-06-29,21.66,31.87,24.49,80.65,27.79,44.17123328214754
2002-06-30,15.85,32.8,24.31,77.94,28.07,46.37621530551321
2002-07-01,8.68,30.11,25.25,86.7,27.21,40.05724512696929
2002-07-02,11.23,28.52,24.92,89.55,26.35,35.34296828749733
2002-07-03,8.39,30.34,24.46,86.03,26.94,40.66350051169482
2002-07-04,34.17,30.41,24.49,89.45,26.75,42.107457969056135
2002-07-05,19.57,28.67,24.17,91.91,26.23,36.376999461006896
2002-07-06,56.71,27.46,24.51,94.27,25.89,32.68168042893264
2002-07-07,96.46,27.41,24.49,94.36,25.94,32.52917750459215
2002-07-08,127.52,27.02,25.38,94.07,26.06,31.23458395086346
2002-07-09,129.89,28.07,25.39,92.82,26.35,34.48883795264996
2002-07-10,142.65,27.66,24.91,94.33,26.14,33.3599337264323
2002-07-11,87.84,28.65,24.89,93.25,26.5,36.615534764446075
2002-07-12,114.28,27.89,24.66,93.2,25.95,33.948025611607555
2002-07-13,34.39,26.56,24.45,94.57,25.3,29.858507166744793
2002-07-14,8.27,26.59,23.79,95.03,24.97,29.986615482552665
2002-07-15,9.4,26.93,23.46,92.76,24.82,30.816462134626263
2002-07-16,0.43,29.35,22.83,86.89,26.01,37.473821612542196
2002-07-17,0.17,29.58,23.56,88.19,26.23,38.625098107377504
2002-07-18,0.25,30.05,23.9,85.2,26.51,39.37349733353569
2002-07-19,3.78,30.66,24.2,83.44,26.85,40.9168534097469
2002-07-20,25.21,29.09,23.54,87.45,25.87,36.74794563654931
2002-07-21,35.75,28.56,24.16,92.16,25.81,36.04668683636138
2002-07-22,11.0,27.0,23.06,92.56,25.12,31.007546474166702
2002-07-23,11.52,27.95,23.54,91.04,25.39,33.7695951025727
2002-07-24,20.43,28.67,22.93,89.96,25.52,35.93353519582606
2002-07-25,39.67,27.24,23.4,93.17,25.03,31.821886902611773
2002-07-26,14.12,26.22,23.2,92.61,24.56,28.74117553028674
2002-07-27,10.78,28.12,23.15,91.25,25.37,34.36256123836209
2002-07-28,14.83,28.71,23.07,91.1,25.69,36.33028595189791
2002-07-29,4.04,28.05,23.44,90.78,25.48,34.047054630765395
2002-07-30,43.14,27.3,23.56,91.05,25.26,31.738701855031895
2002-07-31,47.11,26.61,24.0,93.86,25.09,29.953099691581492
2002-08-01,40.99,26.63,23.4,94.21,24.8,30.04207880024176
2002-08-02,26.4,26.96,23.41,93.07,24.96,30.940066298872157
2002-08-03,33.05,27.98,23.29,93.9,25.32,34.37998930368753
2002-08-04,35.17,27.37,23.88,94.58,25.32,32.427643074460356
2002-08-05,9.59,28.35,23.14,92.18,25.54,35.321006605085444
2002-08-06,1.05,28.48,23.6,91.31,25.64,35.58398408232645
2002-08-07,0.48,28.69,23.84,89.4,25.98,35.874998154366914
2002-08-08,2.2,28.19,23.71,89.72,25.65,34.30273845228563
2002-08-09,51.71,28.62,23.79,88.52,25.88,35.44978373053223
2002-08-10,16.3,29.1,23.72,88.01,26.09,36.92091940101404
2002-08-11,21.75,29.86,24.09,88.4,26.2,39.69060809176852
2002-08-12,26.14,28.75,23.48,90.18,26.11,36.25563523856572
2002-08-13,14.75,30.21,24.39,88.08,26.85,40.87410601177433
2002-08-14,4.28,27.94,24.46,93.05,25.83,34.090297001497134
2002-08-15,16.2,27.92,23.82,92.81,25.65,33.980611411825045
2002-08-16,4.41,27.72,23.81,93.63,25.3,33.44929813306922
2002-08-17,3.79,28.13,23.33,92.69,25.34,34.66858709531746
2002-08-18,12.69,27.83,23.58,93.37,25.35,33.77524376416694
2002-08-19,2.83,28.19,23.19,90.81,25.37,34.50990143234286
2002-08-20,5.45,27.37,23.53,90.42,25.02,31.868046647573774
2002-08-21,10.41,29.46,23.37,87.51,25.84,38.015606026044956
2002-08-22,4.07,30.32,23.63,85.25,26.49,40.332769914959144
2002-08-23,3.74,30.2,24.13,86.27,26.69,40.24038996395016
2002-08-24,1.72,29.6,23.92,87.51,26.2,38.500614648718425
2002-08-25,3.56,28.86,24.21,90.53,26.02,36.71778180689583
2002-08-26,2.86,28.14,24.14,91.6,25.87,34.49479746377194
2002-08-27,5.37,29.9,24.31,88.13,26.56,39.75212714904817
2002-08-28,12.76,30.37,24.72,86.93,27.09,41.07711060483237
2002-08-29,7.06,30.34,24.93,87.63,26.98,41.205444700496926
2002-08-30,2.33,29.57,24.01,86.0,26.38,37.97247082911608
2002-08-31,4.75,29.1,23.81,87.03,26.11,36.67710323063599
2002-09-01,1.92,30.26,23.45,79.32,26.13,38.269875634954275
2002-09-02,1.35,29.86,22.64,82.88,25.81,38.04796914467447
2002-09-03,7.82,28.7,23.41,87.92,25.68,35.57825921476199
2002-09-04,7.55,29.58,23.91,86.84,26.16,38.24139265776882
2002-09-05,6.84,28.06,23.07,88.98,25.26,33.75599018246866
2002-09-06,7.59,29.14,22.58,90.36,25.18,37.66055083070632
2002-09-07,23.89,27.22,23.39,91.81,25.01,31.590703083800083
2002-09-08,37.55,26.92,23.57,94.65,24.93,30.98136716628396
2002-09-09,33.04,27.05,23.47,94.4,24.91,31.36667960942211
2002-09-10,27.02,26.79,22.93,93.97,24.71,30.509045733706508
2002-09-11,22.65,26.61,22.99,93.51,24.62,29.9248090160878
2002-09-12,4.14,27.1,22.6,90.14,24.57,31.037859531401107
2002-09-13,1.07,27.91,23.01,86.78,25.01,32.9295830887562
2002-09-14,4.58,26.0,22.98,92.88,24.19,28.146162587727794
2002-09-15,12.78,28.73,22.27,87.28,25.25,35.53334976046875
2002-09-16,7.72,26.76,22.87,92.6,24.63,30.2920586518445
2002-09-17,21.75,27.33,23.07,91.61,24.94,31.902298386472385
2002-09-18,5.95,27.67,23.17,92.15,24.92,33.04961237475574
2002-09-19,4.26,28.17,23.43,91.26,25.32,34.529853206088184
2002-09-20,11.7,28.67,23.36,89.13,25.71,35.74807777280276
2002-09-21,10.38,29.11,23.45,85.56,26.01,36.34926166540949
2002-09-22,13.92,28.01,22.52,90.18,25.17,33.811145639242596
2002-09-23,6.89,27.18,23.54,91.11,24.92,31.38530554348352
2002-09-24,2.79,28.38,23.3,87.41,25.64,34.457087697464004
2002-09-25,12.44,29.68,23.94,83.08,26.36,37.526604969526815
2002-09-26,3.57,29.74,23.71,84.04,26.48,37.98775577350388
2002-09-27,7.89,31.06,24.33,83.43,27.02,42.33775064478497
2002-09-28,9.77,30.73,23.18,87.2,26.56,42.52094525967783
2002-09-29,14.49,30.26,23.47,86.61,26.42,40.56800775386743
2002-09-30,4.38,30.43,24.12,83.59,26.59,40.16853492319716
2002-10-01,3.03,29.71,23.06,85.84,26.22,38.40053889470691
2002-10-02,1.0,30.71,22.77,86.42,26.22,42.15850208692393
2002-10-03,3.17,30.22,23.32,85.4,26.35,40.029099160578326
2002-10-04,3.09,30.15,24.24,84.19,26.69,39.402061828137136
2002-10-05,3.01,29.07,23.36,86.58,25.69,36.468411155795756
2002-10-06,1.72,29.28,23.27,85.25,25.94,36.81775515331102
2002-10-07,8.5,28.67,22.86,89.61,25.6,35.85509004901238
2002-10-08,9.55,28.52,23.95,87.37,25.92,34.88632758627766
2002-10-09,20.86,29.26,24.31,83.4,26.3,36.29188037237263
2002-10-10,16.4,29.26,23.78,89.42,25.97,37.83706994728404
2002-10-11,25.17,29.13,23.47,89.62,25.92,37.43316568278183
2002-10-12,30.49,26.88,23.79,94.37,25.13,30.826868044123117
2002-10-13,9.36,27.04,23.35,93.44,25.04,31.22707171731715
2002-10-14,16.58,30.5,23.62,88.82,26.46,42.23054971087154
2002-10-15,11.78,30.65,23.93,86.28,26.56,41.884061562403495
2002-10-16,2.56,30.81,21.67,84.63,25.77,41.874952159497646
2002-10-17,0.35,30.65,23.55,81.47,26.66,40.20981126611457
2002-10-18,0.48,29.29,24.29,86.18,26.28,37.08847456338419
2002-10-19,5.45,28.99,24.92,86.16,26.49,36.109371864644686
2002-10-20,3.04,30.78,24.21,85.25,27.12,41.99113264119732
2002-10-21,0.06,31.5,24.57,81.15,27.53,43.039440344489066
2002-10-22,0.08,30.23,23.7,84.22,26.68,39.68512913674345
2002-10-23,0.61,30.79,23.45,82.0,26.83,40.866808203399714
2002-10-24,0.2,30.77,22.9,81.93,26.68,40.7738442940011
2002-10-25,0.06,31.49,23.05,79.78,26.91,42.46652154607248
2002-10-26,0.14,31.37,24.03,73.47,27.39,39.76932327331835
2002-10-27,1.92,29.88,22.85,83.69,25.84,38.34696941252175
2002-10-28,4.71,29.99,22.28,83.83,25.87,38.75264123436827
2002-10-29,0.43,29.25,23.84,85.62,25.94,36.8146359215511
2002-10-30,1.3,28.27,23.79,86.02,25.59,33.857291156863965
2002-10-31,0.91,28.72,23.92,83.68,25.86,34.72625680062634
2002-11-01,0.37,29.8,23.91,82.16,26.29,37.65282124580252
2002-11-02,3.31,30.26,23.28,84.11,26.41,39.752980747990506
2002-11-03,8.52,28.32,23.79,89.36,25.53,34.65147724109537
2002-11-04,4.75,28.24,22.39,84.56,24.91,33.502926767184135
2002-11-05,3.31,27.92,21.61,84.31,24.33,32.56197147922228
2002-11-06,2.92,28.42,22.66,87.49,24.78,34.597444698326235
2002-11-07,0.2,28.81,22.75,85.87,25.13,35.473381091510156
2002-11-08,11.7,29.41,23.5,85.94,25.85,37.42195445725227
2002-11-09,5.96,28.69,23.42,85.81,25.38,35.08759579041374
2002-11-10,2.89,29.26,22.74,86.63,25.42,37.10530487745384
2002-11-11,0.7,28.11,23.54,91.04,25.43,34.290473751255114
2002-11-12,0.34,30.58,23.5,81.09,26.77,39.85004140111992
2002-11-13,0.15,30.83,23.78,80.77,26.82,40.57532388937055
2002-11-14,0.05,30.92,22.13,83.77,26.05,41.95858849110319
2002-11-15,0.0,31.19,22.96,82.21,26.58,42.34362018808873
2002-11-16,0.96,31.09,24.35,82.34,27.12,42.03684455070157
2002-11-17,2.44,29.98,23.76,85.47,26.4,39.21503646474782
2002-11-18,1.46,29.38,22.02,88.92,25.28,38.12451964346387
2002-11-19,0.57,28.55,22.32,84.15,25.09,34.32308127975444
2002-11-20,1.1,29.61,23.49,83.85,26.09,37.51275222385905
2002-11-21,2.23,31.26,23.4,83.92,26.66,43.26013430372629
2002-11-22,4.25,29.52,23.27,83.16,26.03,37.04124734529083
2002-11-23,0.06,30.15,23.01,81.32,25.92,38.5226713850516
2002-11-24,0.39,29.29,22.2,80.34,25.2,35.64120141199724
2002-11-25,0.05,29.12,21.0,79.9,24.44,35.05495986736165
2002-11-26,0.18,28.56,21.09,80.67,23.86,33.671168334212595
2002-11-27,0.23,27.63,20.13,81.61,23.02,31.407184710945987
2002-11-28,0.33,28.59,19.1,82.46,23.26,34.102107398639745
2002-11-29,0.03,29.14,19.64,80.1,23.99,35.15655559670518
2002-11-30,0.0,29.62,21.2,76.11,24.94,35.54598701385256
2002-12-01,0.0,30.13,21.27,77.96,25.01,37.4796394217938
2002-12-02,0.85,30.52,20.99,84.04,25.18,40.63203722191196
2002-12-03,0.18,30.35,21.92,80.05,25.71,38.77339740086462
2002-12-04,0.03,30.84,21.55,78.41,25.75,39.80539012198292
2002-12-05,0.09,30.41,20.54,81.14,24.93,39.30755631754692
2002-12-06,0.1,30.41,21.29,80.76,25.19,39.187196261480466
2002-12-07,0.0,29.95,22.34,77.8,25.5,36.90671870753256
2002-12-08,0.01,30.02,19.77,72.15,24.6,35.61886746141776
2002-12-09,0.19,29.67,18.64,80.57,23.95,36.820031265065076
2002-12-10,0.26,28.8,20.43,79.06,23.71,33.99932850412011
2002-12-11,0.06,28.14,19.27,80.06,22.78,32.46169733076253
2002-12-12,0.01,28.95,19.46,77.99,23.98,34.17838150491424
2002-12-13,0.18,29.07,20.72,78.08,24.05,34.516764013501884
2002-12-14,0.54,28.89,19.92,80.22,23.6,34.48316354512311
2002-12-15,0.13,29.52,20.65,81.0,24.27,36.48086597840289
2002-12-16,0.43,29.86,20.7,81.15,24.85,37.55878876042095
2002-12-17,3.6,28.7,22.26,83.73,24.7,34.67780516303161
2002-12-18,2.38,29.7,21.38,84.86,24.86,38.0875806471049
2002-12-19,0.52,30.13,21.54,82.16,25.18,38.711158465430906
2002-12-20,13.46,29.96,20.74,84.54,24.63,38.86496135606271
2002-12-21,1.4,29.84,21.28,81.01,25.35,37.45785963428107
2002-12-22,0.01,30.92,22.62,80.59,25.93,40.81534747239982
2002-12-23,0.13,30.69,20.02,79.37,25.09,39.642859762772794
2002-12-24,0.34,30.18,21.54,80.58,25.5,38.39641166243088
2002-12-25,0.59,30.42,22.54,82.45,25.73,39.76121324257563
2002-12-26,3.16,30.24,22.1,85.02,25.41,39.976440077057276
2002-12-27,0.48,30.5,22.14,81.61,25.88,39.75524960807201
2002-12-28,0.03,30.01,22.6,82.07,25.39,38.29621532917467
2002-12-29,0.02,30.19,22.39,81.68,25.58,38.760303735064745
2002-12-30,1.57,29.09,22.19,85.9,25.21,36.36776675492097
2002-12-31,2.03,30.22,21.63,83.97,25.5,39.571465828597134
2003-01-01,1.4,28.96,19.75,76.79,23.48,33.956925544720384
2003-01-02,0.04,27.63,18.38,76.53,21.97,30.747793806766442
2003-01-03,0.01,28.16,16.83,74.57,22.31,31.646707434236507
2003-01-04,0.14,28.01,17.7,77.56,22.03,31.75313962364386
2003-01-05,0.35,27.77,18.9,75.95,22.41,30.980363788680613
2003-01-06,0.35,27.01,19.01,75.56,22.17,29.35350545538641
2003-01-07,1.25,29.01,19.89,82.37,23.57,35.295046452336166
2003-01-08,0.25,29.27,20.96,79.9,24.57,35.47986329241326
2003-01-09,0.11,30.8,20.25,79.47,24.76,40.03229983076028
2003-01-10,0.78,29.65,21.84,81.97,24.84,37.13122799911206
2003-01-11,0.28,30.54,21.64,80.12,25.09,39.403353815522124
2003-01-12,0.2,29.75,20.69,75.85,24.27,35.8348585767184
2003-01-13,0.12,29.84,19.38,75.98,23.97,36.114591879972146
2003-01-14,0.39,30.19,20.05,76.75,24.48,37.312796337518904
2003-01-15,0.5,29.67,20.25,77.74,23.89,36.088724239489224
2003-01-16,0.66,28.42,18.63,76.62,22.64,32.579839649832216
2003-01-17,0.85,28.03,17.69,77.64,21.79,31.81236410947999
2003-01-18,0.07,29.04,16.72,74.34,22.56,33.65957247483022
2003-01-19,0.07,29.38,19.33,73.87,23.63,34.401632954705974
2003-01-20,0.01,28.94,17.03,73.17,22.73,33.1896879710758
2003-01-21,0.19,28.83,18.59,73.66,22.8,33.02430374224227
2003-01-22,0.26,28.96,17.9,79.64,22.98,34.55308562541378
2003-01-23,0.03,27.73,19.08,76.59,22.22,30.976227421253522
2003-01-24,0.17,29.18,17.04,73.95,22.65,33.922583985597726
2003-01-25,0.02,29.72,17.69,74.47,22.76,35.413768894133696
2003-01-26,0.0,29.88,17.96,73.35,23.19,35.557186076834824
2003-01-27,0.0,29.63,18.57,72.95,23.13,34.82115054899853
2003-01-28,0.02,30.74,17.82,70.35,23.66,37.00915232431782
2003-01-29,0.01,29.12,17.94,71.2,22.37,33.22413637225129
2003-01-30,0.0,28.55,16.87,70.81,21.69,31.900407881545725
2003-01-31,0.0,30.03,16.57,70.31,22.57,35.186888966425876
2003-02-01,0.0,30.6,17.24,73.61,23.36,37.576673759898824
2003-02-02,0.0,30.2,18.77,72.43,23.96,36.159087245740274
2003-02-03,0.12,29.61,18.19,70.41,23.08,34.1973609870283
2003-02-04,0.05,29.42,18.01,70.78,23.01,33.831197457761
2003-02-05,0.09,29.71,18.03,69.48,23.15,34.22567512259686
2003-02-06,0.53,29.2,17.85,71.69,22.62,33.50620251381541
2003-02-07,0.18,30.03,17.7,73.36,23.01,35.953392317141336
2003-02-08,0.0,31.11,19.36,72.84,24.83,38.79280514290022
2003-02-09,0.02,32.2,21.86,72.28,25.93,41.87943636032833
2003-02-10,0.01,33.51,19.47,71.09,25.79,45.64008897824653
2003-02-11,4.2,33.28,20.83,75.27,26.21,46.850348701623574
2003-02-12,3.17,32.76,21.43,76.14,26.18,45.39260987575189
2003-02-13,0.51,31.87,21.18,74.81,25.24,41.81434801232099
2003-02-14,0.05,31.6,19.52,72.87,24.56,40.25213878599472
2003-02-15,0.0,31.77,19.31,71.67,24.7,40.333396043093806
2003-02-16,0.0,32.63,18.93,71.15,24.97,42.78003794970993
2003-02-17,0.0,32.91,19.28,71.08,25.36,43.64748333549213
2003-02-18,0.0,32.84,19.25,69.68,25.44,42.829128838787284
2003-02-19,0.21,32.43,20.36,68.41,25.55,41.07831621739198
2003-02-20,0.1,31.61,19.16,66.08,24.62,37.9969170465607
2003-02-21,0.34,31.18,19.63,69.94,24.55,38.06739704579554
2003-02-22,0.01,31.86,20.44,67.22,25.25,39.03558690765863
2003-02-23,0.0,32.03,20.17,69.08,25.32,40.16277413929374
2003-02-24,0.0,32.58,19.48,67.87,25.3,41.31113603388033
2003-02-25,0.0,32.37,20.04,66.29,25.26,40.114957934885396
2003-02-26,0.0,31.87,17.76,64.75,24.19,38.243407331143885
2003-02-27,0.02,32.55,17.95,66.94,24.64,40.86655016985017
2003-02-28,0.04,33.25,18.9,65.0,25.32,42.1247737126111
2003-03-01,0.0,33.06,19.91,64.29,25.64,41.29381529858202
2003-03-02,0.0,33.86,21.72,63.69,26.75,43.361807573581935
2003-03-03,0.0,33.64,19.46,64.39,26.05,43.01421320975855
2003-03-04,0.01,34.71,20.87,63.48,26.99,45.86444023118998
2003-03-05,0.21,35.45,22.14,64.98,28.04,49.08786237788234
2003-03-06,0.0,35.0,23.01,66.33,28.08,48.29263930673446
2003-03-07,0.0,34.77,22.85,64.7,27.93,46.66967907332164
2003-03-08,2.56,34.8,22.58,65.57,27.49,47.21631991429903
2003-03-09,0.1,32.61,20.35,60.71,25.31,38.77994965417491
2003-03-10,0.01,31.9,19.52,61.12,24.95,37.17801571233301
2003-03-11,0.25,31.38,19.19,62.08,24.31,36.238642231770164
2003-03-12,0.08,31.18,18.86,61.49,23.79,35.621972705017924
2003-03-13,0.12,31.95,17.63,63.04,23.93,37.896955592547506
2003-03-14,0.05,32.65,17.74,62.91,24.54,39.653160910923354
2003-03-15,0.22,33.85,19.81,64.55,26.16,43.71333999624511
2003-03-16,0.11,34.65,20.77,63.03,27.05,45.45573470692441
2003-03-17,0.02,34.97,21.62,60.91,27.23,45.402586522453
2003-03-18,0.0,36.42,21.19,58.28,27.95,48.51787977881731
2003-03-19,0.01,35.74,23.0,63.39,28.54,49.17799896094928
2003-03-20,0.87,34.72,23.65,66.76,28.29,47.57047556098156
2003-03-21,1.06,32.16,24.24,72.38,26.98,41.79314297641341
2003-03-22,1.47,33.66,22.91,69.9,27.33,45.578953533699874
2003-03-23,3.68,33.38,23.06,71.63,26.69,45.45420170779841
2003-03-24,0.12,35.65,21.72,65.65,27.77,50.16511597563411
2003-03-25,0.0,36.26,23.02,61.73,28.37,49.97662026067771
2003-03-26,0.03,36.02,21.84,60.37,28.11,48.40773668112815
2003-03-27,0.0,36.49,21.02,59.55,28.04,49.46850839165356
2003-03-28,0.0,36.49,22.83,60.97,28.61,50.30319647365149
2003-03-29,0.0,36.15,23.98,61.88,28.96,49.69367214411022
2003-03-30,0.04,36.84,22.87,59.29,28.96,50.46895902310741
2003-03-31,0.01,36.32,23.07,59.43,29.05,48.847624485339814
2003-04-01,0.0,35.56,23.83,61.03,28.67,47.294664895968204
2003-04-02,0.0,37.2,23.86,62.22,29.29,53.56930552593896
2003-04-03,0.03,36.2,24.19,65.93,28.98,52.31142801060716
2003-04-04,0.0,36.53,23.92,66.86,29.07,54.14522629684169
2003-04-05,0.03,36.79,23.33,66.27,28.89,54.74665430455796
2003-04-06,2.19,35.88,24.75,62.5,29.22,49.14409399776199
2003-04-07,2.97,35.17,23.76,66.35,28.66,48.88783397821485
2003-04-08,4.46,35.93,25.14,62.12,29.5,49.09539862079545
2003-04-09,0.0,37.63,24.05,55.81,29.91,50.935805823939596
2003-04-10,0.0,38.03,23.45,57.91,29.83,53.636010846849935
2003-04-11,0.0,37.69,24.35,57.52,29.96,52.21458810304033
2003-04-12,0.0,38.05,24.25,57.17,30.07,53.20926854701978
2003-04-13,0.08,37.68,24.34,56.18,30.01,51.32946081932621
2003-04-14,0.03,37.46,24.32,56.78,29.94,50.98264858564143
2003-04-15,0.0,38.46,24.77,53.19,30.6,51.954700729629266
2003-04-16,0.03,38.41,23.77,55.27,30.23,53.16052116564296
2003-04-17,0.0,38.83,24.79,54.58,30.74,54.10700547501719
2003-04-18,0.08,38.13,22.78,53.14,29.99,50.87302262950348
2003-04-19,0.2,37.95,24.62,55.14,30.11,51.55498260739533
2003-04-20,0.29,36.85,25.29,57.64,30.01,49.521904658308166
2003-04-21,1.06,37.49,25.5,61.7,30.25,54.27459218475955
2003-04-22,1.57,37.04,25.49,63.08,30.23,53.55543077106391
2003-04-23,0.81,37.42,25.06,60.13,30.52,52.97901159154281
2003-04-24,0.95,34.52,25.8,65.07,29.51,46.04818181014875
2003-04-25,5.76,32.31,25.51,70.24,28.38,41.42389256795052
2003-04-26,1.11,37.44,24.35,62.89,29.68,54.90224423482488
2003-04-27,0.23,37.15,22.65,57.35,29.52,50.31910326219537
2003-04-28,0.16,36.92,23.98,60.58,29.63,51.52930638406926
2003-04-29,0.01,36.61,23.48,56.71,29.66,48.23320415069688
2003-04-30,0.0,37.29,24.55,58.04,30.12,51.20213725775242
2003-05-01,0.32,37.6,25.76,56.75,30.4,51.4242958569595
2003-05-02,5.82,36.69,26.05,61.88,30.21,51.54103972198983
2003-05-03,2.52,35.31,25.45,69.3,29.28,51.07854819890843
2003-05-04,6.32,31.14,25.09,78.58,27.47,40.83655384254951
2003-05-05,0.21,35.92,25.08,67.21,29.72,52.07511939808512
2003-05-06,0.37,35.77,25.18,61.43,30.04,48.184364485527354
2003-05-07,0.79,38.11,25.82,59.91,30.87,55.297868270839594
2003-05-08,0.98,38.72,25.94,59.64,31.26,57.357633645164206
2003-05-09,0.28,39.56,25.29,55.44,31.6,57.279957100870746
2003-05-10,3.05,36.18,26.15,65.56,29.99,52.00784931592208
2003-05-11,2.99,31.68,25.52,74.72,28.12,41.172964029705255
2003-05-12,0.73,38.3,24.13,63.18,30.35,58.407954018868345
2003-05-13,1.14,38.53,24.72,58.88,30.75,56.09515114004259
2003-05-14,0.61,38.14,25.11,58.15,30.75,54.183470922390335
2003-05-15,13.9,36.89,25.99,64.0,30.3,53.61088311404782
2003-05-16,5.15,33.15,25.2,77.56,28.22,47.499839613840514
2003-05-17,0.96,34.03,25.29,73.61,28.84,48.754729808808996
2003-05-18,3.74,34.11,24.61,71.3,28.71,47.82870983954711
2003-05-19,3.79,33.39,25.64,76.48,28.84,47.86028342578075
2003-05-20,4.04,37.48,25.43,67.87,30.13,58.63090713724435
2003-05-21,4.53,36.28,24.61,67.98,29.69,53.922506030144376
2003-05-22,17.19,31.05,24.87,83.65,27.27,42.384351173975055
2003-05-23,7.69,32.81,24.36,79.76,27.72,47.28821723354823
2003-05-24,12.27,32.24,24.47,80.4,27.87,45.427624857230455
2003-05-25,18.54,30.01,24.63,88.85,26.63,40.38370972395554
2003-05-26,44.99,27.69,24.65,90.82,26.01,32.906442230528356
2003-05-27,159.19,27.16,24.7,93.66,25.6,31.62936900796769
2003-05-28,78.05,26.96,24.43,94.71,25.63,31.114508943482576
2003-05-29,22.45,28.17,24.29,89.46,26.04,34.189979558924605
2003-05-30,15.65,27.83,24.39,91.96,25.7,33.537373577441485
2003-05-31,13.6,27.64,23.89,92.6,25.5,33.02244838747589
2003-06-01,18.62,27.33,23.95,93.72,25.52,32.18049134795836
2003-06-02,26.24,27.75,23.73,92.4,25.7,33.348877298682865
2003-06-03,12.68,28.93,23.44,88.57,26.0,36.48644018862856
2003-06-04,5.73,29.96,23.56,87.13,26.24,39.656908293464504
2003-06-05,0.87,29.51,23.92,83.96,26.27,37.22120175286514
2003-06-06,0.43,31.4,23.21,79.91,26.85,42.204698505011756
2003-06-07,0.13,31.19,22.93,81.12,26.53,41.93304960116817
2003-06-08,0.03,29.99,23.49,83.28,26.29,38.588535705877604
2003-06-09,0.01,30.83,22.87,83.35,26.43,41.4842588280127
2003-06-10,0.0,31.63,22.3,79.21,26.66,42.72946233656416
2003-06-11,0.0,31.27,22.65,76.31,26.58,40.45087082317454
2003-06-12,0.0,31.56,22.59,78.82,26.71,42.33550077765548
2003-06-13,1.96,30.7,23.75,78.76,27.03,39.4749637294525
2003-06-14,3.67,31.8,23.82,80.96,27.3,44.04602475712967
2003-06-15,11.83,30.29,24.27,85.15,26.6,40.19407135729365
2003-06-16,52.28,27.55,24.33,91.93,25.35,32.633015154380594
2003-06-17,97.68,27.02,23.44,92.89,24.95,31.104432116981847
2003-06-18,27.07,28.31,22.79,88.54,25.22,34.458868173444706
2003-06-19,15.69,27.44,22.78,88.13,24.82,31.7707422437169
2003-06-20,2.14,28.85,22.67,86.53,25.65,35.74821124615956
2003-06-21,9.4,30.5,23.74,85.22,26.52,40.963821604543504
2003-06-22,2.89,30.28,23.87,81.62,26.84,39.03428713439925
2003-06-23,3.78,30.25,23.29,86.33,26.34,40.43935244126524
2003-06-24,0.93,29.97,22.98,83.42,26.33,38.56416744759441
2003-06-25,8.88,28.34,23.84,85.96,25.97,34.05471975244938
2003-06-26,7.98,27.58,22.89,90.19,25.01,32.471655768743176
2003-06-27,18.06,28.61,22.9,85.72,25.42,34.8229703898295
2003-06-28,0.86,30.01,23.54,83.76,26.44,38.79831064067339
2003-06-29,2.91,31.72,24.33,81.23,27.17,43.86647937696428
2003-06-30,4.09,29.19,23.45,86.14,25.9,36.75061902349858
2003-07-01,2.24,31.07,23.27,79.91,26.85,41.07910078528792
2003-07-02,10.4,31.66,24.04,79.7,27.53,43.02909001647155
2003-07-03,11.33,29.3,24.22,84.66,26.41,36.73215180055505
2003-07-04,14.11,29.59,22.66,79.11,25.81,36.20659592098301
2003-07-05,10.35,30.0,21.57,79.86,25.83,37.627311217930966
2003-07-06,2.29,31.14,24.19,79.56,27.18,41.188381478377536
2003-07-07,2.97,31.48,24.45,77.56,27.47,41.58581656026484
2003-07-08,4.33,31.16,24.36,73.97,27.53,39.310457449754594
2003-07-09,6.9,28.81,24.03,85.71,26.32,35.437776713363206
2003-07-10,1.75,29.34,23.53,87.47,26.09,37.594030379314574
2003-07-11,0.48,29.98,23.73,86.53,26.7,39.54146175217194
2003-07-12,2.75,30.75,24.6,83.03,27.18,41.08883714827559
2003-07-13,2.33,30.81,23.58,83.68,26.84,41.531598415491985
2003-07-14,9.56,31.93,23.79,82.46,27.51,45.17156928261303
2003-07-15,8.62,30.96,24.56,84.35,27.41,42.318883724467305
2003-07-16,6.86,32.34,25.0,81.69,28.06,46.39527165050728
2003-07-17,4.1,32.41,24.51,77.82,28.11,44.8996143390527
2003-07-18,5.04,29.87,24.88,85.98,27.07,38.989664966169734
2003-07-19,14.75,30.05,23.89,85.9,26.61,39.591360550044016
2003-07-20,2.79,29.29,24.01,87.59,26.35,37.45580021683401
2003-07-21,15.72,29.86,23.22,86.39,26.27,39.07805526905163
2003-07-22,171.61,27.63,24.93,93.47,26.27,33.12444736707221
2003-07-23,63.06,27.2,24.38,93.5,25.6,31.736537936917713
2003-07-24,0.64,29.72,23.4,85.15,26.3,38.23666408120222
2003-07-25,19.19,31.31,24.11,82.52,27.37,42.89443357643691
2003-07-26,7.27,30.8,24.75,84.62,27.25,41.83497486458347
2003-07-27,18.75,29.07,24.16,87.26,26.33,36.63476343360248
2003-07-28,2.11,29.14,23.56,88.4,26.1,37.1549809385139
2003-07-29,4.48,29.19,23.46,86.52,26.21,36.846128061248145
2003-07-30,8.17,29.19,23.96,87.5,26.21,37.09470564942403
2003-07-31,2.65,28.94,24.13,88.09,26.18,36.40498200803154
2003-08-01,16.26,29.81,23.78,85.38,26.52,38.60649611029038
2003-08-02,9.54,29.44,24.03,86.44,26.38,37.65594609188073
2003-08-03,19.41,28.52,23.88,91.65,25.6,35.79500085415235
2003-08-04,12.12,28.7,23.79,90.55,25.76,36.16938654413169
2003-08-05,30.24,27.54,23.82,93.56,25.58,32.84156664212047
2003-08-06,81.26,27.41,24.59,94.77,25.81,32.58682832996877
2003-08-07,82.57,26.91,24.08,94.36,25.37,30.91980496235337
2003-08-08,28.95,28.69,24.2,88.19,26.05,35.60545873216948
2003-08-09,45.98,28.14,23.64,89.47,25.54,34.09642377071709
2003-08-10,5.12,27.9,23.07,88.3,25.12,33.14880164463986
2003-08-11,25.13,28.27,22.61,90.23,25.11,34.660088448693585
2003-08-12,5.13,30.02,22.51,87.37,26.29,39.94743016678048
2003-08-13,4.93,30.11,23.98,86.6,26.71,40.02519894442177
2003-08-14,8.19,27.08,23.43,92.91,25.18,31.291218228404496
2003-08-15,39.11,27.31,23.9,94.04,25.33,32.1582960161827
2003-08-16,12.91,26.54,23.04,93.9,24.77,29.746822363060986
2003-08-17,25.15,26.61,22.86,93.44,24.57,29.919160973330424
2003-08-18,29.86,26.21,23.43,94.91,24.58,28.833791623719875
2003-08-19,45.99,26.83,23.44,95.17,24.83,30.74907253214737
2003-08-20,20.56,26.82,23.42,95.21,25.11,30.721284830803143
2003-08-21,4.39,27.88,23.24,91.3,25.31,33.58831791837601
2003-08-22,133.59,26.07,23.82,94.87,24.75,28.422946357121265
2003-08-23,94.92,26.4,23.5,94.8,24.77,29.39212015701823
2003-08-24,8.87,27.11,23.21,93.3,24.79,31.42935268211043
2003-08-25,4.03,29.1,22.45,85.75,25.96,36.363430632956785
2003-08-26,15.47,28.63,23.89,90.37,25.82,35.88975939830233
2003-08-27,1.33,31.04,23.49,86.13,26.8,43.29705949253447
2003-08-28,28.34,29.46,23.82,89.66,26.32,38.61594914129424
2003-08-29,15.01,27.4,24.23,92.69,25.69,32.26527020586424
2003-08-30,6.53,26.33,23.74,94.23,24.81,29.148033343808606
2003-08-31,3.73,27.71,23.37,91.83,25.24,33.12800449742923
2003-09-01,20.94,27.93,23.69,92.98,25.31,34.044171442571695
2003-09-02,39.35,27.2,22.79,93.02,24.52,31.677415661250418
2003-09-03,12.16,26.83,21.98,93.0,24.23,30.538430059020747
2003-09-04,8.05,26.88,22.64,92.48,24.55,30.637724268958884
2003-09-05,13.49,27.81,22.8,91.7,24.93,33.42920497283282
2003-09-06,13.09,27.24,23.39,91.89,25.08,31.661746592562434
2003-09-07,4.42,29.78,23.74,88.84,26.15,39.5345257195638
2003-09-08,3.04,29.1,22.92,90.1,25.79,37.451499466273404
2003-09-09,2.85,26.46,23.85,94.12,25.02,29.524799552700106
2003-09-10,20.41,27.95,23.45,92.71,25.36,34.063512789156825
2003-09-11,11.73,27.5,23.49,92.48,25.18,32.55401716850445
2003-09-12,21.2,27.42,23.41,93.29,25.08,32.41217042981467
2003-09-13,13.6,27.04,22.9,93.02,24.66,31.18025455105332
2003-09-14,1.69,29.11,22.15,88.82,25.49,37.159139950580325
2003-09-15,1.7,30.82,22.94,85.45,26.54,42.21198757824478
2003-09-16,5.79,30.76,24.13,82.1,26.9,40.79860193896046
2003-09-17,13.95,30.5,23.64,83.54,26.64,40.39370064883533
2003-09-18,47.26,26.89,22.97,92.79,25.07,30.69865306380575
2003-09-19,27.12,28.21,22.93,89.58,25.29,34.34039040339985
2003-09-20,8.84,28.97,23.61,89.4,25.87,36.823467348017886
2003-09-21,1.16,28.81,23.55,89.69,25.75,36.34627989768372
2003-09-22,7.08,28.8,23.54,89.32,25.87,36.22607785008167
2003-09-23,6.91,28.26,23.7,90.01,25.57,34.58451920403207
2003-09-24,4.34,28.87,24.02,88.7,26.11,36.3161769840725
2003-09-25,9.23,29.04,24.28,89.78,26.03,37.1598538404518
2003-09-26,11.81,30.72,24.5,86.77,26.9,42.32431868888875
2003-09-27,19.89,28.49,24.12,90.72,25.96,35.49185498593507
2003-09-28,35.43,28.13,24.33,91.53,25.76,34.44828697767736
2003-09-29,3.22,29.4,22.98,88.26,25.72,38.01372907828405
2003-09-30,0.03,30.61,21.24,80.74,25.36,39.833674353704865
2003-10-01,0.18,31.13,19.12,79.93,25.21,41.28871899316061
2003-10-02,5.11,31.07,20.63,81.3,25.81,41.58255684276522
2003-10-03,0.32,31.14,21.65,76.35,26.19,40.05524042364928
2003-10-04,0.16,31.52,22.69,78.86,26.46,42.21417693928714
2003-10-05,0.81,29.67,23.65,85.15,26.3,38.06961322350294
2003-10-06,8.52,29.28,22.98,89.81,25.92,38.012640762467214
2003-10-07,2.58,28.56,24.04,86.4,26.37,34.81052508730474
2003-10-08,0.08,29.75,24.3,85.8,26.86,38.52500631853124
2003-10-09,0.05,29.77,24.33,84.47,26.63,38.20886059701867
2003-10-10,4.86,31.2,24.85,83.12,27.27,42.72769815271544
2003-10-11,18.69,31.78,23.79,79.75,27.31,43.473473822719285
2003-10-12,3.89,29.64,24.28,86.14,26.55,38.24841529020651
2003-10-13,3.45,28.7,24.39,87.17,26.22,35.413350913620285
2003-10-14,2.8,31.89,23.69,80.59,27.35,44.21884436277211
2003-10-15,18.44,31.38,24.42,81.81,27.19,42.86944158796419
2003-10-16,29.88,31.08,23.8,83.82,26.55,42.55801735721279
2003-10-17,8.98,30.35,23.0,83.67,26.03,39.91978606110873
2003-10-18,8.87,29.96,22.23,80.54,25.32,37.69709475818237
2003-10-19,0.47,29.6,22.28,80.24,25.29,36.52454407385201
2003-10-20,0.22,29.74,22.02,82.81,25.33,37.64336665443209
2003-10-21,0.17,29.33,22.42,80.67,25.48,35.83645064113626
2003-10-22,0.06,29.68,22.27,80.48,25.46,36.82637083217135
2003-10-23,0.01,29.87,20.52,78.78,24.67,36.937969228359016
2003-10-24,0.06,29.62,19.1,78.53,24.04,36.146271412957496
2003-10-25,0.03,29.19,20.47,77.32,24.34,34.67169074484063
2003-10-26,0.03,29.58,19.23,79.11,24.15,36.17768960634997
2003-10-27,0.58,29.82,20.46,80.82,24.64,37.34374826268069
2003-10-28,0.09,30.49,21.5,79.05,25.23,38.90421140117074
2003-10-29,0.03,30.14,20.42,79.66,24.57,37.99966361593022
2003-10-30,0.03,30.91,20.34,76.33,25.57,39.33494638146077
2003-10-31,3.19,31.15,22.87,82.13,26.23,42.171072784142474
2003-11-01,5.86,28.47,23.37,87.65,25.53,34.7864627798563
2003-11-02,2.34,28.77,22.32,88.97,25.14,36.04467705938757
2003-11-03,0.26,30.23,22.08,86.47,25.41,40.413471887551864
2003-11-04,0.31,30.46,22.34,82.51,25.86,39.91549859690558
2003-11-05,0.02,30.61,22.86,79.54,25.95,39.44128659139798
2003-11-06,2.65,30.6,23.14,81.16,26.11,39.939449851523
2003-11-07,1.52,29.46,22.96,83.27,25.34,36.88148340951986
2003-11-08,2.05,31.39,22.42,78.97,26.31,41.8139095458813
2003-11-09,2.42,31.28,22.54,80.29,26.44,41.934202145548376
2003-11-10,0.39,30.99,22.65,81.64,26.15,41.42901408160544
2003-11-11,0.16,31.38,22.58,81.29,26.36,42.66658296477228
2003-11-12,0.6,31.25,22.39,82.58,26.15,42.70063380085591
2003-11-13,0.72,30.04,22.93,80.46,25.63,37.922333812114296
2003-11-14,16.38,26.61,22.27,84.4,24.33,29.21802695917042
2003-11-15,12.84,27.76,24.23,89.79,25.62,32.962643479691465
2003-11-16,7.59,28.81,23.89,88.93,25.73,36.169119819699745
2003-11-17,7.65,28.73,23.34,90.38,25.45,36.23329785537416
2003-11-18,0.16,30.83,21.98,81.75,25.96,40.916601087946134
2003-11-19,0.03,31.25,22.63,78.8,26.36,41.28030349306964
2003-11-20,0.08,30.35,23.26,81.89,26.06,39.34858077236334
2003-11-21,0.42,30.64,23.52,84.28,26.44,41.138556597924065
2003-11-22,8.79,30.27,23.91,82.15,26.53,39.166582873116084
2003-11-23,0.31,29.21,23.19,84.17,25.53,36.32581516861357
2003-11-24,0.2,31.1,22.22,84.56,26.02,42.91499388327717
2003-11-25,0.13,31.02,23.14,80.4,26.24,41.08579026020149
2003-11-26,1.78,29.89,23.39,79.18,26.0,37.105941071116064
2003-11-27,0.84,30.41,22.57,77.86,25.75,38.29076384733266
2003-11-28,0.24,29.56,21.61,76.17,25.16,35.39845513366408
2003-11-29,0.0,29.13,20.64,75.97,24.24,34.22239776590964
2003-11-30,0.0,27.77,19.11,76.54,22.98,31.058686125958623
2003-12-01,0.0,27.15,18.74,78.46,22.68,29.91918127868858
2003-12-02,0.02,27.41,18.75,75.5,22.57,30.156662642677418
2003-12-03,0.04,27.79,17.97,79.82,22.21,31.554821707958638
2003-12-04,0.42,27.86,17.77,81.18,21.89,31.924802400377725
2003-12-05,0.15,28.39,17.96,79.58,22.4,33.02115514735553
2003-12-06,3.2,29.23,19.42,82.91,23.63,36.080166950193984
2003-12-07,0.38,27.8,19.56,80.61,22.67,31.69147493483372
2003-12-08,0.83,27.96,19.65,80.58,22.95,32.08755603291544
2003-12-09,0.4,29.72,20.61,81.26,24.33,37.15638967583513
2003-12-10,0.66,30.37,22.21,81.69,25.26,39.351073604446604
2003-12-11,0.18,30.6,21.38,80.37,25.38,39.67929410383818
2003-12-12,0.32,30.73,21.15,80.74,25.39,40.23083888328763
2003-12-13,2.68,28.8,22.87,82.56,25.01,34.72351317118196
2003-12-14,1.61,28.39,22.2,82.25,24.7,33.50370193968321
2003-12-15,0.19,25.79,19.34,78.7,22.5,27.231388020679056
2003-12-16,0.01,26.92,18.26,76.37,21.62,29.24623573747232
2003-12-17,0.12,28.96,17.53,77.07,22.76,34.014358447887595
2003-12-18,0.01,29.64,19.56,77.2,23.94,35.86915432966941
2003-12-19,0.12,27.55,19.44,77.32,22.82,30.66922883588581
2003-12-20,0.24,26.15,18.18,75.94,21.27,27.774919503791196
2003-12-21,0.06,24.9,17.37,75.77,19.96,25.78973254422202
2003-12-22,0.06,27.14,16.46,78.32,20.95,29.883468604723564
2003-12-23,0.01,27.55,17.62,78.09,21.61,30.763745433390365
2003-12-24,0.01,26.11,17.3,81.88,21.39,27.960776981015247
2003-12-25,0.02,28.28,16.84,76.79,22.26,32.27256146685609
2003-12-26,0.01,28.49,17.82,73.38,22.89,32.19424280369189
2003-12-27,0.1,26.28,18.33,75.0,21.69,27.957724990861596
2003-12-28,0.03,26.41,17.61,74.03,20.73,28.131222683535505
2003-12-29,0.05,28.29,17.31,76.89,21.75,32.31284878518456
2003-12-30,0.11,29.16,17.95,77.51,23.14,34.6334832649409
2003-12-31,0.59,29.51,19.71,80.53,24.17,36.33158750137018
2004-01-01,0.06,30.08,20.35,80.21,24.55,37.97423128477324
2004-01-02,0.03,29.89,20.49,77.49,24.63,36.65013626886392
2004-01-03,0.05,30.49,19.29,76.99,24.28,38.268622730963585
2004-01-04,0.02,30.63,19.54,76.42,24.34,38.513725140682254
2004-01-05,0.56,30.44,18.08,78.95,23.82,38.71657157233409
2004-01-06,0.28,30.97,20.91,76.57,25.17,39.5996640168248
2004-01-07,3.38,29.83,21.24,79.19,24.75,36.93028584831153
2004-01-08,21.31,29.44,20.82,80.81,24.06,36.19446545965253
2004-01-09,1.68,28.58,18.49,78.11,22.65,33.24214141527071
2004-01-10,0.05,29.12,17.06,74.95,22.81,33.98241270754713
2004-01-11,0.02,29.07,19.2,76.32,23.66,34.1422234542459
2004-01-12,0.01,29.2,19.96,76.82,24.07,34.58811379677066
2004-01-13,0.05,29.52,21.18,77.82,24.45,35.68760282594226
2004-01-14,0.3,30.23,20.15,78.44,24.43,37.91771113289891
2004-01-15,0.08,30.16,20.0,79.54,24.15,38.026203847897186
2004-01-16,0.0,31.19,19.41,77.18,24.82,40.50282754370338
2004-01-17,0.25,30.86,21.37,75.11,25.62,38.788746043872315
2004-01-18,0.45,31.13,20.78,76.46,25.26,40.0617476143905
2004-01-19,0.11,30.34,20.71,78.98,24.52,38.41510773012945
2004-01-20,0.08,30.75,20.68,74.09,25.2,38.14764458596358
2004-01-21,0.3,29.87,21.44,75.28,24.79,36.017342502256476
2004-01-22,0.18,29.32,19.8,73.06,23.67,34.07741662051405
2004-01-23,0.25,30.2,18.9,74.9,24.03,36.82520417637041
2004-01-24,0.06,30.59,20.6,73.74,24.62,37.58686019032509
2004-01-25,0.07,28.59,18.28,69.93,22.58,31.840685774315325
2004-01-26,0.02,28.6,18.22,71.53,22.51,32.126850708704325
2004-01-27,0.01,30.38,19.13,74.41,24.08,37.1910395294328
2004-01-28,0.2,31.23,20.61,74.75,25.05,39.78459877783569
2004-01-29,0.01,31.0,21.06,75.62,25.3,39.376067403986276
2004-01-30,0.02,31.8,22.05,77.57,25.78,42.663537494977255
2004-01-31,0.09,32.05,20.97,74.01,25.79,42.082513754333355
2004-02-01,0.64,31.72,21.19,74.52,25.64,41.2250434806304
2004-02-02,0.05,31.95,20.46,75.78,25.37,42.45561636022435
2004-02-03,0.02,32.77,21.64,71.16,26.11,43.23067151606422
2004-02-04,0.07,32.44,22.24,73.44,26.33,43.118636612260175
2004-02-05,0.33,31.07,21.85,77.81,25.41,40.33795943078533
2004-02-06,2.44,30.18,22.47,77.9,25.5,37.611060214743915
2004-02-07,1.57,29.64,22.22,77.42,25.06,35.924000111037465
2004-02-08,24.3,29.8,21.78,82.05,24.87,37.622137979772496
2004-02-09,5.89,30.23,21.25,79.89,24.96,38.34707837523001
2004-02-10,0.6,31.23,19.65,74.8,24.64,39.80169382572319
2004-02-11,0.29,31.19,20.53,72.38,24.86,38.87443556909918
2004-02-12,1.51,30.8,19.99,73.5,24.43,38.1099777373178
2004-02-13,0.17,29.53,19.73,74.11,23.9,34.83548806257139
2004-02-14,0.01,30.27,20.06,71.16,24.4,36.00655939181031
2004-02-15,0.02,30.53,19.18,68.4,24.06,35.9333411312584
2004-02-16,0.11,28.78,17.2,66.0,22.45,31.58240776040963
2004-02-17,0.04,29.14,15.14,66.89,21.6,32.45143764050333
2004-02-18,0.11,30.22,16.68,70.26,22.92,35.646269250070574
2004-02-19,0.01,31.29,17.9,71.55,24.14,38.889897460305185
2004-02-20,0.07,33.32,19.46,70.22,25.73,44.60185767660264
2004-02-21,5.65,30.69,22.52,79.52,25.97,39.69224067974508
2004-02-22,2.76,31.54,22.33,78.77,26.23,42.2477788756826
2004-02-23,23.55,31.7,22.54,81.2,26.11,43.7812439651361
2004-02-24,9.74,28.03,21.81,87.12,24.57,33.33985077467508
2004-02-25,0.87,30.88,23.12,80.84,26.11,40.768027798233724
2004-02-26,2.03,32.52,21.9,76.84,26.22,44.856325396135546
2004-02-27,0.75,32.09,20.91,71.12,25.5,41.093499828565776
2004-02-28,0.02,31.88,19.42,68.98,24.88,39.69789970364421
2004-02-29,0.02,32.65,19.95,71.37,26.0,42.93509121415204
2004-03-01,0.05,33.45,21.79,75.11,27.25,47.39165897941319
2004-03-02,1.85,32.9,23.17,76.84,27.01,46.223007341232645
2004-03-03,0.04,32.31,21.88,73.63,26.33,42.77202356944482
2004-03-04,0.03,32.37,20.53,71.57,25.61,42.131359412609235
2004-03-05,0.01,32.81,21.54,67.38,26.33,41.79698809938986
2004-03-06,0.02,33.46,21.26,66.39,26.77,43.339693712589636
2004-03-07,0.16,33.94,21.72,67.45,26.17,45.333491500867105
2004-03-08,0.09,30.87,20.34,63.67,24.47,35.495871316178885
2004-03-09,0.03,32.53,18.72,66.53,25.07,40.65435755347341
2004-03-10,0.13,33.71,19.37,67.63,25.87,44.67743495721108
2004-03-11,0.02,34.05,20.5,67.46,26.43,45.69631219235092
2004-03-12,0.0,34.5,21.87,67.46,26.85,47.1914814428008
2004-03-13,0.02,34.73,21.93,64.73,26.94,46.55521259618136
2004-03-14,0.14,34.24,21.61,65.41,26.82,45.31995842446088
2004-03-15,0.02,34.74,21.26,66.3,27.23,47.39686022880883
2004-03-16,0.27,33.74,20.97,64.11,26.8,43.189479908405346
2004-03-17,0.35,34.38,22.58,65.15,27.38,45.6393931511831
2004-03-18,0.29,34.56,22.19,64.19,27.42,45.74120607356235
2004-03-19,0.0,34.76,20.86,60.66,26.79,44.651451770010304
2004-03-20,0.04,33.66,20.57,66.26,26.9,43.89705854782916
2004-03-21,0.16,34.89,23.76,66.24,28.21,47.870365617713624
2004-03-22,0.48,33.57,24.23,73.21,27.94,46.87758725499171
2004-03-23,0.04,35.43,23.98,70.84,28.67,52.46201219709724
2004-03-24,2.54,34.47,24.17,69.96,28.22,48.40104898548665
2004-03-25,0.09,35.37,23.17,65.28,27.9,48.98160931763774
2004-03-26,0.0,34.87,21.73,67.36,27.64,48.40326255511088
2004-03-27,0.0,36.37,22.69,65.88,28.81,52.9068780687651
2004-03-28,0.0,35.55,24.02,64.36,28.91,49.08112015173401
2004-03-29,0.0,36.26,23.54,63.7,29.11,51.15253284331427
2004-03-30,0.0,36.12,24.87,60.41,29.31,48.753953326853406
2004-03-31,0.0,36.02,24.06,61.23,29.23,48.88950047126482
2004-04-01,0.0,36.89,24.03,60.66,29.32,51.475960920202034
2004-04-02,0.0,37.34,24.08,60.58,29.4,52.991633143789535
2004-04-03,1.91,36.54,23.83,59.85,29.33,49.80788801887495
2004-04-04,5.2,35.87,23.8,64.87,28.64,50.48171295653705
2004-04-05,0.35,35.33,22.93,65.83,28.37,49.15144263810146
2004-04-06,0.7,33.67,24.72,67.88,28.2,44.664756603195514
2004-04-07,0.61,33.67,24.99,66.59,28.4,44.07640458799768
2004-04-08,0.75,34.97,24.51,64.8,28.73,47.37617721918101
2004-04-09,1.51,34.56,24.43,69.26,28.16,48.34448195830879
2004-04-10,0.9,33.34,24.55,71.69,28.03,45.346635834902145
2004-04-11,0.1,36.04,24.37,63.58,29.22,50.313245514670065
2004-04-12,0.01,36.35,23.96,64.44,28.76,51.92709584215859
2004-04-13,0.0,36.98,23.8,62.89,29.14,53.21281658735877
2004-04-14,1.0,36.7,24.36,63.44,29.41,52.5565441627209
2004-04-15,0.99,36.17,24.64,64.21,29.15,51.14441777281805
2004-04-16,0.18,37.05,23.73,62.11,29.4,52.95744609138766
2004-04-17,1.57,36.11,24.12,62.17,29.3,49.72731352011564
2004-04-18,3.74,35.68,24.14,64.45,29.25,49.57695493542913
2004-04-19,0.24,36.74,24.7,63.2,29.67,52.547384141282905
2004-04-20,1.16,37.27,25.24,61.17,29.95,53.12956684459311
2004-04-21,0.04,37.96,24.32,59.34,29.99,54.36123904682562
2004-04-22,0.0,36.95,24.68,62.36,29.69,52.76142585795682
2004-04-23,0.0,35.69,25.58,63.5,29.48,49.07137603453728
2004-04-24,3.87,37.2,25.15,62.95,29.96,54.055003047283336
2004-04-25,0.27,38.45,23.94,58.43,30.15,55.48209372244315
2004-04-26,0.02,38.2,22.85,55.67,29.85,52.722770995501364
2004-04-27,2.74,37.36,25.33,59.6,30.57,52.426017619470336
2004-04-28,0.83,37.27,25.45,60.62,30.53,52.77118411470389
2004-04-29,0.07,38.2,24.58,57.94,30.26,54.25031062571517
2004-04-30,0.02,37.97,23.73,55.51,30.11,51.856319292856895
2004-05-01,0.35,38.08,22.7,54.46,29.98,51.54473644868006
2004-05-02,0.35,37.24,25.01,60.08,30.32,52.31847990489256
2004-05-03,0.64,36.41,24.25,59.88,30.23,49.39783571040247
2004-05-04,8.89,33.6,25.62,69.17,29.09,45.036204058295596
2004-05-05,2.27,37.12,24.57,65.02,29.92,55.15870996233291
2004-05-06,1.37,38.15,24.02,61.49,30.41,56.5754416040182
2004-05-07,3.48,37.69,24.82,64.14,30.43,56.73263737454183
2004-05-08,11.41,32.49,25.67,74.76,28.58,43.84331808175359
2004-05-09,18.11,28.25,24.77,90.3,26.31,34.60831780767237
2004-05-10,13.93,30.46,24.06,82.48,26.9,39.90567271461549
2004-05-11,1.39,32.68,23.75,72.58,27.49,43.54312778412734
2004-05-12,0.08,35.51,22.72,66.79,28.65,50.332586805115206
2004-05-13,0.71,36.59,24.1,64.52,29.72,52.847368680135524
2004-05-14,0.29,35.83,24.76,65.26,29.62,50.57117169916552
2004-05-15,0.17,37.05,24.26,63.21,30.06,53.67775524455479
2004-05-16,1.86,37.29,25.3,65.14,30.24,55.89485494305066
2004-05-17,41.34,32.15,25.62,81.33,27.86,45.50571861332227
2004-05-18,54.02,27.82,25.11,92.84,26.48,33.65214130445403
2004-05-19,14.73,30.83,24.64,84.57,27.34,41.92582426696599
2004-05-20,27.39,28.81,25.24,92.98,26.59,37.13321737383342
2004-05-21,23.81,29.65,24.03,88.05,26.24,38.83215417716909
2004-05-22,47.11,27.27,24.18,93.39,25.5,31.944981856998268
2004-05-23,27.42,27.41,23.42,88.5,25.14,31.733441601415784
2004-05-24,12.76,28.64,23.3,90.08,25.7,35.85902634607851
2004-05-25,2.73,29.1,23.47,86.25,25.99,36.485314405352355
2004-05-26,1.85,29.22,23.95,78.78,26.49,35.08044392825012
2004-05-27,2.68,31.41,24.17,75.28,27.07,40.52630049207594
2004-05-28,6.89,29.69,24.23,79.97,26.69,36.72187340724424
2004-05-29,1.47,31.44,23.7,78.09,27.38,41.65148291606843
2004-05-30,1.82,32.41,23.94,77.61,27.67,44.80660161929434
2004-05-31,0.26,32.59,23.74,79.3,27.64,46.23352306512127
2004-06-01,8.41,31.03,23.74,79.82,27.22,40.91277352985081
2004-06-02,14.57,28.8,23.29,85.69,25.72,35.40221436588717
2004-06-03,16.14,27.03,23.34,89.81,25.07,30.800582593791813
2004-06-04,12.84,27.87,22.83,90.39,25.26,33.40318477805542
2004-06-05,10.46,27.41,23.35,93.22,25.2,32.3702386371738
2004-06-06,47.59,27.29,23.92,94.42,25.3,32.14330879796475
2004-06-07,58.46,27.25,23.93,92.81,25.27,31.807948096239418
2004-06-08,10.79,27.58,23.69,89.9,25.34,32.42940933254196
2004-06-09,3.67,29.24,22.81,85.14,26.12,36.661437437850836
2004-06-10,2.93,30.12,23.62,83.99,26.72,39.2379715110345
2004-06-11,3.26,29.37,23.63,85.15,26.07,37.08306327629893
2004-06-12,16.91,29.97,23.19,85.43,26.08,39.168354630700684
2004-06-13,17.61,28.47,23.03,88.6,25.5,34.98118606405089
2004-06-14,27.88,29.65,24.3,85.7,26.37,38.157753431315584
2004-06-15,5.26,29.61,23.86,87.89,26.13,38.64461530607717
2004-06-16,0.33,29.8,22.31,83.57,25.9,38.05043902071453
2004-06-17,0.04,30.78,21.84,81.37,26.0,40.61400891990103
2004-06-18,0.24,30.77,22.47,83.18,26.48,41.21184793742527
2004-06-19,17.56,28.97,23.83,89.54,26.12,36.85783724589527
2004-06-20,9.88,29.51,24.43,89.53,26.56,38.75930201959821
2004-06-21,7.85,28.76,24.72,89.65,26.48,36.16732117447552
2004-06-22,13.85,27.91,23.79,89.81,25.74,33.43149415902941
2004-06-23,9.73,28.62,22.83,88.05,25.23,35.348161819946746
2004-06-24,14.98,28.44,21.76,89.67,25.06,35.10468480030685
2004-06-25,13.13,29.12,23.57,88.67,25.92,37.155324379592685
2004-06-26,24.92,27.67,24.51,91.79,25.72,32.99360927685775
2004-06-27,13.52,26.97,23.59,92.02,25.08,30.859729985196548
2004-06-28,31.46,28.15,23.41,92.9,25.61,34.77738986938723
2004-06-29,88.43,26.68,25.26,94.51,25.81,30.220078014156496
2004-06-30,180.93,25.78,24.19,93.55,25.01,27.567596614437914
2004-07-01,35.5,27.87,23.78,91.08,25.46,33.51895297612332
2004-07-02,8.1,28.21,24.0,92.95,25.7,34.993832947675344
2004-07-03,2.16,27.4,23.36,94.03,25.28,32.45021669743898
2004-07-04,0.28,28.61,23.67,90.24,26.05,35.79314360022917
2004-07-05,3.11,28.4,23.38,88.53,25.98,34.74272495300474
2004-07-06,20.11,28.43,23.87,86.71,26.02,34.47311923764976
2004-07-07,2.05,29.65,23.73,83.37,26.37,37.51020366913004
2004-07-08,10.45,30.31,23.29,80.97,26.99,38.929901012529776
2004-07-09,2.61,31.61,24.13,77.7,27.68,42.072433104153156
2004-07-10,0.89,31.1,24.8,82.35,27.42,42.07606767948663
2004-07-11,0.41,29.95,23.83,81.05,26.84,37.81100194377577
2004-07-12,3.08,30.48,24.45,81.19,27.1,39.552847999340834
2004-07-13,23.34,30.34,23.42,81.46,26.98,39.18009656572261
2004-07-14,16.91,28.81,22.75,87.51,25.61,35.84276151622858
2004-07-15,20.61,27.62,22.59,88.03,24.99,32.27671384299221
2004-07-16,22.47,28.48,23.17,88.87,25.48,35.069339960158246
2004-07-17,23.31,29.15,23.62,85.2,26.04,36.38898789110197
2004-07-18,15.15,26.55,23.61,92.58,24.85,29.676003688609924
2004-07-19,18.78,26.63,23.42,93.89,24.75,30.015670617666558
2004-07-20,11.4,29.11,23.16,87.89,25.7,36.92450843206105
2004-07-21,18.28,28.19,23.21,89.5,25.38,34.26126563221825
2004-07-22,5.12,25.97,22.66,93.48,24.4,28.085601710120482
2004-07-23,28.84,29.38,22.76,83.37,25.82,36.65686731458252
2004-07-24,32.24,28.46,22.9,90.94,25.2,35.43715935706192
2004-07-25,24.28,26.75,23.25,92.79,24.48,30.2795875696261
2004-07-26,21.85,26.48,22.64,95.2,24.49,29.66210924109363
2004-07-27,7.1,27.82,23.25,92.12,25.14,33.531474332378444
2004-07-28,0.68,29.59,23.08,86.81,25.88,38.26723732422446
2004-07-29,4.75,30.66,23.84,86.7,26.53,42.073101259822245
2004-07-30,2.25,29.31,23.26,85.44,26.05,36.963343291453086
2004-07-31,12.31,29.71,24.52,86.76,26.7,38.66657881329422
2004-08-01,8.81,28.12,23.5,90.27,25.51,34.18020243434373
2004-08-02,14.33,27.45,22.85,93.09,25.17,32.48076584168562
2004-08-03,29.78,25.71,24.31,95.63,25.13,27.414585762553557
2004-08-04,26.24,27.08,22.39,90.95,24.41,31.07006429314342
2004-08-05,33.42,28.31,22.77,90.28,25.1,34.80117330484748
2004-08-06,12.86,26.69,23.79,95.24,25.0,30.314689436979354
2004-08-07,12.63,26.63,23.34,95.31,24.72,30.13340983211837
2004-08-08,14.21,30.08,22.99,88.52,25.93,40.53660264675892
2004-08-09,7.65,27.34,23.42,93.04,25.25,32.12191600137149
2004-08-10,5.2,28.48,22.61,88.19,25.27,34.92873813467008
2004-08-11,30.67,28.65,23.11,91.34,25.7,36.17666792220348
2004-08-12,22.8,28.28,23.59,91.9,25.67,35.02450707455358
2004-08-13,6.8,28.9,23.48,90.78,25.81,36.91827908300248
2004-08-14,15.73,28.38,23.59,90.49,25.71,35.075054041784504
2004-08-15,15.72,30.29,22.94,81.86,26.11,39.141751163255826
2004-08-16,2.39,28.73,24.09,90.09,26.18,36.166628263798465
2004-08-17,5.6,27.31,23.47,92.28,25.32,31.927567840927892
2004-08-18,12.14,28.25,22.56,92.34,25.01,35.01020498344495
2004-08-19,7.99,27.23,23.36,93.56,24.93,31.8392797164056
2004-08-20,12.38,27.81,23.35,90.74,25.16,33.27139904926955
2004-08-21,20.71,29.45,22.83,87.54,25.93,37.9894309543925
2004-08-22,22.73,27.53,23.75,92.78,25.48,32.69382320494256
2004-08-23,28.23,28.05,23.73,93.32,25.7,34.51391744596988
2004-08-24,110.13,27.46,24.37,94.78,25.72,32.75527950870009
2004-08-25,144.18,27.02,24.08,94.91,25.49,31.328187931459873
2004-08-26,204.29,27.79,23.98,93.34,25.51,33.63592550633772
2004-08-27,81.74,27.28,22.93,94.55,25.0,32.12766280673684
2004-08-28,6.91,28.19,24.0,93.54,25.83,35.04105824332986
2004-08-29,1.5,28.99,23.91,91.22,26.04,37.346564632252154
2004-08-30,0.68,28.7,23.74,90.8,25.82,36.22661805489059
2004-08-31,16.0,26.51,24.02,93.78,25.17,29.648670547922254
2004-09-01,19.03,26.03,23.22,92.59,24.49,28.216824066545435
2004-09-02,17.06,27.82,22.72,91.71,25.01,33.46321762565518
2004-09-03,1.13,28.74,22.68,89.49,25.65,36.06311390083623
2004-09-04,10.06,27.99,23.55,91.96,25.67,34.062953743735605
2004-09-05,45.32,28.22,24.11,91.43,25.78,34.72919321660357
2004-09-06,30.77,27.8,23.67,92.9,25.28,33.59579406600217
2004-09-07,2.2,27.37,23.88,90.88,25.14,31.928652554605296
2004-09-08,0.3,27.76,22.84,89.79,25.2,32.962643479691465
2004-09-09,0.06,27.96,22.59,88.92,25.09,33.435731103899485
2004-09-10,4.08,28.31,23.28,87.17,25.57,34.194644403573925
2004-09-11,2.12,28.36,23.79,82.37,25.83,33.443050122455226
2004-09-12,3.89,28.01,23.11,82.96,25.45,32.59144194730603
2004-09-13,19.84,27.17,22.83,88.25,24.73,31.02256945672669
2004-09-14,9.36,26.67,22.32,90.66,24.31,29.86475102821617
2004-09-15,2.82,28.2,23.0,89.16,25.16,34.22910548517146
2004-09-16,5.14,30.36,23.27,82.13,26.32,39.457931687775464
2004-09-17,4.03,29.54,22.8,87.63,25.8,38.32578963080831
2004-09-18,1.92,30.43,22.49,84.61,26.18,40.508045753510125
2004-09-19,0.61,30.95,21.92,83.01,26.21,41.78716288269722
2004-09-20,2.12,30.55,22.35,81.94,26.23,40.030857804704276
2004-09-21,3.05,31.09,23.12,81.46,26.74,41.71075560259871
2004-09-22,2.52,28.67,24.04,86.11,26.07,35.089905376033244
2004-09-23,2.43,30.17,23.69,83.32,26.58,39.19860883571477
2004-09-24,0.34,30.84,23.75,82.23,26.71,41.12018386921055
2004-09-25,0.49,30.73,23.57,81.1,26.69,40.353001747621455
2004-09-26,0.55,27.46,23.93,87.09,25.45,31.68943219117884
2004-09-27,1.95,30.34,23.37,82.24,26.5,39.426516688430425
2004-09-28,1.49,30.12,23.58,85.59,26.48,39.738963471652156
2004-09-29,1.4,31.36,23.54,83.29,27.08,43.381124984821106
2004-09-30,6.26,31.71,24.9,81.36,27.5,43.883758328738935
2004-10-01,6.77,31.15,24.12,83.94,26.83,42.860882489405874
2004-10-02,7.65,31.26,23.29,85.62,26.29,43.93833590969817
2004-10-03,7.67,30.38,23.18,80.94,26.38,39.146769715344696
2004-10-04,4.55,30.52,23.76,84.48,26.19,40.781757917008775
2004-10-05,1.06,31.02,23.32,80.49,26.49,41.117986942685
2004-10-06,2.81,29.67,23.79,79.33,26.18,36.49576258531673
2004-10-07,18.64,30.45,23.86,82.96,26.25,40.029321307811934
2004-10-08,0.63,27.87,22.46,85.77,24.94,32.65285479609023
2004-10-09,0.29,29.25,21.87,85.24,25.11,36.71866302591082
2004-10-10,1.17,29.32,22.29,86.28,25.35,37.213453054928976
2004-10-11,0.4,29.44,22.55,81.71,25.56,36.42031227070138
2004-10-12,0.92,28.5,21.66,83.83,24.59,34.11427006426205
2004-10-13,0.53,28.89,21.3,81.87,24.69,34.83546374527488
2004-10-14,0.21,30.23,20.85,75.82,25.34,37.165693991411835
2004-10-15,0.17,29.93,20.06,76.88,24.54,36.60189444902569
2004-10-16,0.03,28.6,19.43,75.67,23.84,32.84657287354344
2004-10-17,0.18,28.17,20.14,77.08,23.69,32.05760060545787
2004-10-18,1.55,28.54,20.36,83.38,24.02,34.1412509662315
2004-10-19,0.02,27.81,20.91,85.09,23.78,32.379241645147246
2004-10-20,0.38,29.19,20.74,85.21,24.51,36.51894345910075
2004-10-21,0.88,30.73,22.38,83.82,25.79,41.29683641409694
2004-10-22,0.4,30.05,21.66,79.23,25.5,37.60067740225692
2004-10-23,0.09,29.22,19.18,75.92,23.97,34.44349788938362
2004-10-24,0.37,28.76,20.13,82.17,24.32,34.526459891846464
2004-10-25,0.02,30.13,21.84,83.25,25.61,39.04334562184226
2004-10-26,0.15,31.04,22.77,81.1,26.31,41.40610747673797
2004-10-27,0.97,30.93,21.54,81.93,25.51,41.32541523117092
2004-10-28,3.59,30.86,22.54,80.89,25.86,40.71796632174218
2004-10-29,0.46,30.02,21.75,80.1,25.14,37.757005078789135
2004-10-30,1.09,31.39,21.27,81.97,25.75,42.968218705603206
2004-10-31,0.03,31.41,22.39,77.75,26.25,41.42505344256935
2004-11-01,0.13,31.08,21.07,80.13,25.61,41.19191451017845
2004-11-02,0.37,31.08,20.86,79.04,25.56,40.80224887343325
2004-11-03,1.27,31.39,22.11,80.93,25.81,42.56231418538116
2004-11-04,1.02,30.74,22.12,80.65,25.43,40.23361743695343
2004-11-05,1.22,31.48,21.21,79.99,25.93,42.51328599017901
2004-11-06,0.96,31.45,21.86,80.47,26.06,42.59497733527639
2004-11-07,0.29,31.32,21.91,82.43,26.02,42.89552277824413
2004-11-08,1.38,31.07,21.67,81.7,25.81,41.72933894564295
2004-11-09,0.17,31.19,20.85,80.34,25.61,41.64321074898357
2004-11-10,0.07,30.93,21.06,75.59,25.52,39.15364475866297
2004-11-11,1.42,31.59,21.92,80.82,26.34,43.22973885672343
2004-11-12,2.78,30.68,23.57,81.39,26.33,40.28356490136835
2004-11-13,0.4,30.02,20.68,79.31,24.99,37.53251404926951
2004-11-14,0.01,30.43,19.17,76.49,24.06,37.939835456965426
2004-11-15,0.0,30.47,18.32,75.56,23.9,37.78114739192638
2004-11-16,0.62,31.07,20.06,76.46,25.24,39.87388802009924
2004-11-17,0.87,30.3,23.56,82.09,26.33,39.246704322841936
2004-11-18,0.2,31.7,22.99,80.88,26.57,43.6497115370822
2004-11-19,0.22,30.43,22.7,77.46,25.98,38.230441302446536
2004-11-20,2.99,30.3,23.11,77.76,26.05,37.928898055762666
2004-11-21,1.31,30.07,22.69,80.72,25.14,38.09152970732912
2004-11-22,29.93,28.59,23.24,85.58,25.11,34.73298931188177
2004-11-23,3.29,27.98,22.7,86.99,24.7,33.16961424326272
2004-11-24,1.01,28.92,21.69,84.59,25.23,35.52652521888863
2004-11-25,2.36,30.39,22.66,82.13,25.72,39.557652266109834
2004-11-26,0.42,29.81,22.33,81.84,25.59,37.59507921244993
2004-11-27,0.02,30.04,21.33,76.47,25.04,36.80421199609328
2004-11-28,0.13,30.94,21.52,76.62,25.58,39.52329357708992
2004-11-29,73.36,27.98,23.08,85.18,24.89,32.8694459759399
2004-11-30,7.47,28.15,23.15,86.92,24.93,33.663230914098875
2004-12-01,0.3,29.88,22.84,82.33,25.34,37.954951329819096
2004-12-02,68.92,27.28,22.65,84.88,24.79,30.927888183635943
2004-12-03,33.03,27.97,23.14,91.87,25.04,33.980825161586004
2004-12-04,3.24,26.99,21.55,89.85,23.67,30.690954473936984
2004-12-05,2.32,28.88,21.19,84.35,24.48,35.35037349630485
2004-12-06,1.32,28.39,21.3,83.07,23.74,33.65557414726354
2004-12-07,0.03,28.89,20.15,80.0,23.8,34.436825411156434
2004-12-08,0.0,28.32,19.52,78.12,23.24,32.591095814079495
2004-12-09,0.0,28.99,18.96,77.1,23.6,34.09831664086201
2004-12-10,0.0,29.44,19.12,78.83,23.86,35.70802729798687
2004-12-11,0.03,29.96,20.1,81.04,24.29,37.83941227935812
2004-12-12,0.03,30.14,19.67,80.3,24.24,38.187539933328665
2004-12-13,0.02,29.45,20.53,79.65,24.13,35.936611597346115
2004-12-14,0.01,29.64,20.56,78.55,24.5,36.20865359675352
2004-12-15,0.04,30.8,20.22,81.13,25.0,40.59874928198217
2004-12-16,0.17,31.23,21.72,81.84,25.77,42.34532589022655
2004-12-17,0.02,30.8,21.93,79.64,25.61,40.0896710660548
2004-12-18,0.0,30.09,20.97,77.75,25.11,37.302214871371824
2004-12-19,0.21,28.5,21.47,81.99,24.51,33.75890065541256
2004-12-20,0.69,28.93,21.3,82.83,24.7,35.16213656462358
2004-12-21,0.03,29.47,20.5,77.61,24.16,35.498148858934236
2004-12-22,0.0,28.37,18.03,74.63,22.5,32.12926998909979
2004-12-23,0.06,28.54,17.46,79.95,22.81,33.48131183231541
2004-12-24,0.03,29.24,19.78,78.01,24.0,34.96060621153442
2004-12-25,0.0,28.93,20.64,75.02,24.11,33.525848105213356
2004-12-26,0.0,29.18,18.0,75.64,23.12,34.28007779309559
2004-12-27,0.0,28.76,17.27,78.82,22.77,33.845153781054805
2004-12-28,0.02,27.11,19.76,82.55,23.13,30.245862105408168
2004-12-29,0.0,29.43,20.88,78.97,24.19,35.71355701217932
2004-12-30,0.04,29.54,20.51,77.51,24.27,35.667718712106776
2004-12-31,0.27,29.75,20.95,80.68,24.53,37.09158382542682
2005-01-01,0.06,27.04,19.03,75.94,22.51,29.44750353888997
2005-01-02,0.01,27.56,18.46,78.83,22.42,30.87856806785105
2005-01-03,5.76,29.1,18.73,79.35,23.38,34.87630532315975
2005-01-04,2.12,30.23,20.47,78.7,24.88,37.99401041447337
2005-01-05,0.27,31.01,21.54,82.42,25.13,41.78337601710657
2005-01-06,0.4,29.74,21.21,80.1,24.55,36.90575525993788
2005-01-07,1.32,29.52,19.28,78.14,23.84,35.765717276701395
2005-01-08,0.74,29.73,19.3,79.16,23.77,36.62734539825916
2005-01-09,0.25,29.63,19.64,79.17,23.88,36.33784392016742
2005-01-10,0.06,29.33,19.46,79.07,23.69,35.45471477580653
2005-01-11,0.0,29.89,20.1,76.28,24.3,36.331015742636154
2005-01-12,0.11,29.74,21.13,76.69,24.5,36.018983649826026
2005-01-13,0.03,28.37,20.61,80.7,23.75,33.16829091422343
2005-01-14,0.01,27.76,20.04,78.99,22.84,31.367335025921232
2005-01-15,0.02,27.69,17.63,75.2,21.99,30.710230744292907
2005-01-16,0.03,27.52,18.33,74.03,22.31,30.21579622242852
2005-01-17,0.04,27.15,18.4,74.46,21.82,29.525925683289714
2005-01-18,0.01,28.15,16.95,73.97,22.29,31.534439559071036
2005-01-19,0.05,29.36,19.17,73.06,23.75,34.175270513605874
2005-01-20,0.27,29.29,19.57,77.72,23.57,35.03071973472036
2005-01-21,0.19,29.63,19.0,75.12,23.32,35.33336160374654
2005-01-22,0.13,29.07,17.68,75.51,22.82,33.97325798315293
2005-01-23,0.02,29.43,18.15,70.41,23.02,33.7763478728966
2005-01-24,0.0,29.14,15.52,71.82,22.04,33.392682147127225
2005-01-25,0.0,28.88,17.46,72.94,22.74,33.005942107183564
2005-01-26,0.01,29.95,19.77,71.56,24.09,35.29423813856348
2005-01-27,0.09,30.44,19.04,74.4,24.43,37.356774566403274
2005-01-28,0.0,30.14,21.27,72.12,24.55,35.92110773645712
2005-01-29,0.0,30.17,19.84,74.31,24.21,36.58130054148191
2005-01-30,0.0,30.82,18.31,74.47,23.83,38.46848958958684
2005-01-31,0.0,30.89,18.55,72.07,23.87,37.92597289419595
2005-02-01,0.0,30.61,18.85,73.9,23.88,37.69062515667207
2005-02-02,0.0,30.68,19.81,71.34,24.32,37.13441020449743
2005-02-03,0.0,30.83,18.03,69.47,23.89,36.9921571784692
2005-02-04,0.11,31.06,18.17,71.13,24.14,38.108556222487294
2005-02-05,0.01,31.72,19.55,72.23,24.62,40.385043359104344
2005-02-06,0.04,31.33,18.47,71.68,24.07,39.047378144521936
2005-02-07,0.03,30.74,19.55,70.86,23.87,37.1563729402011
2005-02-08,0.04,30.98,18.4,71.84,23.79,38.10640784646987
2005-02-09,0.28,31.39,19.17,72.58,24.29,39.524311075669516
2005-02-10,0.5,32.35,19.83,73.14,25.42,42.701716175674996
2005-02-11,0.17,32.8,20.88,71.39,26.0,43.425137484584056
2005-02-12,0.01,32.83,19.3,71.47,25.16,43.55655513770188
2005-02-13,0.08,32.49,18.69,70.43,25.04,42.04899958046317
2005-02-14,0.05,31.45,19.22,71.33,24.24,39.27584491972214
2005-02-15,0.02,33.09,18.78,70.92,25.48,44.16308351152225
2005-02-16,0.01,32.72,20.36,71.84,25.6,43.35812133725438
2005-02-17,0.01,32.96,19.32,69.6,25.54,43.171700911671365
2005-02-18,0.03,33.01,21.25,68.21,26.39,42.73994080733976
2005-02-19,0.06,33.74,21.06,68.48,26.54,45.17074609830635
2005-02-20,1.71,32.89,21.69,70.84,26.35,43.47943198789405
2005-02-21,0.06,32.4,20.99,68.37,25.76,40.97505385240671
2005-02-22,0.0,32.95,20.82,66.99,26.04,42.05530903787178
2005-02-23,0.0,32.68,21.15,69.92,25.76,42.43048092280995
2005-02-24,0.0,33.29,20.41,64.86,25.57,42.18368061169412
2005-02-25,0.0,33.57,19.84,59.99,26.13,41.003052558471865
2005-02-26,0.0,33.45,22.09,66.48,26.76,43.34831931749612
2005-02-27,0.0,33.39,22.21,65.33,26.88,42.674124329963924
2005-02-28,0.0,33.06,21.03,67.66,26.04,42.66239021336959
2005-03-01,0.01,32.48,21.62,66.7,26.29,40.57603261694909
2005-03-02,0.0,32.94,21.18,66.29,26.36,41.743395399573224
2005-03-03,0.01,31.2,21.42,71.47,25.43,38.60810882843245
2005-03-04,0.33,31.63,21.17,69.75,25.39,39.25517630489602
2005-03-05,0.07,31.96,20.05,61.8,25.34,37.53121178176806
2005-03-06,0.02,31.23,18.31,57.83,23.64,34.78572188702897
2005-03-07,0.0,31.8,17.52,59.51,24.12,36.46932050212033
2005-03-08,0.04,33.14,18.02,59.73,25.19,39.778281709232026
2005-03-09,0.0,33.49,19.38,60.54,25.94,41.004503754345485
2005-03-10,0.0,33.85,20.76,61.73,26.45,42.485553265939785
2005-03-11,0.0,34.98,20.26,58.67,26.72,44.35768695686699
2005-03-12,0.0,35.37,20.27,61.4,27.03,46.88814321375867
2005-03-13,0.0,35.45,20.55,60.4,26.95,46.619483870055795
2005-03-14,0.0,33.39,20.42,57.9,26.11,39.7434771686334
2005-03-15,0.0,34.43,20.05,59.55,26.65,43.18584406740658
2005-03-16,0.0,35.26,19.89,59.78,27.06,45.72266035937967
2005-03-17,10.55,36.11,20.91,63.67,27.55,50.60951953332942
2005-03-18,8.43,30.9,23.83,80.75,26.84,40.80404100331241
2005-03-19,1.35,31.85,22.51,72.21,26.58,40.77123298624966
2005-03-20,2.11,34.8,22.4,67.53,27.57,48.25301250461703
2005-03-21,1.37,33.83,22.19,71.74,27.17,47.06322378581675
2005-03-22,0.08,35.64,21.95,66.06,27.85,50.369027161362084
2005-03-23,0.0,36.07,22.97,62.95,28.41,50.04620656561954
2005-03-24,0.2,35.13,23.04,66.3,28.08,48.72219239862669
2005-03-25,0.24,34.2,22.99,61.53,27.39,43.40463665428936
2005-03-26,0.38,34.75,21.43,63.88,27.46,46.19051079603474
2005-03-27,0.9,35.71,22.52,65.22,28.47,50.12553700177317
2005-03-28,1.27,35.41,23.1,66.32,28.73,49.70737354908944
2005-03-29,8.74,34.36,24.34,70.97,28.71,48.5487743096395
2005-03-30,1.1,36.58,25.12,64.66,29.88,52.90047316614135
2005-03-31,0.03,35.82,24.55,65.54,29.37,50.70158842676765
2005-04-01,0.0,37.38,24.02,60.63,29.83,53.165725940028636
2005-04-02,0.0,36.3,24.29,61.13,29.17,49.75989926514563
2005-04-03,1.44,36.0,23.89,65.38,28.92,51.24778127428283
2005-04-04,0.57,34.43,21.93,61.84,27.26,44.22181651596712
2005-04-05,0.03,34.51,19.98,57.11,26.44,42.346663695706276
2005-04-06,0.0,35.69,21.21,57.71,27.58,45.97168065026986
2005-04-07,0.0,35.97,21.9,61.36,28.31,48.798473403650405
2005-04-08,0.0,35.95,23.61,61.0,28.88,48.5315446732957
2005-04-09,0.0,37.1,23.6,58.65,29.23,50.94557104979591
2005-04-10,0.0,37.0,23.51,60.37,29.29,51.67322986623847
2005-04-11,0.0,37.65,23.12,58.31,29.28,52.58972583256449
2005-04-12,0.0,36.82,22.67,59.84,29.19,50.73466452925233
2005-04-13,5.39,35.48,24.31,61.79,28.79,47.44346988683233
2005-04-14,3.61,35.13,23.23,64.02,28.26,47.491654918321984
2005-04-15,3.19,35.06,23.33,67.7,28.12,49.25403494116272
2005-04-16,6.54,35.49,23.35,66.46,28.13,50.06995226931753
2005-04-17,2.42,35.27,22.87,65.86,27.97,48.96107916172209
2005-04-18,0.12,35.78,22.37,62.0,28.24,48.531773279866634
2005-04-19,0.99,35.98,21.65,62.24,28.29,49.33070478657482
2005-04-20,1.06,36.05,23.07,61.09,28.65,48.90895832813184
2005-04-21,0.04,36.15,23.57,60.35,28.94,48.81766628318757
2005-04-22,1.15,36.71,23.71,58.51,29.24,49.57904924713293
2005-04-23,1.04,36.93,24.17,59.32,29.56,50.78740168060423
2005-04-24,0.0,37.35,24.44,59.79,30.0,52.51379189958042
2005-04-25,0.97,34.74,25.2,62.98,29.1,45.711487205925444
2005-04-26,0.01,37.21,23.64,59.6,29.65,51.909574190627445
2005-04-27,0.0,37.33,24.08,58.03,29.96,51.32928812057811
2005-04-28,3.51,36.17,24.33,60.87,29.89,49.17853732232894
2005-04-29,0.41,37.21,25.3,60.08,30.69,52.21451791291318
2005-04-30,0.0,38.06,25.0,56.98,30.8,53.11701341666735
2005-05-01,0.0,38.74,24.01,54.55,30.75,53.782336422046626
2005-05-02,0.0,38.39,25.37,58.48,30.91,55.30174387523776
2005-05-03,2.32,37.6,25.96,61.41,30.88,54.47845314868197
2005-05-04,0.47,37.84,25.04,57.36,30.61,52.61862318213413
2005-05-05,0.0,38.04,24.13,55.28,30.68,51.938687882124654
2005-05-06,0.0,38.24,25.89,57.45,30.86,54.05447710016299
2005-05-07,4.08,37.69,26.08,59.15,30.69,53.2796237161261
2005-05-08,1.81,35.4,26.36,64.64,30.15,48.727993011132334
2005-05-09,0.25,35.87,26.0,64.84,30.05,50.46400755869931
2005-05-10,3.65,32.56,26.08,68.84,29.14,41.63108603598695
2005-05-11,2.21,31.59,26.03,74.54,28.63,40.823158591922116
2005-05-12,1.47,32.92,25.23,74.35,28.75,45.13597206058283
2005-05-13,10.99,30.05,25.81,82.62,27.48,38.588631141436245
2005-05-14,2.16,33.03,25.01,71.84,28.79,44.37517650233816
2005-05-15,4.34,34.37,25.33,68.73,29.51,47.404575938777775
2005-05-16,1.72,34.81,25.37,69.97,29.44,49.62806449858272
2005-05-17,3.53,35.35,25.93,72.03,29.41,52.88602035634379
2005-05-18,1.51,33.92,26.15,72.54,29.18,47.79131571245024
2005-05-19,1.18,37.18,25.81,65.36,30.33,55.6237081929747
2005-05-20,15.38,35.44,25.63,70.71,29.61,52.420565643462275
2005-05-21,15.73,32.45,25.54,81.37,28.32,46.67080944226302
2005-05-22,9.84,32.43,25.18,76.13,28.35,44.22871376027119
2005-05-23,3.31,33.2,25.39,75.77,28.34,46.80350225983536
2005-05-24,4.95,30.32,24.41,80.53,27.02,38.82597068563788
2005-05-25,10.94,29.83,24.8,81.85,26.91,37.660732042521516
2005-05-26,8.55,32.2,24.74,76.23,28.08,43.47989108900152
2005-05-27,8.55,30.53,24.87,81.73,27.21,39.89450844595512
2005-05-28,37.86,29.23,24.69,85.37,26.55,36.687036851859574
2005-05-29,19.31,29.44,24.12,84.37,26.55,37.10512688396396
2005-05-30,10.76,29.85,24.06,83.18,26.7,38.10157194386158
2005-05-31,10.57,30.13,24.92,83.42,27.01,39.095621901308
2005-06-01,28.6,28.86,24.51,86.05,26.43,35.670836625156795
2005-06-02,19.33,29.71,23.9,87.38,26.49,38.84774449888248
2005-06-03,12.63,29.0,24.22,87.99,26.23,36.58073019126058
2005-06-04,21.54,29.79,24.75,86.02,26.83,38.72602317950358
2005-06-05,26.72,29.9,24.87,87.39,26.88,39.52326201183751
2005-06-06,13.91,28.26,24.43,90.6,26.03,34.69973383412108
2005-06-07,17.19,29.71,24.0,88.18,26.54,39.08374097496604
2005-06-08,22.04,28.47,24.19,92.07,25.83,35.71277067282681
2005-06-09,27.71,28.75,23.68,90.63,25.8,36.35998620180468
2005-06-10,35.94,27.86,24.21,90.38,25.77,33.3699637979172
2005-06-11,6.82,27.87,24.02,91.16,25.61,33.532437682503456
2005-06-12,0.35,29.53,23.78,84.05,26.65,37.30933350355096
2005-06-13,2.0,29.74,23.99,85.88,26.66,38.5141364894019
2005-06-14,0.4,30.72,23.84,83.99,26.94,41.32141936197632
2005-06-15,5.4,29.63,23.95,86.72,26.62,38.379057365861506
2005-06-16,1.5,31.14,23.61,83.16,27.31,42.52520400677416
2005-06-17,1.81,30.83,24.21,83.36,27.09,41.48784752577788
2005-06-18,0.62,29.66,24.47,82.36,26.75,37.26734651891456
2005-06-19,0.46,31.03,23.89,80.61,27.6,41.19499992714899
2005-06-20,3.22,30.97,24.52,82.9,27.62,41.81794784159738
2005-06-21,7.13,30.75,25.06,86.72,27.21,42.41914755013031
2005-06-22,6.59,29.27,24.35,86.3,26.9,37.053483916801454
2005-06-23,19.55,29.39,24.51,86.24,26.95,37.43525766321821
2005-06-24,4.0,28.58,24.09,87.56,26.12,35.11560240385878
2005-06-25,3.51,30.65,22.84,82.87,26.37,40.68544418074509
2005-06-26,11.64,29.56,23.89,87.14,26.2,38.2570794412775
2005-06-27,22.45,28.45,24.19,89.11,25.74,35.02170424631955
2005-06-28,14.17,27.57,23.74,90.65,25.4,32.50813879111768
2005-06-29,2.94,28.06,23.28,90.34,25.41,33.99975374468085
2005-06-30,1.78,30.1,22.82,85.83,25.97,39.7447526395007
2005-07-01,2.16,31.05,24.13,84.46,26.74,42.69135556777176
2005-07-02,0.77,31.34,24.2,80.76,27.08,42.32105264972725
2005-07-03,6.15,31.51,24.29,82.24,27.23,43.51192591810089
2005-07-04,4.69,29.98,23.61,80.8,26.58,37.833244344628845
2005-07-05,28.35,28.53,23.69,88.06,26.03,35.06141638846332
2005-07-06,17.4,28.14,23.27,91.66,25.11,34.50617078520783
2005-07-07,4.77,27.84,23.61,90.85,25.38,33.3846798031574
2005-07-08,0.96,30.51,23.31,84.63,26.71,40.797528260566445
2005-07-09,4.21,29.97,23.6,84.74,26.19,38.95903454430251
2005-07-10,4.1,29.67,23.82,83.33,26.32,37.56327778002914
2005-07-11,1.34,29.35,24.29,86.46,26.47,37.36023501972884
2005-07-12,5.2,30.53,24.88,85.05,27.24,41.012910085876484
2005-07-13,9.92,30.29,23.4,82.54,26.81,39.35523574977255
2005-07-14,4.51,31.57,23.18,79.27,26.98,42.54512906024602
2005-07-15,3.17,31.59,24.67,80.35,27.56,43.04166070856012
2005-07-16,3.47,30.12,24.88,87.36,26.88,40.306167749605144
2005-07-17,11.91,30.52,23.94,86.77,26.74,41.57586315339921
2005-07-18,32.03,28.25,24.08,92.35,26.02,35.01219983914572
2005-07-19,8.73,29.56,24.0,89.58,26.34,38.95474472484776
2005-07-20,15.75,28.76,24.28,91.88,26.12,36.688481581714456
2005-07-21,4.66,29.37,24.02,87.47,26.47,37.69625714439773
2005-07-22,8.01,27.65,23.5,88.84,25.41,32.48391985247073
2005-07-23,10.75,29.97,23.49,83.24,26.43,38.51088889466261
2005-07-24,8.05,29.47,24.11,91.28,26.04,39.1168444960654
2005-07-25,1.95,27.07,23.99,91.96,25.5,31.153292918028992
2005-07-26,3.58,30.07,23.49,86.72,26.58,39.920591082468206
2005-07-27,10.03,28.26,24.51,92.58,26.05,35.09257399684881
2005-07-28,17.19,27.94,24.55,93.8,25.9,34.22417805617985
2005-07-29,7.48,28.74,24.26,91.94,25.89,36.63163725500893
2005-07-30,3.58,29.99,23.47,86.93,26.44,39.70147506971973
2005-07-31,7.11,30.44,23.89,85.82,26.76,40.95323193169921
2005-08-01,9.73,31.31,23.74,83.9,27.15,43.43834497578749
2005-08-02,3.82,30.06,24.05,87.11,26.64,40.00885485333379
2005-08-03,10.0,28.13,24.49,90.09,25.95,34.179108843927665
2005-08-04,21.79,29.23,24.7,90.77,26.4,38.09219111612432
2005-08-05,20.52,29.96,24.53,88.76,26.67,40.16972396550389
2005-08-06,31.66,28.07,24.49,93.46,26.05,34.60898471031703
2005-08-07,14.28,27.93,24.23,93.75,25.72,34.18094407248001
2005-08-08,14.34,27.89,23.66,93.72,25.2,34.03892270163072
2005-08-09,5.83,27.58,23.52,92.52,25.44,32.81632597754409
2005-08-10,18.95,27.49,24.0,92.21,25.44,32.48350375655808
2005-08-11,42.5,27.66,23.17,92.32,25.22,33.04381471729326
2005-08-12,89.14,26.55,24.26,95.17,25.29,29.87451717499609
2005-08-13,18.22,27.05,23.58,93.64,25.03,31.28071667257411
2005-08-14,9.77,26.63,23.23,94.34,24.75,30.052827831775353
2005-08-15,3.02,26.46,22.84,91.21,24.65,29.322384898357452
2005-08-16,4.66,26.6,22.3,89.76,24.26,29.599833241944744
2005-08-17,3.25,27.01,22.79,89.3,25.02,30.689970858917086
2005-08-18,0.9,28.86,23.34,84.09,26.28,35.23209146491193
2005-08-19,0.09,29.75,24.31,83.39,26.7,37.83731052937965
2005-08-20,0.01,29.85,23.68,83.73,26.54,38.25993648599331
2005-08-21,0.91,29.23,23.91,85.15,26.5,36.631916351012165
2005-08-22,9.1,31.2,24.06,82.33,27.44,42.42498521927973
2005-08-23,4.11,31.59,24.9,84.91,27.42,44.92083845105211
2005-08-24,0.2,30.3,24.08,85.89,26.61,40.473276625938425
2005-08-25,8.13,28.06,24.05,90.71,25.82,34.066783079540365
2005-08-26,21.31,29.27,23.92,91.75,25.79,38.505930538464014
2005-08-27,8.1,29.06,22.75,89.76,25.8,37.22448774627778
2005-08-28,5.85,28.03,23.58,89.74,25.65,33.79673402644541
2005-08-29,4.4,28.8,23.75,87.88,25.79,35.89453387818814
2005-08-30,16.88,28.08,23.82,91.04,25.41,34.19218750311295
2005-08-31,25.28,28.93,23.19,91.37,25.75,37.16985929598794
2005-09-01,11.54,28.46,23.61,91.05,25.79,35.460461102400444
2005-09-02,7.92,27.26,24.07,92.13,25.41,31.753301029710638
2005-09-03,17.23,26.9,24.03,93.7,25.35,30.82105295281578
2005-09-04,8.56,28.59,23.18,90.59,25.41,35.802582837278955
2005-09-05,5.73,29.8,23.9,88.53,26.5,39.51274983320823
2005-09-06,14.14,28.7,24.44,90.21,26.27,36.0918416400777
2005-09-07,9.81,29.19,24.43,90.97,26.19,38.00111273630968
2005-09-08,7.67,29.95,24.21,88.38,26.55,40.0125626607627
2005-09-09,22.45,28.14,23.63,91.89,25.43,34.54984543418669
2005-09-10,5.37,29.63,23.04,87.4,26.16,38.57367920231689
2005-09-11,4.59,27.66,23.54,92.18,25.45,33.022067647252726
2005-09-12,8.4,27.74,23.66,90.69,25.4,33.04280855659411
2005-09-13,16.44,29.74,23.02,86.72,25.94,38.758903034673715
2005-09-14,19.86,28.94,23.23,87.34,25.86,36.22667038682127
2005-09-15,17.29,29.64,23.36,89.36,25.97,39.18098036251214
2005-09-16,38.92,28.36,24.17,90.67,26.01,35.04519177491279
2005-09-17,6.95,27.25,23.41,90.51,24.92,31.52126545034055
2005-09-18,4.14,29.69,23.35,84.2,25.83,37.86907055312589
2005-09-19,16.58,28.75,23.58,90.2,25.74,36.260260405111325
2005-09-20,6.85,29.12,22.71,86.79,25.81,36.683532436096115
2005-09-21,83.42,26.55,24.26,95.03,25.24,29.863679983430263
2005-09-22,56.28,26.86,23.31,93.3,24.82,30.658434732032706
2005-09-23,8.86,28.25,22.35,90.78,25.03,34.701972880987995
2005-09-24,4.71,26.23,23.25,95.37,24.6,28.917689291891527
2005-09-25,0.18,28.91,22.71,88.59,25.63,36.42412225052445
2005-09-26,0.37,30.25,23.33,83.42,26.15,39.49916094043021
2005-09-27,14.01,30.22,23.66,86.03,26.21,40.233604458148044
2005-09-28,2.45,31.52,22.23,83.04,26.57,43.874029761605236
2005-09-29,1.11,31.42,23.21,81.39,26.72,42.84813272420279
2005-09-30,0.17,31.13,23.98,84.93,26.68,43.170505267360824
2005-10-01,0.2,30.2,23.82,86.83,26.36,40.423408372595866
2005-10-02,0.31,29.17,22.73,86.8,25.37,36.85071982913681
2005-10-03,5.5,30.66,22.88,83.81,26.26,41.045463601271585
2005-10-04,4.2,29.62,24.0,86.97,26.25,38.41586895361271
2005-10-05,2.84,30.58,24.37,84.98,27.08,41.168102503904095
2005-10-06,21.21,29.6,24.3,89.09,26.54,38.95678991641937
2005-10-07,26.55,28.47,24.51,88.23,26.11,34.905061982321016
2005-10-08,30.35,29.25,23.65,88.66,25.82,37.6004081742781
2005-10-09,12.43,28.24,23.55,87.41,25.43,34.025607911143474
2005-10-10,1.13,29.42,23.33,87.28,26.05,37.815604424223835
2005-10-11,14.89,29.23,24.19,86.47,26.22,36.965136698309905
2005-10-12,4.43,30.56,23.35,82.9,26.32,40.38552379199362
2005-10-13,0.44,30.99,23.2,83.83,26.59,42.233985244515104
2005-10-14,1.79,29.41,24.43,83.69,26.13,36.83290751326412
2005-10-15,1.01,30.0,23.2,83.86,26.25,38.7949997583755
2005-10-16,8.32,31.15,24.5,82.05,27.07,42.140991827861754
2005-10-17,1.81,31.14,23.11,83.98,26.59,42.839461286930614
2005-10-18,0.61,31.5,23.18,80.2,26.7,42.665111443475666
2005-10-19,1.17,31.63,22.7,79.1,26.58,42.68604209806177
2005-10-20,1.64,31.67,24.31,81.7,27.06,43.877827108469425
2005-10-21,3.96,31.37,23.35,82.58,26.73,43.136140534743966
2005-10-22,0.35,31.12,22.52,78.69,26.39,40.80990261321549
2005-10-23,0.27,30.55,21.64,80.01,25.52,39.400191221962125
2005-10-24,1.35,29.37,22.01,83.92,25.65,36.76579005286632
2005-10-25,0.57,29.91,24.34,81.85,26.69,37.91335766928622
2005-10-26,0.69,31.52,23.09,79.22,26.77,42.35316618318295
2005-10-27,16.62,28.79,22.79,85.23,25.13,35.2698650256227
2005-10-28,12.45,27.8,22.39,88.26,24.7,32.84223616387603
2005-10-29,0.63,28.64,22.66,82.44,25.44,34.23982457043822
2005-10-30,6.78,29.65,23.15,86.13,25.73,38.27955602057581
2005-10-31,10.47,28.53,23.0,88.46,25.49,35.145275592971736
2005-11-01,5.08,30.14,24.05,86.36,26.32,40.05527323802015
2005-11-02,4.17,31.67,22.99,81.46,26.92,43.7789499288613
2005-11-03,2.17,30.34,24.46,84.33,26.95,40.100522408270926
2005-11-04,1.49,31.71,23.59,85.36,27.16,45.58617612852644
2005-11-05,1.06,31.84,23.54,84.88,27.0,45.88955797508962
2005-11-06,0.15,30.88,22.01,78.71,26.32,40.03477265683653
2005-11-07,0.53,31.63,22.42,83.36,26.63,44.419527508575456
2005-11-08,0.14,31.6,23.97,83.48,26.99,44.3562874334165
2005-11-09,0.06,31.43,23.91,77.29,26.97,41.32057722736019
2005-11-10,7.68,31.48,23.04,80.23,26.73,42.60672247178538
2005-11-11,5.02,28.21,23.68,86.74,25.67,33.810699079444895
2005-11-12,14.58,28.32,23.11,89.9,25.11,34.7583982132166
2005-11-13,0.54,30.71,22.74,81.03,26.07,40.262302606872744
2005-11-14,0.1,31.1,22.21,81.35,26.18,41.705041569113874
2005-11-15,0.02,30.81,22.31,78.11,26.31,39.61020948176756
2005-11-16,9.84,30.66,22.16,79.99,25.81,39.749946312224054
2005-11-17,0.37,30.36,21.39,79.84,25.69,38.7403078716313
2005-11-18,0.0,28.32,19.76,77.01,23.34,32.40472335132319
2005-11-19,7.87,28.34,21.26,81.35,23.76,33.204505188285985
2005-11-20,1.64,26.57,21.83,86.7,23.94,29.29078978401746
2005-11-21,0.53,29.51,21.69,85.11,25.54,37.52928738705884
2005-11-22,0.35,29.13,23.82,85.37,25.96,36.36682780463775
2005-11-23,1.2,28.98,22.94,86.75,25.54,36.21700349802475
2005-11-24,0.34,31.29,23.1,79.61,26.57,41.714015826848
2005-11-25,1.13,30.27,23.65,81.49,26.36,38.96145009652787
2005-11-26,0.84,29.85,23.14,86.26,25.84,39.0042982700105
2005-11-27,5.92,30.3,23.24,85.75,25.99,40.42692499076682
2005-11-28,3.58,28.18,23.04,89.18,25.25,34.16945255993691
2005-11-29,1.9,27.79,23.22,87.42,25.15,32.68105843171909
2005-11-30,1.53,27.35,22.96,91.31,24.76,31.92436717716974
2005-12-01,0.89,30.56,22.82,84.6,26.14,40.96488513358315
2005-12-02,0.63,30.42,23.01,86.12,26.01,40.98323952084862
2005-12-03,0.72,30.05,23.46,84.45,26.12,39.142400459370776
2005-12-04,5.81,28.11,23.05,88.6,25.08,33.84344561398262
2005-12-05,1.56,27.09,22.27,88.87,24.35,30.868399768398824
2005-12-06,0.45,26.22,21.17,82.48,23.13,28.220347449160993
2005-12-07,0.22,28.09,20.88,81.84,23.74,32.622801418006034
2005-12-08,0.91,28.88,21.46,83.25,24.47,35.10690232268429
2005-12-09,19.54,28.79,22.58,86.75,25.15,35.606875122620565
2005-12-10,8.41,28.37,23.35,90.28,25.19,34.999057827983194
2005-12-11,2.32,29.03,23.16,85.33,25.64,36.04016011945163
2005-12-12,2.98,30.19,22.64,82.7,25.57,39.07321292842481
2005-12-13,1.91,28.68,22.0,82.85,24.32,34.43748330314309
2005-12-14,1.86,28.94,21.84,84.06,24.64,35.46760678875168
2005-12-15,0.54,29.44,21.72,82.75,24.74,36.68497927630597
2005-12-16,0.24,28.64,20.97,80.38,23.85,33.83149231102422
2005-12-17,0.18,27.11,21.48,81.57,23.6,30.144981632217522
2005-12-18,0.15,24.57,20.42,81.54,22.23,25.128379737080024
2005-12-19,0.43,27.72,20.29,81.7,23.59,31.645457599224624
2005-12-20,1.44,29.76,21.31,83.25,24.82,37.83029738025876
2005-12-21,10.21,28.18,21.99,85.92,24.67,33.57303053968328
2005-12-22,0.45,25.72,18.61,82.35,22.58,27.185026061984995
2005-12-23,0.03,26.71,17.52,80.53,21.46,29.150157485050286
2005-12-24,0.01,27.6,18.68,81.07,22.19,31.261219564455523
2005-12-25,0.0,28.06,17.98,78.79,22.59,32.06034308217883
2005-12-26,0.12,27.57,18.69,81.47,23.03,31.23977150140172
2005-12-27,13.5,27.01,21.56,89.39,23.76,30.699417841683744
2005-12-28,9.33,27.15,22.74,89.33,24.45,31.089852454342033
2005-12-29,4.24,27.84,22.0,89.45,24.15,33.154465258674435
2005-12-30,0.34,28.54,22.21,86.09,24.77,34.68532593525248
2005-12-31,0.28,29.93,21.56,79.23,25.31,37.23919939285146
2006-01-01,0.48,30.18,22.34,82.76,25.5,39.05862454715488
2006-01-02,6.23,29.23,21.91,83.76,24.88,36.28750404203761
2006-01-03,0.57,29.24,20.94,83.34,24.16,36.215504539686535
2006-01-04,0.0,29.44,19.71,81.78,23.97,36.43800226493079
2006-01-05,0.64,29.82,20.82,80.03,24.71,37.12765395210554
2006-01-06,0.38,28.96,19.9,82.67,23.75,35.215053825938085
2006-01-07,0.32,27.79,18.79,79.29,22.6,31.48045849399485
2006-01-08,0.09,27.96,18.56,79.09,22.51,31.862202414359494
2006-01-09,0.16,28.34,18.28,80.95,22.75,33.13325450125532
2006-01-10,0.23,28.35,19.35,81.03,23.12,33.17410882388791
2006-01-11,0.0,28.9,19.02,79.04,23.47,34.26329811066445
2006-01-12,0.0,29.14,18.49,78.53,23.46,34.80447194745701
2006-01-13,0.16,30.11,20.13,79.38,24.79,37.82621801861454
2006-01-14,0.1,30.13,21.24,82.84,25.1,38.91778629246423
2006-01-15,0.73,30.16,21.14,83.23,25.13,39.137279712999344
2006-01-16,0.13,30.39,21.46,80.94,24.94,39.179192914845146
2006-01-17,0.01,30.14,20.69,80.01,24.54,38.102186539379495
2006-01-18,0.06,30.02,19.77,82.88,24.1,38.568079732132595
2006-01-19,0.37,30.4,19.1,78.5,24.71,38.4544467757711
2006-01-20,0.27,30.04,22.24,81.14,25.35,38.11967268713339
2006-01-21,0.01,30.48,21.36,81.89,25.11,39.77997689513034
2006-01-22,0.02,29.2,22.21,81.0,24.55,35.53600108588458
2006-01-23,0.43,28.73,20.5,80.12,24.48,34.02402351075983
2006-01-24,6.84,29.68,22.02,82.73,25.03,37.43080592861343
2006-01-25,34.36,27.83,23.13,89.86,25.03,33.19039931394791
2006-01-26,36.43,26.77,23.02,92.78,24.56,30.33814921662677
2006-01-27,2.42,29.21,22.3,86.08,25.18,36.80076184695539
2006-01-28,2.66,27.3,22.85,89.35,24.46,31.524238497244067
2006-01-29,4.66,28.65,22.77,86.37,25.21,35.083229949183995
2006-01-30,7.29,29.1,22.16,88.29,24.91,36.991164266457375
2006-01-31,0.33,29.76,22.04,84.31,25.32,38.13009195670182
2006-02-01,0.11,29.79,22.24,85.41,25.42,38.547453289669555
2006-02-02,0.82,29.95,20.94,81.49,24.66,37.93682071535677
2006-02-03,1.66,29.88,21.3,80.35,24.63,37.39780168062893
2006-02-04,0.19,28.15,18.91,76.11,22.82,31.859426334876602
2006-02-05,0.12,28.32,17.46,77.37,22.09,32.46483168847925
2006-02-06,0.12,29.34,18.69,80.85,23.58,35.90931830057526
2006-02-07,1.62,28.44,21.36,82.36,24.08,33.66247288410776
2006-02-08,1.78,28.46,21.06,79.86,23.79,33.253753805075206
2006-02-09,0.59,26.99,19.24,74.01,22.28,29.178208093912588
2006-02-10,0.14,28.03,18.1,76.95,22.22,31.708873784123526
2006-02-11,0.07,29.64,17.84,76.73,23.38,35.75260999202558
2006-02-12,0.0,28.89,20.13,78.66,23.96,34.15781175157684
2006-02-13,0.17,29.98,19.88,79.7,24.56,37.52112886569657
2006-02-14,1.17,29.71,21.53,80.8,25.19,37.00218277591994
2006-02-15,0.19,31.17,22.01,78.83,25.83,41.02514776737312
2006-02-16,0.01,31.59,22.44,79.16,26.02,42.571226814667995
2006-02-17,0.03,31.16,20.29,78.74,24.87,40.95970863448552
2006-02-18,0.29,30.6,20.1,78.39,24.78,39.04053204493984
2006-02-19,0.1,31.67,20.69,76.74,25.63,41.9036106736172
2006-02-20,0.06,31.95,20.81,79.45,25.67,43.95534774471368
2006-02-21,0.7,31.48,19.89,76.74,25.4,41.28047303321766
2006-02-22,0.31,32.34,21.06,77.87,26.21,44.6711521921933
2006-02-23,0.29,31.74,20.8,77.49,25.78,42.42857705036957
2006-02-24,0.19,31.1,20.55,75.9,25.0,39.77689193354106
2006-02-25,0.08,31.18,19.63,75.92,24.65,40.03208097751929
2006-02-26,1.79,31.17,20.0,74.82,25.29,39.625720233714134
2006-02-27,0.52,30.55,21.66,78.64,25.47,38.963343257391585
2006-02-28,0.0,31.12,20.42,70.33,25.41,38.02499700810756
2006-03-01,0.26,29.89,20.51,77.22,24.6,36.57840498994586
2006-03-02,1.28,29.83,21.25,77.54,24.58,36.49161361602695
2006-03-03,0.84,30.21,20.6,75.97,24.74,37.15072210713461
2006-03-04,1.88,27.87,20.27,81.61,23.92,32.01417676451901
2006-03-05,1.86,30.58,21.54,77.04,25.21,38.555267944821786
2006-03-06,0.34,31.5,20.8,76.22,25.44,41.153241129341986
2006-03-07,0.63,32.21,22.76,73.05,26.42,42.21545158590246
2006-03-08,0.18,32.03,22.46,74.4,26.3,42.17151549274008
2006-03-09,0.01,32.28,21.96,71.83,26.51,41.95288095592711
2006-03-10,0.22,30.11,22.69,74.7,25.82,36.52176318766913
2006-03-11,1.6,31.45,21.73,77.67,25.86,41.527618934330036
2006-03-12,0.7,30.43,22.63,79.47,26.34,38.846604994701316
2006-03-13,8.1,27.46,22.78,87.76,25.01,31.778554779835822
2006-03-14,5.21,30.12,21.77,79.75,25.29,37.96423360114376
2006-03-15,2.94,30.53,22.46,80.08,25.68,39.358232466364
2006-03-16,0.48,31.29,22.94,78.28,26.13,41.223226884908534
2006-03-17,0.08,33.06,22.13,73.09,26.7,45.04166144198436
2006-03-18,0.02,33.7,20.86,71.51,26.64,46.494663991941984
2006-03-19,0.02,34.41,21.77,70.53,27.43,48.49241380648692
2006-03-20,2.07,32.88,20.99,73.68,26.38,44.694706196615726
2006-03-21,1.02,32.18,20.6,73.79,25.89,42.41461631995305
2006-03-22,0.0,33.18,22.88,70.52,27.19,44.278938049671034
2006-03-23,0.0,33.97,22.19,67.82,27.23,45.60839357635469
2006-03-24,0.99,33.97,22.39,68.32,27.45,45.85011711295468
2006-03-25,0.53,33.22,22.7,73.46,27.31,45.7659033326143
2006-03-26,0.05,33.01,23.41,71.97,27.41,44.36677191892974
2006-03-27,0.0,34.4,22.58,68.08,27.8,47.171942817081685
2006-03-28,0.64,35.0,22.49,65.88,27.9,48.0500178602846
2006-03-29,3.32,32.75,23.15,72.94,27.21,43.92962574950167
2006-03-30,8.58,32.65,21.98,72.53,26.69,43.423516394338655
2006-03-31,6.87,31.51,21.96,79.06,25.86,42.25701734402138
2006-04-01,1.0,32.73,22.62,74.35,26.8,44.481303401431646
2006-04-02,0.47,32.72,23.49,74.5,27.17,44.51357839384441
2006-04-03,1.82,34.62,23.74,73.22,28.01,50.76355050377314
2006-04-04,0.22,34.59,22.21,67.5,27.7,47.517264274415346
2006-04-05,0.0,35.47,22.87,67.97,28.46,50.88068955169567
2006-04-06,0.0,36.2,24.08,66.87,29.18,52.904058049567766
2006-04-07,0.0,35.91,23.94,67.72,29.03,52.3539469356649
2006-04-08,0.0,32.53,22.71,71.66,27.2,42.67287457343144
2006-04-09,0.0,34.22,21.16,65.8,27.12,45.443860475493025
2006-04-10,0.0,35.08,20.97,65.93,27.93,48.348619611760114
2006-04-11,0.0,35.67,23.4,66.93,28.81,50.99029436499272
2006-04-12,0.05,35.43,23.17,65.7,28.63,49.42470133781109
2006-04-13,0.0,36.87,22.71,65.17,29.07,54.31213390707967
2006-04-14,0.8,35.92,23.9,63.0,29.07,49.56445909381403
2006-04-15,0.1,35.63,22.76,62.1,28.47,48.09566316743454
2006-04-16,1.85,34.83,23.95,65.8,28.52,47.43622197140194
2006-04-17,1.64,32.85,24.04,66.64,27.89,41.61978203875421
2006-04-18,0.0,34.99,22.22,61.68,27.94,45.844048717651226
2006-04-19,0.01,36.23,22.75,58.54,28.68,48.06316744192875
2006-04-20,0.3,36.74,23.47,62.02,29.15,51.80271576281718
2006-04-21,1.51,35.73,23.61,64.12,28.85,49.55969503547827
2006-04-22,0.17,34.9,22.72,62.5,28.49,45.97322106974053
2006-04-23,0.0,35.75,23.66,60.25,29.03,47.48017521468843
2006-04-24,0.0,36.8,22.08,60.27,28.95,50.92885889127374
2006-04-25,0.0,36.62,23.59,58.38,29.27,49.21293562800055
2006-04-26,0.0,36.86,23.07,59.03,29.42,50.378886742769446
2006-04-27,0.0,37.52,24.39,56.1,30.2,50.75852333334422
2006-04-28,8.59,37.34,24.33,62.33,29.81,54.152205676580124
2006-04-29,6.79,30.46,24.29,77.08,27.23,38.205898982426206
2006-04-30,1.63,35.15,24.41,67.18,29.22,49.28025466629675
2006-05-01,0.16,36.81,23.23,62.75,29.33,52.51112580160967
2006-05-02,0.04,36.77,24.12,62.17,29.95,52.00204511771495
2006-05-03,0.02,37.82,25.55,60.55,30.53,54.689071675598704
2006-05-04,0.0,37.87,23.7,55.07,29.87,51.251149562302295
2006-05-05,0.0,37.87,23.11,54.86,29.82,51.11950355351635
2006-05-06,1.38,36.85,24.59,57.38,29.99,49.37013334141985
2006-05-07,1.22,35.42,25.03,66.26,29.7,49.70823449058634
2006-05-08,1.12,37.6,24.6,61.42,30.33,54.48527745162797
2006-05-09,0.0,38.4,24.13,55.96,30.72,53.59147350902458
2006-05-10,10.23,37.6,25.24,62.75,30.38,55.40322579410617
2006-05-11,1.6,37.64,24.77,62.1,30.43,55.100204488994095
2006-05-12,5.02,35.36,25.39,65.57,29.46,49.109355208461395
2006-05-13,9.05,30.51,25.44,73.87,27.51,37.40018898155102
2006-05-14,7.8,29.2,24.57,79.66,26.47,35.225646465534595
2006-05-15,9.51,30.27,24.26,76.43,26.74,37.45396746936447
2006-05-16,6.69,30.24,24.31,80.27,26.72,38.49268136825129
2006-05-17,4.35,28.96,23.91,85.06,25.94,35.757671721109645
2006-05-18,6.78,30.37,23.23,82.43,26.1,39.58715599441238
2006-05-19,12.23,31.36,23.17,79.81,26.84,42.02870507593252
2006-05-20,11.94,30.41,24.16,81.75,26.7,39.50216927930253
2006-05-21,15.07,32.9,22.78,76.77,27.63,46.18989415389142
2006-05-22,6.43,32.12,24.5,77.11,27.83,43.5728645692623
2006-05-23,5.19,32.65,24.29,76.47,28.1,45.151660391929916
2006-05-24,5.96,31.76,24.82,79.88,27.84,43.455526488907395
2006-05-25,1.24,33.15,24.47,74.84,28.14,46.1742496314616
2006-05-26,1.18,32.27,24.0,69.8,28.34,41.134638873986205
2006-05-27,6.18,29.84,25.13,81.78,27.23,37.67257022985349
2006-05-28,2.09,30.45,24.49,80.1,27.33,39.10759434202893
2006-05-29,1.97,32.93,24.27,74.88,27.95,45.414283494421355
2006-05-30,4.33,31.74,24.55,74.57,28.05,41.307150436348905
2006-05-31,1.38,33.13,25.43,73.23,28.51,45.34637048492617
2006-06-01,6.89,34.11,24.65,70.71,29.01,47.52330910856856
2006-06-02,0.92,34.33,24.49,72.03,28.89,49.01127681634516
2006-06-03,9.92,30.79,25.19,80.17,27.49,40.23642203357149
2006-06-04,4.5,29.62,24.28,82.2,26.57,37.0995471666081
2006-06-05,4.38,29.21,23.59,81.61,26.31,35.70880083197716
2006-06-06,0.35,32.02,23.37,77.43,27.3,43.36043408068834
2006-06-07,0.23,33.25,24.43,72.16,28.1,45.26020316921584
2006-06-08,0.01,34.33,24.49,70.68,28.57,48.28663547309574
2006-06-09,2.5,34.9,24.25,71.13,28.66,50.6201577589033
2006-06-10,0.64,34.52,24.61,71.64,28.73,49.49630163734928
2006-06-11,0.76,32.02,24.8,76.97,27.86,43.171320919001424
2006-06-12,7.84,30.81,24.84,78.55,27.57,39.75628636033776
2006-06-13,11.13,34.37,23.82,72.93,28.52,49.65262307444774
2006-06-14,15.98,31.46,24.57,80.81,27.6,42.76301808699433
2006-06-15,14.93,29.72,24.89,87.15,26.4,38.81530454201092
2006-06-16,2.81,31.37,24.43,80.41,27.6,42.291879155963436
2006-06-17,1.39,31.39,24.89,80.07,27.69,42.23126682251578
2006-06-18,5.4,31.69,24.51,78.12,27.79,42.50640760854152
2006-06-19,2.14,32.82,23.57,78.06,27.56,46.50740170257449
2006-06-20,8.57,33.04,24.18,75.01,28.08,45.86330519532983
2006-06-21,13.62,31.62,24.02,77.21,27.37,41.917843696212714
2006-06-22,1.77,33.86,23.89,73.53,28.57,48.08645408418654
2006-06-23,3.99,33.4,25.64,74.76,28.89,47.0348234040544
2006-06-24,8.32,31.46,25.24,78.34,28.2,41.812557128377165
2006-06-25,9.79,32.46,25.14,78.11,28.03,45.20929963755275
2006-06-26,15.21,30.58,24.39,84.58,26.95,41.02920475626316
2006-06-27,11.61,31.69,23.88,83.26,27.24,44.60462115059897
2006-06-28,13.06,30.96,23.18,80.9,26.64,41.060435562836034
2006-06-29,10.0,32.06,23.65,80.75,27.28,44.91272327688759
2006-06-30,7.76,31.33,23.82,81.55,26.94,42.58955573541707
2006-07-01,2.54,29.4,24.26,85.89,26.61,37.3755923857739
2006-07-02,1.63,30.32,23.17,82.04,26.75,39.296976186494256
2006-07-03,1.34,30.08,24.15,84.41,26.72,39.23207588047032
2006-07-04,6.72,30.93,24.09,81.37,27.02,41.12521372307992
2006-07-05,12.34,30.49,24.7,84.17,27.18,40.57084888074939
2006-07-06,44.78,28.59,24.73,90.76,26.35,35.840098869585034
2006-07-07,30.66,28.26,24.62,91.12,26.09,34.80198079996109
2006-07-08,24.97,28.46,24.65,91.58,26.2,35.573181043252426
2006-07-09,7.27,28.25,24.51,90.76,26.06,34.698059447298824
2006-07-10,3.92,28.0,24.06,90.21,25.75,33.78457939229346
2006-07-11,56.76,26.97,24.14,92.67,25.27,30.928268833304077
2006-07-12,105.57,27.32,23.74,92.38,25.51,31.971797855923203
2006-07-13,110.4,27.37,24.71,93.79,25.9,32.31938302372082
2006-07-14,77.28,27.35,24.58,95.21,25.87,32.44767529653633
2006-07-15,15.15,27.65,23.58,92.52,25.46,33.042502903903426
2006-07-16,0.38,28.0,23.19,89.87,25.44,33.72482736116435
2006-07-17,8.22,28.99,23.57,88.98,25.83,36.788793743856445
2006-07-18,7.78,30.86,23.98,84.14,26.84,41.877618219614206
2006-07-19,5.6,30.19,24.35,89.02,26.56,41.11463696922827
2006-07-20,5.37,30.15,23.56,88.18,26.36,40.684618177648794
2006-07-21,3.68,29.39,24.09,90.55,26.29,38.613088345166474
2006-07-22,9.66,27.75,24.1,90.98,25.68,33.12039381740829
2006-07-23,23.1,28.37,23.77,90.45,25.9,35.03365612588975
2006-07-24,77.79,26.85,24.43,95.32,25.52,30.827478616942326
2006-07-25,45.88,26.97,23.68,94.86,25.3,31.162521692334582
2006-07-26,50.49,26.96,23.78,93.96,25.25,31.034379550649888
2006-07-27,20.76,27.91,22.68,89.71,24.97,33.414626915591384
2006-07-28,4.2,27.09,23.05,90.73,24.84,31.074850828396066
2006-07-29,7.69,28.65,23.18,86.96,25.5,35.20936640473418
2006-07-30,26.86,27.71,23.53,92.19,25.28,33.18509014257061
2006-07-31,91.3,26.71,23.55,95.04,24.94,30.35949102988309
2006-08-01,43.39,26.38,23.63,93.96,24.86,29.277826665070066
2006-08-02,10.76,26.51,23.38,93.68,24.69,29.6413013760537
2006-08-03,3.83,27.16,23.41,93.34,25.01,31.590792194222544
2006-08-04,13.3,28.14,23.45,90.78,25.55,34.34019420228133
2006-08-05,13.38,28.74,23.17,89.08,25.6,35.96969252992177
2006-08-06,8.25,28.11,23.3,90.19,25.2,34.133209463950976
2006-08-07,7.43,27.57,23.46,92.15,25.12,32.72905995516099
2006-08-08,7.94,28.04,22.98,89.79,25.35,33.837260745360595
2006-08-09,10.2,27.97,23.32,89.8,25.41,33.61802312014962
2006-08-10,6.77,27.48,23.98,93.51,25.29,32.637915468997804
2006-08-11,22.78,27.71,23.58,93.41,25.48,33.3803344206256
2006-08-12,22.49,26.61,23.43,94.01,24.92,29.965250012562112
2006-08-13,13.95,26.39,23.06,94.73,24.69,29.35754059611096
2006-08-14,38.37,27.69,23.47,94.5,25.36,33.488968009119
2006-08-15,22.03,27.77,23.26,93.06,25.38,33.52273886594019
2006-08-16,12.45,27.3,23.87,92.52,25.31,31.92746091372091
2006-08-17,16.63,27.06,23.77,92.41,25.14,31.173428326101302
2006-08-18,60.81,26.28,23.82,94.19,25.15,28.99932636842991
2006-08-19,65.65,26.72,23.64,94.57,24.98,30.34857769525392
2006-08-20,50.01,26.83,23.37,93.24,25.04,30.56151349593834
2006-08-21,21.37,27.31,23.59,92.3,25.26,31.93016483869341
2006-08-22,24.78,27.71,23.75,93.18,25.46,33.343314938012426
2006-08-23,11.69,28.68,23.0,88.58,25.69,35.65905646220693
2006-08-24,2.65,28.56,23.31,89.76,25.79,35.52055106073793
2006-08-25,10.63,29.63,24.44,87.26,26.43,38.53346441157112
2006-08-26,29.91,27.05,23.6,89.89,24.99,30.8663312945985
2006-08-27,18.07,28.12,22.86,91.47,25.14,34.40380060101584
2006-08-28,3.19,27.75,23.13,91.76,25.29,33.245425425234245
2006-08-29,0.06,30.13,23.18,84.02,26.63,39.281134261701276
2006-08-30,2.2,29.84,23.88,87.98,26.52,39.48927988523802
2006-08-31,3.36,29.71,23.48,86.41,26.16,38.56497559523342
2006-09-01,0.85,29.47,22.41,85.44,25.53,37.48658938552009
2006-09-02,0.47,29.99,22.77,83.8,25.87,38.743657106686584
2006-09-03,1.58,28.8,23.26,84.08,26.01,35.049441729203494
2006-09-04,1.61,28.93,23.86,86.24,26.37,35.9364416789213
2006-09-05,1.94,29.71,24.01,86.27,26.54,38.52446923147492
2006-09-06,8.71,28.09,23.69,90.36,25.41,34.0999711898415
2006-09-07,9.12,28.51,23.64,89.82,25.74,35.36722437907357
2006-09-08,4.74,29.59,23.73,87.61,26.07,38.494285628626706
2006-09-09,10.53,29.03,23.58,88.22,25.62,36.737442141522514
2006-09-10,14.66,26.16,23.26,94.14,24.52,28.64919434119527
2006-09-11,11.76,27.08,23.36,93.38,24.7,31.34492827990168
2006-09-12,1.05,28.06,22.69,85.56,25.33,33.16116268139089
2006-09-13,15.29,30.26,24.05,82.42,26.66,39.21793847144656
2006-09-14,11.37,29.02,24.18,87.59,26.02,36.54998949146848
2006-09-15,22.38,27.32,23.45,91.91,25.14,31.910525972709056
2006-09-16,10.39,28.47,22.99,90.77,25.53,35.43495029420913
2006-09-17,3.72,28.56,23.81,90.13,25.67,35.600632724416045
2006-09-18,4.46,28.65,23.42,87.15,25.78,35.25019697654038
2006-09-19,4.64,29.11,24.01,87.62,26.09,36.856926781303436
2006-09-20,8.69,27.22,24.17,89.29,25.56,31.285748213611498
2006-09-21,7.17,29.07,22.81,88.24,25.71,36.87716993621547
2006-09-22,11.13,29.2,23.18,88.01,25.99,37.25933993650036
2006-09-23,4.08,26.97,23.11,93.26,24.8,30.99087268059766
2006-09-24,5.03,29.33,22.17,88.27,25.73,37.773559453624415
2006-09-25,10.78,27.33,23.82,92.92,25.31,32.07425397715551
2006-09-26,8.4,29.72,23.12,88.24,25.85,39.13730528491716
2006-09-27,13.12,31.17,23.96,84.04,26.82,42.97341945288172
2006-09-28,29.5,29.85,24.01,89.23,26.41,39.91141334843101
2006-09-29,11.99,28.18,23.77,91.39,25.72,34.58796910093766
2006-09-30,7.42,27.83,23.83,92.94,25.54,33.7022844238023
2006-10-01,4.95,26.93,23.74,93.24,24.98,30.866027345013745
2006-10-02,4.27,29.1,23.14,88.74,25.91,37.10460074001329
2006-10-03,1.99,29.52,23.44,87.27,26.35,38.15569954128668
2006-10-04,0.1,29.75,22.91,86.96,26.01,38.86424328239679
2006-10-05,0.04,29.8,23.07,83.95,25.68,38.15896760987044
2006-10-06,0.55,28.63,22.49,87.5,24.96,35.2618824588088
2006-10-07,1.67,29.12,22.68,84.95,25.38,36.233162364198236
2006-10-08,1.62,29.38,22.28,83.35,25.48,36.651778692181175
2006-10-09,1.05,29.94,22.66,82.03,25.83,38.06041906960168
2006-10-10,3.94,30.34,22.45,82.3,25.82,39.445587414908715
2006-10-11,10.85,28.46,23.24,88.79,25.35,34.98813219765348
2006-10-12,6.06,30.77,21.66,82.45,25.89,40.955102469714575
2006-10-13,3.39,28.32,22.62,89.95,25.11,34.768335100205704
2006-10-14,3.02,29.83,23.28,86.62,26.25,39.04247668764254
2006-10-15,9.11,28.92,23.36,87.51,25.77,36.20133737279603
2006-10-16,7.35,28.98,23.24,85.94,25.56,36.02559671789098
2006-10-17,5.84,30.91,22.7,82.5,26.18,41.46066786389661
2006-10-18,0.21,30.28,21.76,79.14,25.63,38.277850138760584
2006-10-19,0.0,29.8,20.23,76.56,24.74,36.15264930753959
2006-10-20,0.03,30.35,19.43,76.16,24.74,37.608504427474294
2006-10-21,0.07,31.32,22.56,78.06,26.35,41.2419390674536
2006-10-22,0.05,31.36,22.48,79.65,26.26,41.968157248337604
2006-10-23,0.08,31.33,21.28,79.23,26.09,41.708114561214046
2006-10-24,6.96,30.02,20.89,77.37,25.48,36.99248872654942
2006-10-25,9.92,30.19,22.95,79.72,26.53,38.17194736129001
2006-10-26,9.43,29.77,24.31,80.7,26.63,37.15791778153459
2006-10-27,7.87,28.06,23.04,84.16,25.24,32.92516471403341
2006-10-28,3.31,30.32,23.01,80.54,25.97,38.82905575469207
2006-10-29,62.79,29.28,23.72,88.88,26.07,37.76305358877906
2006-10-30,90.72,26.07,24.03,95.64,25.04,28.455805376387225
2006-10-31,13.88,27.01,23.97,93.78,25.2,31.17116810357
2006-11-01,10.61,29.1,23.2,89.48,25.72,37.29259616104646
2006-11-02,9.79,28.87,22.91,90.51,25.66,36.747786439530934
2006-11-03,2.88,28.53,23.13,89.4,25.52,35.34405392276985
2006-11-04,1.12,27.89,23.3,89.99,25.17,33.3991474206014
2006-11-05,1.61,29.53,22.53,86.73,25.77,38.03972216251521
2006-11-06,1.4,27.74,23.1,86.82,25.1,32.44436670856153
2006-11-07,4.73,28.16,23.36,85.36,25.39,33.415137363369276
2006-11-08,0.4,29.85,22.43,83.72,25.76,38.25704612272437
2006-11-09,1.21,31.08,21.46,83.09,25.98,42.28200566335849
2006-11-10,4.41,31.07,21.02,82.75,25.91,42.11868777953523
2006-11-11,36.07,28.65,22.91,88.23,25.43,35.484233412248116
2006-11-12,14.22,27.73,23.7,91.34,25.35,33.11426012850574
2006-11-13,3.53,27.42,23.1,91.39,25.06,32.150124317955516
2006-11-14,0.31,29.96,23.36,86.82,25.97,39.560638712101984
2006-11-15,0.6,28.82,22.08,88.35,25.18,36.06814052004326
2006-11-16,1.85,30.22,22.55,84.08,25.9,39.60634498607236
2006-11-17,0.28,29.26,22.37,85.51,25.35,36.81914943634587
2006-11-18,0.03,30.09,22.0,84.32,25.52,39.23829605421765
2006-11-19,1.27,30.46,22.2,83.91,25.98,40.37874299431397
2006-11-20,0.07,28.48,23.02,83.54,25.38,34.000254854750715
2006-11-21,0.08,28.38,22.5,84.92,24.72,33.97523265282231
2006-11-22,0.05,28.84,21.68,84.77,25.03,35.32175944967277
2006-11-23,0.0,30.04,22.02,79.61,25.75,37.678437550652866
2006-11-24,0.13,31.06,22.31,78.97,26.42,40.71149579242328
2006-11-25,0.1,30.86,22.28,83.35,26.14,41.59077484953442
2006-11-26,0.02,30.53,22.26,78.36,25.95,38.813028362483095
2006-11-27,0.0,31.13,22.28,82.36,26.1,42.18648336267376
2006-11-28,0.01,30.69,20.61,82.52,25.31,40.70316025682195
2006-11-29,0.01,30.64,21.24,79.38,25.16,39.485529582909294
2006-11-30,0.35,30.78,20.62,83.51,25.23,41.364205782431696
2006-12-01,7.31,28.63,23.54,87.89,25.66,35.34584092153585
2006-12-02,0.58,30.47,22.16,85.05,25.52,40.79840477668689
2006-12-03,0.08,30.1,21.87,84.37,25.77,39.28778337098658
2006-12-04,1.46,28.16,22.62,87.09,25.24,33.72388039892015
2006-12-05,0.4,28.44,22.32,84.98,25.03,34.163283401352764
2006-12-06,0.25,29.68,20.8,82.84,24.96,37.4608626807935
2006-12-07,1.3,30.33,21.76,80.03,25.5,38.7039140022912
2006-12-08,0.22,30.93,21.78,81.21,25.37,41.06831130035235
2006-12-09,1.24,30.69,20.52,80.53,25.33,40.02762771434308
2006-12-10,20.48,26.27,22.76,85.19,24.29,28.472389840773523
2006-12-11,9.5,27.59,22.68,88.75,24.8,32.29281751396365
2006-12-12,6.27,28.46,23.58,91.47,25.49,35.549725333962925
2006-12-13,0.61,30.57,22.47,86.74,25.84,41.75115245007348
2006-12-14,0.02,29.9,22.33,85.52,25.82,38.954987791542166
2006-12-15,0.1,30.57,23.06,83.42,26.1,40.59600035416948
2006-12-16,0.03,30.66,22.39,83.76,25.9,41.02804463656733
2006-12-17,0.12,30.06,20.94,80.95,24.99,38.12727588657427
2006-12-18,0.08,27.5,19.97,78.37,22.87,30.684898469246907
2006-12-19,0.03,29.22,20.12,79.91,23.89,35.33983581743861
2006-12-20,0.04,30.24,21.46,78.21,25.18,37.880587573368636
2006-12-21,2.26,30.32,21.83,84.86,25.09,40.20442027669584
2006-12-22,0.09,30.01,21.73,81.87,25.18,38.23759723048943
2006-12-23,0.39,29.11,21.04,79.59,24.26,34.957499424766695
2006-12-24,0.3,29.11,20.76,82.1,24.4,35.52824702335796
2006-12-25,0.02,28.9,21.57,82.3,24.64,34.95771300872795
2006-12-26,0.0,28.28,21.3,80.92,24.06,32.96913163413574
2006-12-27,0.0,28.49,19.48,79.4,23.6,33.24803886576646
2006-12-28,0.0,29.01,18.84,80.74,23.52,34.93145288794355
2006-12-29,0.94,26.47,21.33,82.11,23.16,28.74002023533976
2006-12-30,0.76,26.77,20.81,80.89,23.15,29.30984981016207
2006-12-31,0.14,29.15,21.1,82.16,24.18,35.6607280939901
2007-01-01,0.26,30.05,21.24,81.58,24.78,38.28031024169549
2007-01-02,0.12,30.93,21.43,82.52,25.49,41.53809701565624
2007-01-03,0.39,30.66,22.11,84.25,25.73,41.19927883319537
2007-01-04,0.17,30.7,22.65,84.19,25.98,41.320824075888055
2007-01-05,0.2,30.73,22.74,83.04,25.89,41.02241619256193
2007-01-06,0.11,30.32,22.25,82.76,25.35,39.52521943383479
2007-01-07,0.11,29.65,21.32,78.13,24.39,36.13070818718054
2007-01-08,1.59,27.8,20.82,78.92,23.31,31.452638898751427
2007-01-09,0.41,28.21,20.37,78.02,23.33,32.304261425550635
2007-01-10,0.02,27.6,19.4,81.07,22.93,31.261219564455523
2007-01-11,0.21,30.06,20.02,79.08,24.4,37.58830369481731
2007-01-12,0.7,30.04,21.4,81.16,24.92,38.12550666992615
2007-01-13,0.26,30.36,20.64,80.92,24.58,39.07574686181741
2007-01-14,0.27,27.78,20.99,82.89,23.75,31.970077063183062
2007-01-15,0.69,28.33,20.66,81.11,23.63,33.13504762061277
2007-01-16,2.62,30.34,21.04,82.76,24.86,39.59234368925398
2007-01-17,0.41,31.18,21.03,82.52,25.13,42.42568480319429
2007-01-18,0.3,30.57,19.63,79.82,24.86,39.403339556678176
2007-01-19,0.0,30.69,20.77,80.89,24.77,40.14838771055129
2007-01-20,0.07,30.93,19.21,81.05,24.44,41.0115413256939
2007-01-21,0.01,30.68,19.26,77.76,24.61,39.08876379028348
2007-01-22,0.02,30.92,19.65,76.17,24.79,39.31304343416087
2007-01-23,0.2,30.99,19.95,79.25,24.91,40.579176827858724
2007-01-24,0.3,30.41,21.46,78.94,25.2,38.620039801837464
2007-01-25,0.18,30.45,21.0,79.12,24.92,38.80057948458651
2007-01-26,0.11,29.93,20.96,76.21,24.56,36.42440223373266
2007-01-27,0.47,28.91,20.89,83.07,23.94,35.15614400571646
2007-01-28,1.36,28.46,18.48,75.27,22.84,32.44422982114676
2007-01-29,0.65,25.16,17.54,73.21,20.25,26.174492241886114
2007-01-30,0.06,26.95,16.95,72.55,21.33,28.980425012428263
2007-01-31,0.02,27.56,16.82,71.05,21.54,29.955571800815676
2007-02-01,0.21,27.98,16.72,71.59,21.68,30.839478673354947
2007-02-02,0.04,26.13,17.43,69.57,20.62,27.465043884455486
2007-02-03,0.0,27.5,16.54,70.84,20.99,29.820454365395612
2007-02-04,0.0,28.54,15.93,72.92,21.79,32.22888916120407
2007-02-05,0.0,29.64,16.82,73.53,23.07,34.981793278604414
2007-02-06,0.31,30.74,19.93,74.02,24.82,38.0974521678016
2007-02-07,1.66,30.5,20.7,80.31,24.9,39.335154592275565
2007-02-08,0.29,31.76,20.27,75.36,25.19,41.67012798247311
2007-02-09,0.0,31.63,19.31,74.96,24.77,41.10355342658607
2007-02-10,0.0,31.9,19.18,76.04,24.86,42.39284835120913
2007-02-11,0.52,31.05,20.4,77.95,25.12,40.322182876817664
2007-02-12,0.3,31.29,19.97,76.5,25.11,40.58170356565704
2007-02-13,0.19,31.48,20.24,77.01,25.25,41.380587830626965
2007-02-14,0.01,31.19,21.02,76.02,25.43,40.09782451010678
2007-02-15,0.01,32.08,20.68,72.33,25.44,41.52399859258682
2007-02-16,0.0,31.63,18.43,72.31,24.53,40.14346972077077
2007-02-17,0.0,31.91,19.5,67.28,25.03,39.192670359750096
2007-02-18,0.19,30.99,21.11,73.58,25.64,38.68263754333888
2007-02-19,0.01,32.86,22.16,72.87,26.58,44.26604566004241
2007-02-20,0.03,33.04,20.42,73.52,26.36,45.17035443335092
2007-02-21,1.01,33.08,22.36,74.49,27.02,45.760357786841915
2007-02-22,0.15,32.33,22.87,75.26,26.58,43.51456821606878
2007-02-23,0.56,33.16,21.38,72.48,26.5,45.10229778098255
2007-02-24,0.21,33.08,21.37,75.47,26.54,46.2240940586366
2007-02-25,0.4,33.25,22.75,73.37,26.7,45.82791631733127
2007-02-26,0.71,31.14,20.96,77.14,25.35,40.32896556035333
2007-02-27,0.01,32.14,20.59,68.08,25.54,40.11669489911675
2007-02-28,0.0,32.03,18.86,64.52,24.92,38.5823177908973
2007-03-01,0.39,32.37,17.92,69.18,25.04,41.19580404005821
2007-03-02,0.14,32.94,21.05,70.42,26.16,43.45918028876185
2007-03-03,1.68,33.38,19.71,69.08,26.1,44.280586410760606
2007-03-04,2.45,32.59,21.55,75.1,26.22,44.33192791757095
2007-03-05,0.06,32.02,22.58,73.6,26.09,41.8262845146541
2007-03-06,0.07,32.11,20.85,72.08,25.74,41.52094598952579
2007-03-07,2.13,32.18,21.63,69.55,25.7,40.77296642867474
2007-03-08,0.04,31.7,21.54,70.98,25.6,39.881202754037936
2007-03-09,0.0,32.98,22.01,68.34,26.31,42.702314197742204
2007-03-10,0.24,33.5,20.83,69.62,26.45,44.91726922748063
2007-03-11,0.04,33.19,21.35,68.14,26.51,43.265822634999836
2007-03-12,1.75,33.14,20.67,69.24,26.05,43.585220297443136
2007-03-13,0.07,33.34,20.87,68.62,26.39,43.94692135263
2007-03-14,0.01,33.69,20.59,65.96,26.28,43.855394316359266
2007-03-15,0.04,33.74,20.19,69.95,26.68,45.87133340145208
2007-03-16,0.15,34.48,22.59,68.94,27.77,47.894495521289286
2007-03-17,0.29,32.73,23.58,72.28,27.19,43.57858224168401
2007-03-18,0.39,33.33,21.57,69.47,26.83,44.29500565749862
2007-03-19,1.39,30.96,22.38,76.5,25.91,39.54533091291574
2007-03-20,6.71,31.67,22.44,77.94,25.7,42.36789815981799
2007-03-21,1.48,32.67,21.34,75.07,26.0,44.59442884098181
2007-03-22,9.6,33.21,21.38,75.92,26.25,46.91339589389769
2007-03-23,1.2,33.31,21.82,72.91,26.88,45.818473690508185
2007-03-24,5.43,32.67,22.34,74.19,27.02,44.20639754241407
2007-03-25,1.89,31.81,23.14,77.46,26.91,42.65377890526949
2007-03-26,0.02,33.7,23.36,71.25,27.83,46.36702619464904
2007-03-27,0.0,35.81,21.66,67.57,28.0,51.8894666862816
2007-03-28,0.0,36.1,23.04,67.75,28.32,53.087385647156985
2007-03-29,0.0,35.86,21.93,67.7,27.78,52.15505608837099
2007-03-30,0.0,36.14,20.61,65.25,27.69,51.67165012427489
2007-03-31,0.0,36.16,21.05,64.48,28.07,51.27279756864051
2007-04-01,0.0,36.13,21.87,65.35,28.32,51.6970007896557
2007-04-02,0.0,35.17,22.67,67.19,28.06,49.35618010619427
2007-04-03,1.86,34.68,23.7,69.8,28.2,49.064059930986076
2007-04-04,2.98,34.53,23.39,65.31,27.83,46.19985470463305
2007-04-05,1.02,33.63,22.31,64.2,27.0,42.90281397808846
2007-04-06,0.07,34.79,22.03,62.41,27.59,45.586489436894766
2007-04-07,0.93,34.69,22.28,64.0,27.6,46.059526546215785
2007-04-08,1.35,33.91,23.31,68.54,27.85,45.758103815643494
2007-04-09,9.01,33.41,23.17,71.9,27.51,45.6839100632251
2007-04-10,0.87,33.16,23.16,71.96,27.31,44.863771523728786
2007-04-11,5.82,32.71,23.84,74.13,27.31,44.315902793236404
2007-04-12,9.59,33.75,22.97,73.46,27.75,47.64986434963247
2007-04-13,1.28,32.58,23.71,74.45,27.13,44.014502026341574
2007-04-14,0.05,34.75,23.13,69.79,28.53,49.31046584094727
2007-04-15,0.0,35.21,24.72,68.58,28.8,50.290666697337116
2007-04-16,0.23,36.36,23.0,64.91,29.13,52.256627112532186
2007-04-17,1.09,33.24,24.71,72.61,28.59,45.43575284922905
2007-04-18,0.25,34.05,24.21,72.13,28.25,48.04657762232576
2007-04-19,0.27,35.43,24.47,67.41,29.39,50.40712193919237
2007-04-20,0.04,35.89,24.96,66.63,29.73,51.60908811628585
2007-04-21,0.16,33.49,24.87,68.08,28.55,44.181648117202684
2007-04-22,0.21,36.24,23.06,64.27,29.28,51.42910148589964
2007-04-23,0.08,35.33,24.69,63.91,29.37,48.09306561592119
2007-04-24,0.03,37.29,22.28,62.86,29.42,54.32584332644129
2007-04-25,0.05,37.07,25.12,63.58,30.15,53.99687862407523
2007-04-26,0.06,38.29,23.44,60.3,30.22,56.237819996638876
2007-04-27,0.26,37.65,24.34,59.72,30.43,53.51800284295697
2007-04-28,0.33,36.93,24.62,61.59,29.75,52.1984992290472
2007-04-29,2.24,34.53,23.55,69.39,28.09,48.308379499286254
2007-04-30,0.12,37.01,22.72,62.48,29.2,53.054187671612624
2007-05-01,0.06,37.64,23.36,60.11,29.84,53.743259004064456
2007-05-02,0.23,37.27,24.75,60.51,29.86,52.69991684969659
2007-05-03,0.86,37.7,23.42,57.81,29.82,52.43578655311615
2007-05-04,7.23,37.72,23.8,64.04,29.57,56.77682013330189
2007-05-05,5.88,35.69,23.17,67.48,28.59,51.39277884544447
2007-05-06,1.86,34.58,24.2,66.45,28.5,46.94034160650598
2007-05-07,3.59,34.34,23.14,68.11,28.13,46.98386710985954
2007-05-08,3.75,29.95,24.48,81.21,26.57,37.85666060864589
2007-05-09,13.12,28.01,23.85,85.47,25.79,33.0026392341882
2007-05-10,15.98,31.26,23.27,77.91,26.9,40.99004734151448
2007-05-11,16.3,30.3,24.26,80.59,27.04,38.78056173944941
2007-05-12,3.76,31.2,23.93,79.32,27.3,41.30275243437981
2007-05-13,7.26,32.21,24.56,76.55,27.99,43.64832666570295
2007-05-14,1.72,32.2,24.64,76.49,27.93,43.588763208355736
2007-05-15,0.49,36.04,22.98,68.53,29.19,53.35679549336933
2007-05-16,0.02,35.49,23.6,70.66,28.97,52.58244624205268
2007-05-17,0.0,36.15,24.88,65.91,29.73,52.11577203522185
2007-05-18,5.95,31.95,25.4,77.74,28.34,43.24618256569294
2007-05-19,2.41,30.66,25.03,79.3,27.49,39.5235651861339
2007-05-20,2.14,33.97,25.13,71.71,28.67,47.542879385688025
2007-05-21,9.33,28.56,24.47,79.79,26.27,33.50417253618728
2007-05-22,7.53,28.84,24.49,77.79,26.37,33.84935036818365
2007-05-23,8.74,30.43,23.54,83.34,26.64,40.08606254276512
2007-05-24,4.23,31.53,24.13,81.35,27.35,43.226803578846756
2007-05-25,9.54,29.88,25.07,84.21,27.09,38.49886652890822
2007-05-26,19.98,30.08,24.26,84.22,26.76,39.17353073617171
2007-05-27,13.08,28.97,23.92,86.74,26.14,36.18224821061062
2007-05-28,12.11,29.7,23.93,84.23,26.34,37.91020374956831
2007-05-29,4.93,30.47,23.8,82.0,26.71,39.78244175280142
2007-05-30,3.56,28.41,23.88,86.84,25.96,34.43742294700991
2007-05-31,2.39,30.36,24.19,82.98,27.04,39.730433309323956
2007-06-01,8.32,30.84,24.76,83.95,27.34,41.7364026719094
2007-06-02,23.3,30.02,24.54,87.14,26.56,39.8746905686855
2007-06-03,2.04,31.05,24.5,81.09,27.51,41.43690438333677
2007-06-04,1.43,30.52,25.31,80.69,27.74,39.52233195694578
2007-06-05,0.65,30.87,24.37,81.32,27.52,40.90237600948316
2007-06-06,2.32,32.65,24.18,77.33,28.09,45.54308197978393
2007-06-07,0.4,32.67,24.85,76.88,28.25,45.409349903266936
2007-06-08,8.81,31.33,25.18,79.83,27.94,41.93319642001938
2007-06-09,6.08,30.82,25.29,83.37,27.5,41.45597537843493
2007-06-10,1.66,31.7,24.24,77.55,27.54,42.317084354612014
2007-06-11,1.91,31.16,24.26,78.41,27.54,40.841649677632944
2007-06-12,2.85,31.93,23.97,78.09,27.64,43.32032958007377
2007-06-13,2.21,30.39,24.33,83.12,27.07,39.877498513068275
2007-06-14,2.6,31.48,24.3,80.94,27.48,42.885069773059044
2007-06-15,0.77,33.14,23.76,73.96,28.34,45.7220463724436
2007-06-16,5.16,32.35,25.06,76.48,28.24,44.10232415633313
2007-06-17,2.3,34.03,23.39,74.41,28.54,49.18394592354853
2007-06-18,4.59,32.99,25.12,75.53,28.38,45.92982396231545
2007-06-19,8.11,33.97,24.02,75.85,28.58,49.73751066548357
2007-06-20,8.95,34.15,24.83,76.22,28.63,50.64544608080155
2007-06-21,12.9,28.49,25.07,87.18,26.65,34.75336939770491
2007-06-22,8.52,29.81,24.56,85.46,26.72,38.62993741381186
2007-06-23,19.24,29.21,24.48,85.58,26.7,36.67522498064869
2007-06-24,16.02,29.21,24.44,88.53,26.41,37.42824869882679
2007-06-25,16.97,28.74,24.63,89.38,26.16,36.03800124582462
2007-06-26,18.39,28.25,23.33,88.49,25.7,34.26017860350707
2007-06-27,8.82,29.55,23.39,85.73,26.17,37.83076942368556
2007-06-28,11.92,28.94,23.54,86.81,26.04,36.10172857893172
2007-06-29,5.04,31.04,23.49,83.68,26.69,42.359317523776134
2007-06-30,4.73,29.16,24.03,87.28,26.19,36.93846926381923
2007-07-01,3.93,29.4,23.48,84.94,26.21,37.12550023693992
2007-07-02,5.21,30.23,24.05,85.33,26.68,40.04162000607411
2007-07-03,7.48,28.46,24.07,85.53,26.19,34.33056988409064
2007-07-04,2.8,31.12,23.36,80.02,27.22,41.28752682363666
2007-07-05,10.14,30.6,24.22,81.11,27.14,39.92289475022413
2007-07-06,13.36,30.78,24.3,82.15,27.01,40.884781263562225
2007-07-07,8.02,29.97,23.93,83.24,26.77,38.51088889466261
2007-07-08,7.0,29.65,23.46,84.68,26.26,37.87168976882533
2007-07-09,6.71,29.02,23.95,90.96,25.8,37.38780571731313
2007-07-10,5.49,29.25,24.56,89.76,26.43,37.89261322965136
2007-07-11,3.35,29.87,24.55,87.23,26.51,39.367501974823426
2007-07-12,12.37,28.87,24.1,89.93,25.76,36.6083865140364
2007-07-13,33.08,27.81,24.29,92.46,26.12,33.55541560066215
2007-07-14,20.4,28.13,24.32,93.29,25.91,34.783747652999665
2007-07-15,5.98,29.38,23.86,90.99,26.21,38.70026320465061
2007-07-16,1.13,30.79,24.07,85.7,27.2,42.19284473902985
2007-07-17,10.16,29.68,24.72,86.14,26.92,38.38452471752896
2007-07-18,9.01,30.67,23.52,82.98,26.96,40.79259834407828
2007-07-19,1.94,29.39,24.72,84.35,26.75,36.939881785987794
2007-07-20,2.34,30.3,24.1,84.86,26.79,40.13434011077508
2007-07-21,0.42,31.76,24.6,79.54,27.84,43.31695926773576
2007-07-22,2.27,31.44,24.79,80.7,27.87,42.64935516782852
2007-07-23,2.82,32.0,24.17,81.38,27.67,44.96406969604013
2007-07-24,0.9,29.54,24.57,84.17,26.79,37.373690573945225
2007-07-25,3.1,32.18,23.68,80.64,27.62,45.31074815815563
2007-07-26,16.59,31.43,24.69,84.33,27.44,44.06360148819668
2007-07-27,22.22,32.42,24.7,76.83,27.93,44.49884589525184
2007-07-28,7.01,30.32,23.49,83.27,26.89,39.68832083523522
2007-07-29,17.2,28.43,24.43,89.01,26.14,34.936370253213994
2007-07-30,4.74,29.88,24.31,84.62,26.81,38.61941469821432
2007-07-31,5.86,30.55,24.4,83.83,27.07,40.66574417298188
2007-08-01,5.56,30.78,24.68,83.68,27.32,41.424787014086434
2007-08-02,4.38,30.27,24.29,87.37,26.81,40.85814187060156
2007-08-03,1.51,29.92,24.34,85.93,26.42,39.14760671789559
2007-08-04,8.31,29.34,23.76,88.37,26.17,37.83509419023392
2007-08-05,12.21,28.67,23.72,91.18,25.89,36.209711237776396
2007-08-06,18.96,28.96,24.04,89.88,26.02,36.90690914674476
2007-08-07,82.77,27.58,23.86,93.3,25.59,32.933792142430924
2007-08-08,136.09,27.23,24.93,94.64,25.91,31.975899013997434
2007-08-09,105.84,27.22,24.61,94.82,25.72,31.966076922245563
2007-08-10,38.52,27.91,23.9,92.14,25.6,33.83034682639712
2007-08-11,6.29,28.42,23.52,91.49,25.63,35.41719249326199
2007-08-12,4.23,29.49,23.58,90.47,26.13,38.95668671789835
2007-08-13,22.26,29.02,23.78,92.15,26.14,37.692395919527826
2007-08-14,23.05,27.97,24.04,93.4,25.72,34.25484378660384
2007-08-15,22.93,27.61,24.05,93.04,25.55,32.99241220084425
2007-08-16,17.41,27.03,23.64,91.98,25.0,31.03514657619889
2007-08-17,70.58,26.65,22.84,94.29,24.75,30.109543915690224
2007-08-18,46.7,27.01,23.96,95.12,25.26,31.31943871524316
2007-08-19,11.11,27.57,23.98,93.71,25.52,32.96289179739518
2007-08-20,7.77,28.49,23.27,91.05,25.51,35.56240318270963
2007-08-21,2.63,28.27,22.85,89.53,25.47,34.52360618242451
2007-08-22,3.23,28.73,23.3,88.19,25.76,35.73590674991496
2007-08-23,16.68,29.78,23.47,86.01,25.97,38.68877325024002
2007-08-24,13.82,29.67,23.88,87.57,26.33,38.76284307504297
2007-08-25,5.14,28.85,24.15,90.75,25.89,36.7358103122141
2007-08-26,6.16,28.62,23.14,90.7,25.9,35.92924620633499
2007-08-27,11.75,28.95,22.85,88.53,25.47,36.54400332828731
2007-08-28,27.51,26.9,23.48,91.94,24.85,30.643431698984777
2007-08-29,5.88,27.53,22.51,88.06,24.67,32.020005091592225
2007-08-30,4.28,26.11,22.45,88.54,24.02,28.25410732994025
2007-08-31,11.4,26.75,21.88,91.94,24.39,30.20324963688097
2007-09-01,35.11,26.24,23.05,94.23,24.54,28.885090683612564
2007-09-02,12.61,27.52,22.74,91.35,24.98,32.45459494818627
2007-09-03,0.99,28.18,23.48,88.58,25.6,34.05780773341282
2007-09-04,0.97,29.69,23.21,86.85,25.98,38.623435813259455
2007-09-05,0.82,29.69,22.55,88.29,25.8,39.04487840821762
2007-09-06,10.3,29.03,22.82,88.24,25.51,36.742361707490645
2007-09-07,1.4,28.58,23.51,90.27,25.6,35.69843372838609
2007-09-08,9.71,29.27,23.46,88.72,26.05,37.685660620084576
2007-09-09,2.9,29.25,23.79,89.15,25.98,37.73005507197222
2007-09-10,1.6,30.81,23.82,84.55,27.05,41.84586232538317
2007-09-11,3.43,29.95,23.95,88.16,26.29,39.9432171952691
2007-09-12,2.76,27.6,23.47,92.62,25.24,32.89593496122226
2007-09-13,27.16,28.55,23.2,90.36,25.32,35.6168823066819
2007-09-14,8.74,29.37,22.99,87.39,25.86,37.67479138208592
2007-09-15,14.04,28.57,23.76,91.15,25.82,35.8576871193518
2007-09-16,3.9,28.05,23.21,89.92,25.35,33.89221690902731
2007-09-17,5.53,28.89,22.31,88.74,25.32,36.39269117431064
2007-09-18,12.81,27.84,23.8,91.69,25.49,33.52468202700593
2007-09-19,7.4,27.41,23.7,92.64,25.21,32.2901420028527
2007-09-20,5.17,27.95,23.83,88.51,25.47,33.33551322442987
2007-09-21,11.29,27.63,23.0,92.84,24.81,33.02696503737203
2007-09-22,30.95,27.65,22.97,92.59,24.89,33.05336322566765
2007-09-23,22.67,26.58,23.56,94.59,24.96,29.920889758214646
2007-09-24,13.83,27.73,23.99,94.94,25.39,33.69803538424146
2007-09-25,9.13,28.22,23.48,89.58,25.59,34.37246600311395
2007-09-26,15.67,26.38,23.73,95.2,25.08,29.358167905481423
2007-09-27,3.68,29.67,23.7,84.77,26.03,37.96282981668897
2007-09-28,10.86,29.93,22.89,85.76,26.01,39.130671454322346
2007-09-29,47.45,27.31,23.66,94.66,25.22,32.24063164164871
2007-09-30,27.78,27.74,23.67,93.6,25.39,33.51140602778327
2007-10-01,20.59,26.59,24.04,94.95,25.07,29.980194434920445
2007-10-02,22.25,28.89,23.41,91.43,25.78,37.0421428978718
2007-10-03,29.67,28.03,23.78,91.86,25.52,34.177434349081935
2007-10-04,15.11,28.37,23.83,90.45,25.47,35.03365612588975
2007-10-05,12.06,27.92,23.36,91.41,25.27,33.73663781652184
2007-10-06,20.01,28.19,23.13,90.42,25.08,34.43545693295997
2007-10-07,17.4,27.78,22.45,91.76,24.91,33.34213218706561
2007-10-08,2.08,27.36,23.31,92.28,25.16,32.08372421517718
2007-10-09,9.26,28.68,23.85,90.25,25.69,36.032816101550296
2007-10-10,4.07,29.77,21.74,86.89,25.5,38.91339413190475
2007-10-11,0.67,29.48,22.9,86.82,25.66,37.89443824537922
2007-10-12,2.2,30.11,22.6,79.16,25.94,37.76276702431314
2007-10-13,5.15,30.77,22.52,81.61,26.21,40.66297445820591
2007-10-14,0.46,31.12,22.15,81.83,26.32,41.952772317156104
2007-10-15,0.11,30.71,22.6,80.67,25.99,40.140779784548556
2007-10-16,0.21,30.68,21.54,80.73,25.7,40.06150490469337
2007-10-17,1.68,31.29,22.41,81.78,26.09,42.53579823399966
2007-10-18,0.01,31.08,21.93,77.79,26.13,40.36317206493969
2007-10-19,1.55,30.77,21.75,81.48,26.1,40.61808019802312
2007-10-20,20.24,30.74,22.89,83.31,26.0,41.15221747199712
2007-10-21,0.96,30.8,22.4,81.97,26.02,40.890681108343436
2007-10-22,0.6,31.33,22.36,78.23,26.53,41.337438696627714
2007-10-23,14.99,30.65,23.49,82.58,26.71,40.586133010243856
2007-10-24,5.88,27.88,23.95,87.26,25.64,32.91950682462888
2007-10-25,1.14,31.17,22.68,81.29,26.53,41.92674415940258
2007-10-26,2.96,30.13,23.59,82.58,26.19,38.83854331724706
2007-10-27,0.02,30.9,22.05,82.86,25.93,41.555437017827714
2007-10-28,2.75,30.18,20.53,79.17,25.38,37.97927103624894
2007-10-29,11.3,28.03,23.4,90.0,25.35,33.84289390145179
2007-10-30,2.96,29.92,23.66,87.81,26.2,39.724960744686435
2007-10-31,0.02,30.49,22.96,80.72,26.33,39.434198739839026
2007-11-01,0.84,31.19,21.76,83.68,25.78,42.9075525067359
2007-11-02,0.02,30.65,21.63,80.23,25.88,39.79654201984101
2007-11-03,0.02,31.12,22.46,78.69,26.38,40.80990261321549
2007-11-04,36.16,29.19,21.73,86.36,25.36,36.80585391474375
2007-11-05,33.8,26.66,24.24,95.21,25.32,30.21841470148863
2007-11-06,8.15,28.13,23.78,92.32,25.28,34.59798341249935
2007-11-07,3.68,27.89,22.87,91.35,24.88,33.62912262862719
2007-11-08,5.61,27.19,22.62,90.24,24.54,31.311628014319872
2007-11-09,3.81,27.74,23.19,85.98,25.15,32.31820346228695
2007-11-10,0.5,29.82,22.12,82.92,25.69,37.93045472862888
2007-11-11,0.64,30.33,22.18,82.4,25.62,39.44409100361645
2007-11-12,0.68,30.1,21.71,83.38,25.2,38.983174742636834
2007-11-13,0.02,29.75,20.46,81.08,24.29,37.199817910101075
2007-11-14,1.31,28.3,19.58,82.17,23.44,33.24263014483639
2007-11-15,66.46,29.16,21.99,86.91,25.4,36.84532083553556
2007-11-16,5.64,30.22,23.79,86.07,26.4,40.24664861359879
2007-11-17,15.03,29.8,23.2,86.68,25.83,38.95575014516522
2007-11-18,0.86,29.09,21.54,83.23,24.89,35.73144230411272
2007-11-19,0.07,29.3,21.47,83.14,24.72,36.350993971177346
2007-11-20,1.58,29.23,21.84,82.51,24.95,35.983456520359546
2007-11-21,3.39,29.46,22.98,83.11,25.34,36.83998058867314
2007-11-22,0.9,29.43,21.62,82.19,24.91,36.51142286491199
2007-11-23,0.0,29.22,21.58,78.57,24.82,35.03272089268883
2007-11-24,0.35,29.94,22.12,80.23,25.54,37.54800556701688
2007-11-25,29.64,26.73,22.99,93.4,24.56,30.274522562395266
2007-11-26,77.68,26.23,23.74,95.4,24.91,28.919316561922066
2007-11-27,6.88,26.25,21.33,90.64,23.81,28.717423311740642
2007-11-28,2.35,26.98,20.05,85.82,22.83,30.254388746186464
2007-11-29,4.38,25.3,19.6,82.16,22.13,26.377488381079324
2007-11-30,0.05,26.89,17.27,80.73,21.33,29.562221436989528
2007-12-01,0.0,26.48,15.77,82.3,20.45,28.774319891233272
2007-12-02,0.0,28.42,16.15,80.7,22.23,33.30113514965866
2007-12-03,0.03,28.61,20.12,82.26,23.94,34.11893216374766
2007-12-04,0.17,28.62,21.12,83.87,24.03,34.471661232982505
2007-12-05,0.31,28.83,21.32,82.83,24.27,34.8684410448508
2007-12-06,1.28,28.42,21.28,84.85,24.42,34.07919221720027
2007-12-07,3.24,29.48,21.31,85.77,24.71,37.60855519120543
2007-12-08,0.49,28.95,21.01,82.64,24.07,35.17889702974934
2007-12-09,1.78,29.59,20.76,83.54,24.57,37.364534144243926
2007-12-10,8.21,28.94,21.71,87.82,24.8,36.34058635562452
2007-12-11,3.2,29.48,21.83,86.0,24.89,37.670828524418866
2007-12-12,0.1,30.54,20.63,85.69,24.95,41.270888311754945
2007-12-13,0.03,29.8,21.37,83.47,25.02,38.0219754858789
2007-12-14,0.43,30.72,21.55,87.76,25.36,42.69072576934124
2007-12-15,0.16,29.86,21.35,86.91,24.79,39.23494324432641
2007-12-16,0.2,29.27,20.53,83.85,24.19,36.434237913342294
2007-12-17,0.01,29.61,20.4,82.67,24.17,37.1939573686113
2007-12-18,0.0,29.29,18.81,82.76,23.5,36.22643660595346
2007-12-19,0.0,29.03,18.69,79.67,23.41,34.7527800269244
2007-12-20,0.0,29.41,19.13,84.05,23.54,36.9259216586444
2007-12-21,0.01,29.25,18.32,82.77,23.51,36.10701931564645
2007-12-22,0.12,29.64,19.93,82.7,24.39,37.29637259467031
2007-12-23,0.01,29.59,21.37,82.84,25.05,37.176589617508036
2007-12-24,0.01,30.3,20.47,82.83,25.02,39.480427453745214
2007-12-25,0.15,30.16,21.93,82.4,25.58,38.88214823417211
2007-12-26,1.91,29.56,22.82,82.66,25.16,37.03470833140294
2007-12-27,4.92,27.81,22.6,86.91,24.7,32.659796301459956
2007-12-28,0.35,28.88,22.47,88.33,25.08,36.262410043295134
2007-12-29,0.1,30.57,22.43,87.14,25.76,41.893906065537855
2007-12-30,0.45,27.56,22.44,88.33,24.73,32.14484889311771
2007-12-31,0.37,26.84,20.38,82.49,23.27,29.602805083322703
2008-01-01,0.18,26.52,19.58,79.8,22.23,28.695369319925273
2008-01-02,0.15,25.43,18.84,78.22,21.46,26.596480017062085
2008-01-03,0.03,26.72,18.0,79.4,21.63,29.084009949157135
2008-01-04,0.02,28.06,18.35,78.8,22.58,32.06189398812039
2008-01-05,0.06,28.15,17.59,79.48,22.75,32.39271481411435
2008-01-06,0.49,29.09,20.54,82.29,24.23,35.513008980900935
2008-01-07,0.32,29.56,21.06,82.73,24.51,37.053224486032605
2008-01-08,0.06,29.32,20.73,80.47,24.33,35.759165092530935
2008-01-09,0.01,29.52,20.41,80.8,24.46,36.4298611186105
2008-01-10,0.01,29.41,19.86,75.61,24.07,34.86887459258617
2008-01-11,0.14,29.78,20.07,79.28,24.6,36.80634620796897
2008-01-12,6.44,27.63,20.72,86.61,23.84,32.10079916979424
2008-01-13,17.18,26.92,22.39,88.19,24.16,30.32934104518151
2008-01-14,0.86,27.86,21.9,84.85,24.38,32.4808749485798
2008-01-15,0.31,29.73,20.5,85.48,24.43,38.36479353159541
2008-01-16,0.32,29.91,20.53,81.31,24.63,37.75974876284037
2008-01-17,0.46,29.36,20.97,80.12,24.05,35.790896966441856
2008-01-18,0.26,29.59,20.39,78.72,24.03,36.10823702212316
2008-01-19,1.61,29.29,20.7,81.06,24.05,35.81317789287687
2008-01-20,0.86,29.77,20.38,79.81,24.51,36.91810189723779
2008-01-21,3.12,30.13,21.25,84.4,24.83,39.39943780713811
2008-01-22,9.64,27.58,21.13,88.66,23.58,32.25039850092909
2008-01-23,0.27,28.24,20.47,83.23,23.94,33.265710902465
2008-01-24,0.3,30.13,20.46,81.88,24.76,38.62666280133664
2008-01-25,0.6,29.42,21.45,83.8,24.49,36.89289053382125
2008-01-26,0.09,30.01,20.3,81.19,24.53,38.03956446887466
2008-01-27,1.0,30.23,20.85,82.65,24.81,39.190296387972076
2008-01-28,0.17,30.02,20.49,81.99,24.5,38.30484403730205
2008-01-29,0.01,30.5,19.31,78.86,24.28,38.87603564221115
2008-01-30,0.0,29.81,19.21,81.83,23.6,37.592293743000106
2008-01-31,0.0,30.42,18.18,78.61,24.0,38.549744528893235
2008-02-01,0.03,30.22,18.91,80.77,24.02,38.58039117790121
2008-02-02,0.04,30.22,17.71,79.48,24.05,38.19376505591976
2008-02-03,0.04,30.32,22.17,76.96,25.35,37.753717517936074
2008-02-04,0.06,30.88,21.53,80.58,25.41,40.67727699014362
2008-02-05,0.06,30.22,22.08,80.83,25.28,38.5985542009559
2008-02-06,0.44,30.65,21.73,78.62,25.09,39.27117978482785
2008-02-07,1.21,29.52,20.76,77.85,24.46,35.69490979289765
2008-02-08,0.8,29.53,20.45,76.61,23.98,35.42281824483402
2008-02-09,0.02,28.06,19.2,76.24,22.87,31.672116264040287
2008-02-10,0.03,29.14,18.68,75.4,23.62,34.12716546907245
2008-02-11,0.0,29.2,19.25,73.84,23.68,33.94871472109872
2008-02-12,0.0,29.86,19.04,76.73,23.81,36.364527189977
2008-02-13,0.12,29.54,19.94,73.71,23.71,34.76905035776165
2008-02-14,0.06,28.96,18.99,71.66,23.04,32.948532259989875
2008-02-15,0.1,27.49,19.03,74.46,22.33,30.20406533863164
2008-02-16,0.15,28.84,18.42,72.83,23.0,32.89296100180981
2008-02-17,0.42,27.07,20.26,74.8,22.94,29.402013218642196
2008-02-18,0.2,26.29,20.71,72.44,22.76,27.84424836857833
2008-02-19,0.24,27.39,20.6,73.06,23.19,29.850852088786624
2008-02-20,0.77,29.31,21.08,75.0,24.42,34.47340833627275
2008-02-21,0.66,28.54,21.77,74.71,24.47,32.53500842679442
2008-02-22,0.2,29.17,21.38,76.42,24.68,34.422284266823425
2008-02-23,6.48,31.49,20.94,79.9,25.6,42.51314184648422
2008-02-24,1.77,31.51,21.77,77.7,25.61,41.73809631579173
2008-02-25,2.47,31.23,21.08,78.64,25.51,41.15548842813969
2008-02-26,28.14,29.72,22.57,84.8,25.1,38.13702392136983
2008-02-27,3.71,29.85,21.74,80.31,25.31,37.29520576667553
2008-02-28,3.89,27.07,20.68,80.07,23.21,29.902969926807046
2008-02-29,2.16,27.05,20.08,82.18,23.14,30.065416843384973
2008-03-01,1.53,27.01,20.82,84.0,23.52,30.149549909171398
2008-03-02,1.82,29.26,21.66,81.78,24.63,35.89754407393362
2008-03-03,9.24,29.37,21.02,79.04,24.56,35.56044998272065
2008-03-04,0.62,26.81,19.56,72.22,22.4,28.706082722261424
2008-03-05,0.02,27.23,18.37,70.67,21.95,29.313236733529624
2008-03-06,0.0,28.92,18.13,71.66,22.74,32.85802899089181
2008-03-07,0.01,30.2,18.45,72.56,23.83,36.193471578504955
2008-03-08,0.0,30.31,19.94,72.37,24.18,36.43385960088751
2008-03-09,1.27,30.95,18.41,75.91,24.48,39.31928531646728
2008-03-10,3.72,30.12,21.36,79.42,25.1,37.86838054617341
2008-03-11,1.04,31.88,21.35,73.97,25.94,41.52418058967398
2008-03-12,0.04,32.52,21.53,73.94,26.16,43.59379170102821
2008-03-13,0.02,32.4,21.43,72.14,26.2,42.45533208418632
2008-03-14,0.08,31.67,21.29,75.19,26.09,41.31651355901855
2008-03-15,0.34,32.74,22.24,74.02,26.83,44.36937382834439
2008-03-16,0.09,32.95,21.64,73.52,26.76,44.86158895722824
2008-03-17,0.23,32.47,21.9,75.51,26.73,44.09818702186087
2008-03-18,0.03,31.3,22.91,74.21,26.37,39.81248315740516
2008-03-19,0.45,31.49,22.5,75.06,26.08,40.698306889764936
2008-03-20,0.81,32.09,21.48,74.53,26.09,42.418163725104584
2008-03-21,0.71,32.47,21.68,75.64,26.15,44.154477298604895
2008-03-22,1.76,31.85,21.62,76.33,26.5,42.34114211062447
2008-03-23,1.39,31.35,23.14,78.31,26.14,41.43340339717443
2008-03-24,0.03,33.31,22.32,72.22,26.76,45.49279599653608
2008-03-25,0.08,33.38,21.68,69.53,27.04,44.484104110506536
2008-03-26,0.01,33.15,23.19,70.87,26.98,44.337419281587586
2008-03-27,0.65,33.13,21.94,71.43,27.09,44.52307949232954
2008-03-28,0.01,34.5,22.43,69.44,27.95,48.22942567989975
2008-03-29,5.09,33.52,23.19,72.12,27.91,46.16813303304419
2008-03-30,2.2,32.55,23.63,76.02,27.37,44.59823525531023
2008-03-31,10.87,31.71,24.06,77.12,27.21,42.18322990350351
2008-04-01,5.1,32.65,23.44,78.86,26.86,46.25203812330439
2008-04-02,0.17,32.96,22.65,74.7,27.23,45.43641255930228
2008-04-03,0.0,34.53,22.32,71.04,27.67,49.20226052595164
2008-04-04,0.04,34.09,22.19,71.89,27.36,48.0650348254742
2008-04-05,0.03,34.53,22.72,70.05,27.76,48.663086736786774
2008-04-06,0.02,35.04,22.26,69.3,28.16,50.08596013329957
2008-04-07,0.0,34.85,23.01,70.25,28.25,49.931770421484764
2008-04-08,0.0,35.42,22.33,66.58,28.5,49.89143175884536
2008-04-09,0.31,34.97,22.62,68.22,28.55,49.22541636073857
2008-04-10,0.74,34.07,24.39,69.35,28.52,46.69389794259297
2008-04-11,4.84,33.83,23.89,71.32,27.78,46.85258709743627
2008-04-12,0.02,35.48,22.76,66.46,28.33,50.03454750404464
2008-04-13,0.01,35.9,22.07,62.71,28.3,49.33071686548291
2008-04-14,4.38,34.02,22.4,72.62,27.15,48.194534644973096
2008-04-15,2.11,31.1,23.62,73.55,26.76,38.99447364083967
2008-04-16,1.54,32.66,23.75,71.69,27.57,43.10104501871266
2008-04-17,1.58,31.96,23.86,73.65,27.4,41.65513427205479
2008-04-18,0.02,35.03,22.24,67.46,27.91,49.015095185549676
2008-04-19,0.01,35.46,21.6,66.92,28.08,50.229695294673924
2008-04-20,0.24,36.25,21.84,65.52,28.53,52.23805251834949
2008-04-21,4.04,35.79,23.04,68.45,28.81,52.35719114169488
2008-04-22,2.2,34.66,24.62,72.26,28.7,50.36636419830856
2008-04-23,5.92,35.9,24.8,66.21,29.17,51.39021845225272
2008-04-24,9.99,34.35,23.41,72.9,27.9,49.5612097952106
2008-04-25,6.85,32.61,23.6,77.43,27.35,45.44419073956928
2008-04-26,8.14,31.37,22.94,78.62,26.61,41.61536422375491
2008-04-27,5.48,31.58,23.22,77.97,26.75,42.0753617595993
2008-04-28,3.8,33.39,22.59,75.17,27.42,47.201923276557004
2008-04-29,5.33,33.77,23.34,76.17,27.74,49.14073241332725
2008-04-30,12.72,31.51,24.07,80.61,27.4,42.86141555190262
2008-05-01,11.21,30.26,24.54,81.38,27.29,38.895063271905315
2008-05-02,3.03,31.26,24.61,79.99,27.25,41.75319918924547
2008-05-03,13.04,30.48,24.8,81.05,27.1,39.507699686343585
2008-05-04,3.37,31.06,24.03,83.11,26.72,42.217554888897325
2008-05-05,7.78,31.24,23.94,81.48,27.05,42.243925553679986
2008-05-06,6.63,33.01,23.69,74.56,27.84,45.5469088387961
2008-05-07,12.14,30.38,24.67,81.1,26.97,39.19716078724663
2008-05-08,4.13,31.57,24.37,83.65,27.17,44.31366073100466
2008-05-09,2.86,29.41,24.79,87.68,26.51,37.89006899166647
2008-05-10,4.98,30.79,23.22,83.88,26.5,41.531968472307405
2008-05-11,5.1,29.3,24.51,86.72,26.38,37.261671400782326
2008-05-12,16.25,28.03,24.07,87.55,25.81,33.41380379152185
2008-05-13,2.77,31.4,23.22,76.12,26.39,40.79617377421729
2008-05-14,3.59,30.25,23.02,80.96,26.24,38.73398485240219
2008-05-15,12.12,27.49,23.66,91.02,25.5,32.31470022457737
2008-05-16,33.35,27.81,23.36,91.03,25.35,33.318879192167834
2008-05-17,108.44,26.79,22.56,92.01,24.54,30.326385319267462
2008-05-18,94.97,28.22,23.79,90.72,25.65,34.59131981380012
2008-05-19,4.95,30.35,22.96,84.0,26.1,40.02728058085606
2008-05-20,5.8,30.23,22.11,84.73,26.0,39.84823912234639
2008-05-21,10.25,28.95,22.53,84.99,25.42,35.710445225197695
2008-05-22,15.66,28.94,22.83,82.82,25.81,35.18944311755673
2008-05-23,8.85,30.53,23.86,82.49,26.72,40.14588832451217
2008-05-24,4.52,27.35,23.69,91.56,25.32,31.957239977889554
2008-05-25,4.19,27.52,22.77,89.0,24.82,32.121738314590694
2008-05-26,7.44,29.69,23.03,84.98,26.03,38.08825629984793
2008-05-27,11.62,29.83,23.85,84.24,26.39,38.341515490054604
2008-05-28,10.86,29.16,23.61,86.21,25.93,36.67035523890415
2008-05-29,4.51,29.87,23.78,83.05,26.27,38.1291067743665
2008-05-30,0.13,31.08,23.35,79.65,26.5,41.01953908935054
2008-05-31,1.62,30.12,22.42,81.9,25.91,38.600335264640336
2008-06-01,3.12,31.56,22.48,76.62,26.61,41.49661422506774
2008-06-02,2.11,31.21,22.73,80.02,26.49,41.59343775220023
2008-06-03,2.74,30.66,23.15,78.46,26.79,39.251120242146186
2008-06-04,2.87,30.24,24.07,80.02,27.11,38.41738567400369
2008-06-05,8.62,30.97,23.51,80.61,27.13,40.99132157997586
2008-06-06,0.7,30.63,24.09,83.65,26.84,40.88435051487851
2008-06-07,2.72,32.03,22.74,81.06,26.91,44.93649383550451
2008-06-08,2.18,31.42,23.42,80.67,26.81,42.56722971912164
2008-06-09,2.46,31.97,22.03,79.84,26.87,44.191842527639075
2008-06-10,0.66,30.04,23.82,83.01,26.61,38.67253814524796
2008-06-11,2.34,29.15,23.17,84.7,26.14,36.26707646516999
2008-06-12,6.69,29.1,23.89,84.26,26.42,36.00511766343522
2008-06-13,2.41,28.71,23.53,87.71,26.07,35.564170478334205
2008-06-14,0.8,29.77,23.5,85.56,26.35,38.52329595667004
2008-06-15,1.73,29.56,23.17,85.58,26.16,37.82282375398172
2008-06-16,10.76,28.23,23.48,85.91,25.75,33.718523755336925
2008-06-17,2.94,30.28,23.58,81.23,26.47,38.91349094903888
2008-06-18,8.38,30.61,23.4,82.59,26.76,40.452290066239954
2008-06-19,12.26,31.54,23.67,80.7,27.18,43.003468370075986
2008-06-20,4.3,32.53,24.24,77.8,27.97,45.322958582696025
2008-06-21,5.83,32.6,22.79,79.77,27.36,46.49166491616272
2008-06-22,55.67,28.17,24.27,93.04,26.11,34.873399102957876
2008-06-23,42.85,28.23,24.02,91.34,25.64,34.74504854200332
2008-06-24,8.99,27.5,24.01,92.03,25.47,32.48938809673572
2008-06-25,5.39,29.7,23.86,87.21,26.25,38.762962329938055
2008-06-26,5.42,28.13,23.66,88.99,25.68,33.976693993079145
2008-06-27,11.32,27.98,23.63,87.68,25.33,33.28588751311879
2008-06-28,24.06,28.11,23.11,88.98,25.55,33.91217434927665
2008-06-29,5.06,29.45,23.55,86.23,25.96,37.63279268683741
2008-06-30,2.44,29.59,23.21,84.8,25.87,37.70753949452833
2008-07-01,0.68,31.31,22.17,80.39,26.62,42.07568606520865
2008-07-02,1.69,30.85,23.65,82.68,26.84,41.314960405624646
2008-07-03,7.98,30.64,24.01,80.98,26.57,40.012407926826455
2008-07-04,14.57,28.63,22.96,85.81,25.62,34.90301540338314
2008-07-05,7.74,27.62,23.44,90.64,25.05,32.66108462352285
2008-07-06,6.48,28.21,23.64,91.66,25.55,34.7405095741938
2008-07-07,5.51,27.87,23.35,90.15,25.29,33.3631433390203
2008-07-08,0.14,29.49,22.9,83.2,26.28,36.95741958800131
2008-07-09,3.87,29.79,24.29,80.97,26.85,37.2927175924915
2008-07-10,2.33,29.8,23.68,81.65,26.53,37.51097310280815
2008-07-11,5.72,27.95,22.63,85.63,24.93,32.857795051279965
2008-07-12,7.84,27.39,22.69,89.52,24.64,31.809206170920238
2008-07-13,5.7,29.69,22.6,83.58,25.39,37.69654427981237
2008-07-14,46.08,29.03,22.71,87.17,25.16,36.480981153713756
2008-07-15,51.5,27.12,23.54,92.65,25.1,31.384577726919545
2008-07-16,48.11,26.78,23.12,92.27,24.75,30.320971527698298
2008-07-17,21.9,28.5,22.08,89.36,25.07,35.23697591417068
2008-07-18,4.36,28.75,22.85,87.73,25.62,35.69795651595351
2008-07-19,3.76,31.04,23.86,79.94,27.34,40.98899559557882
2008-07-20,5.95,30.0,24.93,84.68,27.15,39.042735915857776
2008-07-21,1.14,31.92,24.89,82.77,27.58,45.269138120756686
2008-07-22,2.15,29.52,23.86,87.35,26.34,38.178018626698936
2008-07-23,0.76,29.58,24.07,86.25,26.54,38.07587403495471
2008-07-24,5.71,28.36,24.01,90.95,25.95,35.102286776790024
2008-07-25,9.28,28.24,23.81,90.05,25.55,34.52724812246137
2008-07-26,24.25,28.5,23.08,89.94,25.59,35.35948137338101
2008-07-27,42.81,26.91,23.59,93.44,25.13,30.825296659540797
2008-07-28,23.68,28.27,23.09,93.05,25.3,35.22203930003122
2008-07-29,10.94,26.63,23.92,94.46,25.02,30.06276063388968
2008-07-30,14.65,28.02,23.42,91.84,25.36,34.14066739262535
2008-07-31,21.54,28.58,22.88,89.46,25.32,35.52210112141548
2008-08-01,15.34,29.5,22.85,87.64,25.62,38.18976840112665
2008-08-02,44.03,28.28,23.21,89.33,25.49,34.51691388520687
2008-08-03,38.76,26.48,23.06,93.43,24.79,29.53490458293263
2008-08-04,45.47,26.64,23.24,95.23,25.01,30.157834597845422
2008-08-05,37.78,26.94,23.85,94.31,25.17,31.00877948309879
2008-08-06,38.76,26.46,23.04,95.07,24.51,29.59184425804314
2008-08-07,22.14,26.3,22.65,93.55,24.34,29.020111256637783
2008-08-08,12.49,27.14,22.61,91.65,24.7,31.328853648837008
2008-08-09,28.1,27.78,22.95,92.86,25.17,33.52285908748703
2008-08-10,18.92,27.51,23.54,94.46,25.3,32.87571108833867
2008-08-11,5.29,28.4,23.0,88.63,25.74,34.76283808524792
2008-08-12,6.2,30.48,23.32,83.98,26.69,40.4718768170688
2008-08-13,7.29,28.7,23.84,89.83,25.88,36.00556927212868
2008-08-14,3.07,26.59,23.56,93.54,25.01,29.867722185556186
2008-08-15,6.12,27.87,23.03,91.63,24.93,33.6119217977006
2008-08-16,18.84,28.23,22.45,90.26,24.89,34.53523888323127
2008-08-17,12.6,27.94,22.9,93.16,25.03,34.10985909206643
2008-08-18,0.93,29.59,22.45,87.81,25.94,38.551428754465
2008-08-19,58.25,27.05,23.5,92.92,25.0,31.19989391838133
2008-08-20,109.34,25.04,22.62,94.82,23.73,25.616440362243072
2008-08-21,13.84,28.0,22.39,91.83,24.83,34.07270871385499
2008-08-22,0.08,29.61,22.71,86.48,26.03,38.24248057286825
2008-08-23,1.51,30.89,23.45,81.58,26.96,41.062533474849914
2008-08-24,10.77,30.39,23.73,85.65,26.54,40.71548859153966
2008-08-25,4.57,30.58,23.38,85.18,26.74,41.23784058737723
2008-08-26,4.48,30.67,23.17,84.77,26.42,41.41831813723475
2008-08-27,22.14,29.12,23.21,86.64,25.52,36.64639588287131
2008-08-28,5.87,27.48,22.12,89.13,24.31,32.021854701774004
2008-08-29,0.0,29.92,21.96,82.19,25.52,38.04264015342925
2008-08-30,5.17,30.37,22.9,82.84,26.62,39.7190445384101
2008-08-31,1.97,29.84,24.13,83.84,26.67,38.25884506530053
2008-09-01,5.24,31.28,24.52,78.31,27.42,41.201084277731624
2008-09-02,2.41,30.32,24.52,83.21,27.14,39.66907092425837
2008-09-03,0.08,30.47,24.54,83.83,26.99,40.386763279351044
2008-09-04,2.41,30.27,24.0,81.04,26.78,38.82271209183188
2008-09-05,10.32,29.75,24.51,83.95,26.61,37.99504820467088
2008-09-06,2.85,29.78,23.6,83.87,26.32,38.07052908466295
2008-09-07,0.08,31.82,22.48,76.6,26.96,42.34741786330598
2008-09-08,12.16,30.72,24.4,84.84,26.79,41.623991319309
2008-09-09,16.26,28.25,24.01,92.46,25.57,35.03415923385371
2008-09-10,23.77,27.52,23.8,92.61,25.27,32.636824462855486
2008-09-11,32.08,27.94,23.49,91.88,25.45,33.88379736576477
2008-09-12,29.43,27.98,23.47,92.79,25.42,34.178674646793304
2008-09-13,15.97,28.72,23.74,89.74,25.7,36.05269584924102
2008-09-14,10.25,28.71,22.86,91.33,25.55,36.38347206975819
2008-09-15,6.46,28.15,22.97,91.24,25.13,34.4598010692433
2008-09-16,7.67,28.49,23.13,90.13,25.46,35.36644859078165
2008-09-17,6.51,28.23,23.5,89.73,25.73,34.433300947060424
2008-09-18,4.42,28.67,23.75,87.92,26.0,35.48124149432275
2008-09-19,5.2,27.88,23.17,90.97,25.35,33.53244252855336
2008-09-20,2.3,28.15,23.67,85.67,25.46,33.44080732084977
2008-09-21,16.11,27.86,23.61,90.75,25.55,33.43164731716357
2008-09-22,129.03,26.28,24.29,94.99,25.24,29.045410019024715
2008-09-23,32.03,28.77,23.5,91.92,25.84,36.73353146136646
2008-09-24,18.46,27.53,23.98,94.31,25.35,32.92020178477956
2008-09-25,45.32,27.87,23.56,90.8,25.15,33.47185846005403
2008-09-26,6.93,28.81,22.24,87.96,25.61,35.94552905606143
2008-09-27,11.62,27.78,23.53,91.13,25.45,33.23967575655063
2008-09-28,10.17,27.64,23.32,94.63,25.18,33.33973128422761
2008-09-29,2.07,29.15,22.83,89.81,25.71,37.55255478053493
2008-09-30,14.0,29.63,22.91,86.64,26.19,38.356277766768045
2008-10-01,13.48,28.94,23.78,87.04,25.91,36.15584028048956
2008-10-02,6.54,27.42,23.77,93.03,25.34,32.37598139668778
2008-10-03,0.8,29.2,23.47,84.35,26.38,36.338667067461536
2008-10-04,19.83,29.5,23.74,86.91,26.31,37.987284826142165
2008-10-05,8.3,29.76,23.31,87.61,26.15,39.092081868155915
2008-10-06,2.63,30.59,23.74,84.03,26.39,40.874722468197085
2008-10-07,2.2,26.88,23.17,90.78,25.08,30.47056966432788
2008-10-08,1.36,30.49,24.23,83.35,26.82,40.29558932677004
2008-10-09,6.19,31.15,23.63,82.81,26.76,42.42815500948301
2008-10-10,7.89,29.26,24.0,86.37,26.2,37.0384878978417
2008-10-11,5.71,28.86,24.06,89.88,26.13,36.56207607392314
2008-10-12,5.06,31.19,24.0,80.31,27.19,41.63212913953172
2008-10-13,10.41,29.24,23.83,84.01,26.19,36.38018460619953
2008-10-14,8.67,28.46,24.04,90.25,25.87,35.291722749520034
2008-10-15,7.08,29.01,23.68,85.2,25.85,35.94658973519035
2008-10-16,2.38,29.41,22.99,87.14,25.79,37.74361743323301
2008-10-17,0.43,31.13,23.76,80.75,27.02,41.58812023776718
2008-10-18,2.02,31.3,24.39,79.2,27.35,41.59544314974923
2008-10-19,0.87,31.76,23.0,83.03,26.99,44.7723204181306
2008-10-20,1.32,31.62,23.66,82.65,27.1,44.08594365574228
2008-10-21,0.1,31.64,23.39,81.48,27.11,43.67777852078702
2008-10-22,1.24,31.97,23.87,82.54,27.17,45.359074230494684
2008-10-23,1.13,31.74,24.26,82.65,27.33,44.53504880040852
2008-10-24,0.21,31.5,24.17,81.98,27.27,43.37073005087811
2008-10-25,0.65,31.51,23.65,83.05,27.01,43.84087359231778
2008-10-26,0.35,31.26,23.55,80.96,26.94,42.11723617597007
2008-10-27,2.66,31.4,22.56,83.4,26.48,43.57345268854261
2008-10-28,8.22,30.11,23.29,86.33,26.57,39.938891163243014
2008-10-29,2.69,29.14,24.48,89.1,26.43,37.33406562383366
2008-10-30,6.72,30.1,22.52,88.57,26.13,40.62728101873739
2008-10-31,14.01,30.58,21.3,83.93,25.81,40.80514079624462
2008-11-01,2.41,30.04,23.23,87.58,26.06,40.086510608875614
2008-11-02,0.21,30.94,23.17,84.63,26.16,42.350177004013986
2008-11-03,1.9,29.18,22.89,84.45,25.85,36.30041401013178
2008-11-04,1.43,29.42,23.34,84.47,26.11,37.067116998694466
2008-11-05,1.59,30.46,22.09,82.63,25.72,39.95484441279436
2008-11-06,1.68,28.87,22.65,87.34,25.15,35.99848578324517
2008-11-07,4.96,26.4,22.42,87.77,24.07,28.937194697546577
2008-11-08,2.11,29.03,22.52,86.21,25.2,36.249621885426045
2008-11-09,17.0,28.39,22.81,89.12,25.22,34.82945882565946
2008-11-10,56.53,27.65,23.04,91.23,25.14,32.84393396711773
2008-11-11,19.88,25.9,22.44,89.62,23.97,27.77395986659451
2008-11-12,0.37,28.94,21.33,81.33,24.49,34.861584248701384
2008-11-13,0.14,29.56,20.59,81.17,24.38,36.64497150104697
2008-11-14,0.11,30.69,20.05,79.89,25.02,39.81452134987661
2008-11-15,5.37,30.37,22.43,86.75,25.71,41.01572115532731
2008-11-16,1.49,29.33,23.49,83.9,25.95,36.63471695203634
2008-11-17,0.03,31.19,22.59,79.21,26.57,41.22918148907631
2008-11-18,2.03,29.1,23.77,84.04,26.14,35.952834170410085
2008-11-19,3.55,30.2,23.18,83.29,26.05,39.28985959611563
2008-11-20,7.1,30.0,22.22,84.45,25.44,38.972961915986055
2008-11-21,3.67,28.97,22.31,87.66,25.42,36.40148515679811
2008-11-22,7.25,28.15,23.57,87.94,25.52,33.84741075756551
2008-11-23,3.91,29.22,23.62,84.09,26.01,36.33741698753162
2008-11-24,0.48,30.2,23.24,83.77,26.38,39.440304594389126
2008-11-25,1.4,31.29,23.55,82.9,26.38,42.97014281150694
2008-11-26,0.65,29.71,23.31,84.54,26.1,38.03028914907912
2008-11-27,0.15,29.69,23.39,85.58,25.87,38.258480752573526
2008-11-28,0.04,30.63,22.6,82.42,26.14,40.463075919109734
2008-11-29,0.17,29.65,22.46,80.24,25.49,36.673405836701384
2008-11-30,0.41,28.6,21.68,81.81,24.63,34.00193691483828
2008-12-01,0.05,30.08,22.07,80.83,25.34,38.155127665095534
2008-12-02,0.12,30.53,22.02,79.83,25.61,39.278111287375516
2008-12-03,0.28,29.49,21.63,82.53,24.87,36.78303020111084
2008-12-04,1.25,29.93,22.29,81.47,25.75,37.86805277392901
2008-12-05,0.46,29.12,21.81,81.43,24.85,35.4029633119066
2008-12-06,0.07,27.79,20.34,79.39,23.22,31.49444760557166
2008-12-07,0.05,27.07,19.81,79.2,22.37,29.8180163668213
2008-12-08,0.02,27.37,19.82,79.64,23.3,30.538354160914757
2008-12-09,0.01,29.24,21.19,81.11,24.76,35.678546463975486
2008-12-10,0.11,30.02,20.5,81.41,24.89,38.135109280339954
2008-12-11,0.58,29.61,22.41,81.9,25.34,36.988806365780825
2008-12-12,0.37,30.4,22.31,81.27,25.45,39.31617231627896
2008-12-13,2.51,28.36,22.69,84.72,24.96,33.87893520189507
2008-12-14,0.1,28.84,21.05,79.14,24.52,34.122590113156164
2008-12-15,0.05,28.0,19.08,78.2,22.92,31.825262953457777
2008-12-16,0.0,27.09,17.28,74.23,21.69,29.388165178215218
2008-12-17,0.0,27.42,17.34,74.9,21.87,30.11059743714877
2008-12-18,0.02,27.16,16.66,78.97,21.19,29.992782148592475
2008-12-19,0.02,26.45,16.66,78.86,20.89,28.492911845195994
2008-12-20,0.05,28.57,17.72,78.85,22.74,33.354021652844
2008-12-21,0.32,29.77,21.08,79.51,24.74,36.83797821070303
2008-12-22,1.47,28.96,20.86,83.68,24.52,35.4421582971446
2008-12-23,2.58,28.67,21.89,84.17,24.59,34.680864168381476
2008-12-24,1.45,29.82,22.43,82.35,25.21,37.76944143379491
2008-12-25,0.38,30.0,21.75,81.77,25.0,38.17643893999934
2008-12-26,0.05,26.61,20.36,82.55,23.08,29.081458503768406
2008-12-27,0.14,28.04,19.74,82.13,23.22,32.537726460757135
2008-12-28,0.01,28.84,19.43,79.72,23.5,34.24168139370226
2008-12-29,0.04,28.75,19.76,81.85,24.0,34.43159735925087
2008-12-30,0.13,30.31,21.58,79.75,25.33,38.55534537525298
2008-12-31,0.76,29.43,20.9,80.84,24.61,36.172311724295895
2009-01-01,0.32,27.61,19.67,78.12,23.3,30.90364565490558
2009-01-02,0.01,25.79,17.86,75.34,20.9,27.143207621032857
2009-01-03,0.01,25.5,16.6,77.93,20.5,26.71150909460184
2009-01-04,0.02,27.8,17.89,77.09,22.38,31.200295917230335
2009-01-05,3.07,27.63,18.09,78.5,22.45,30.998079909346707
2009-01-06,1.3,29.46,19.43,77.28,24.01,35.391922868409175
2009-01-07,2.59,28.76,21.01,81.99,24.59,34.48900985425405
2009-01-08,0.56,29.79,22.11,82.18,25.33,37.62681424169992
2009-01-09,0.34,29.06,20.98,78.5,24.58,34.5805845651698
2009-01-10,0.2,24.9,17.26,75.72,20.93,25.79056124899011
2009-01-11,0.19,24.51,16.33,77.31,19.82,25.203632622077674
2009-01-12,0.09,25.57,17.28,77.88,20.73,26.829303309905203
2009-01-13,0.09,25.28,17.72,76.47,20.47,26.34723177088516
2009-01-14,0.04,24.33,15.61,73.74,19.34,25.110921539440326
2009-01-15,0.02,24.53,14.1,75.45,18.51,25.29582745527559
2009-01-16,0.08,26.41,14.88,76.11,19.8,28.251319885828774
2009-01-17,0.05,28.5,16.24,76.0,21.6,32.66492809905563
2009-01-18,0.1,29.94,18.2,76.17,23.49,36.44182267535676
2009-01-19,0.09,30.72,19.09,78.16,24.3,39.34274902383689
2009-01-20,0.08,31.23,19.92,77.5,25.02,40.74515396196119
2009-01-21,0.09,31.01,20.89,78.99,25.28,40.55411013017915
2009-01-22,0.17,30.49,22.08,80.97,25.72,39.51467311065172
2009-01-23,0.84,27.17,23.09,85.73,24.89,30.73798247271356
2009-01-24,0.24,27.38,19.63,78.5,23.66,30.430248575750497
2009-01-25,0.08,28.67,18.93,73.99,22.78,32.71086526876435
2009-01-26,0.05,29.84,19.53,74.86,23.94,35.82950050608209
2009-01-27,0.11,31.01,19.6,78.47,24.74,40.37314531516604
2009-01-28,0.1,30.92,21.55,77.92,25.43,39.89578343481182
2009-01-29,0.0,31.33,21.91,76.48,25.71,40.70217248204723
2009-01-30,0.57,30.38,21.26,77.75,25.1,38.16676921632777
2009-01-31,0.04,31.17,21.13,74.63,25.22,39.56157385876265
2009-02-01,0.0,30.0,20.04,72.22,24.24,35.585127525335565
2009-02-02,0.0,29.94,18.56,70.81,23.47,35.086693557270905
2009-02-03,0.0,29.65,17.96,71.27,23.31,34.48543076453721
2009-02-04,0.0,29.9,17.66,68.68,23.26,34.48782456190689
2009-02-05,0.06,30.38,18.26,71.86,24.13,36.480771127200796
2009-02-06,2.22,29.71,21.12,79.45,24.69,36.6445898254596
2009-02-07,2.28,30.14,21.7,78.51,24.97,37.666574428125465
2009-02-08,0.32,31.78,21.07,75.78,25.46,41.8961633578904
2009-02-09,1.38,31.83,20.98,78.25,25.52,43.038883242799244
2009-02-10,2.27,30.98,22.43,78.32,25.69,40.2242890503555
2009-02-11,0.84,31.14,22.05,78.85,25.45,40.93296978778806
2009-02-12,0.71,30.89,20.68,77.54,25.05,39.67335107505561
2009-02-13,0.06,31.92,20.79,74.93,25.57,42.02265839193866
2009-02-14,0.0,29.87,22.3,75.81,25.47,36.153526768235274
2009-02-15,0.53,30.16,21.8,78.37,25.58,37.68640275650327
2009-02-16,1.4,30.41,22.61,78.09,26.29,38.360433109450554
2009-02-17,1.49,30.86,23.51,78.77,26.48,39.99056475967326
2009-02-18,9.16,30.75,22.9,81.69,26.26,40.6225673574414
2009-02-19,2.19,31.35,22.84,79.17,26.71,41.75346072996039
2009-02-20,4.36,31.54,23.61,80.17,26.72,42.79380088254524
2009-02-21,1.35,33.49,22.19,75.68,26.89,47.82745409488035
2009-02-22,0.05,33.48,21.21,73.85,26.57,46.87306150499087
2009-02-23,0.0,33.81,20.86,72.51,26.8,47.381632940347714
2009-02-24,0.01,32.45,21.25,73.11,25.96,43.01410896111699
2009-02-25,0.63,32.66,20.56,71.69,26.05,43.10104501871266
2009-02-26,1.1,32.22,22.37,73.99,26.2,42.625108542002636
2009-02-27,0.18,33.22,21.23,72.5,26.21,45.31601838874789
2009-02-28,0.13,33.07,20.58,71.3,26.07,44.26650892678967
2009-03-01,0.18,32.61,18.63,71.57,25.34,42.89066151441872
2009-03-02,0.37,33.21,21.07,71.6,26.52,44.86697231932775
2009-03-03,0.62,33.0,22.92,72.21,26.85,44.44068539471246
2009-03-04,0.34,32.55,21.79,73.1,26.53,43.33713374636147
2009-03-05,0.02,33.69,21.42,70.11,26.81,45.78002640848011
2009-03-06,0.06,33.61,23.31,71.0,27.42,45.93698179089141
2009-03-07,0.01,33.89,22.7,66.94,27.34,44.931632864660564
2009-03-08,0.0,34.48,22.7,64.71,27.54,45.74268873842691
2009-03-09,0.12,34.36,22.18,69.59,27.62,47.817635012628195
2009-03-10,1.32,34.06,23.43,72.1,27.53,48.0669287404408
2009-03-11,0.18,34.11,22.42,68.36,27.34,46.33557543551634
2009-03-12,0.06,33.28,23.29,68.76,27.33,43.81854164126025
2009-03-13,3.14,33.66,23.12,71.51,27.45,46.35613568219482
2009-03-14,4.41,30.15,23.07,77.25,25.96,37.337497104791396
2009-03-15,1.67,32.43,21.71,70.8,26.22,42.01115470112383
2009-03-16,0.27,34.53,19.95,67.67,26.8,47.40181616420074
2009-03-17,1.0,32.96,23.27,73.03,27.06,44.67423806740262
2009-03-18,0.45,33.56,23.37,70.08,27.67,45.33047416636284
2009-03-19,0.0,35.03,23.41,64.96,28.27,47.65942316157274
2009-03-20,0.03,34.04,23.32,69.44,27.84,46.636753362534286
2009-03-21,0.84,34.85,23.79,68.14,28.14,48.757911678041246
2009-03-22,0.02,34.43,22.65,69.9,27.44,48.227335834793934
2009-03-23,0.0,34.42,22.83,68.85,27.73,47.63924583676188
2009-03-24,0.07,34.75,23.74,69.05,28.1,48.90275072865138
2009-03-25,5.1,34.4,23.53,71.02,27.83,48.719785244380425
2009-03-26,1.83,34.56,23.24,70.04,28.02,48.764920555711726
2009-03-27,12.57,32.73,24.11,74.94,27.72,44.74406578017961
2009-03-28,4.89,31.46,24.29,76.82,27.28,41.244960497861626
2009-03-29,0.73,32.96,23.75,71.59,28.0,44.033133502965335
2009-03-30,2.27,33.66,23.47,72.29,27.67,46.739995764858115
2009-03-31,2.57,30.75,23.34,77.74,26.22,39.30027183284801
2009-04-01,5.16,32.03,22.92,75.06,26.54,42.43310059839714
2009-04-02,2.66,32.63,23.27,70.33,26.74,42.442716329137106
2009-04-03,0.43,34.37,21.23,67.48,27.29,46.76465698719319
2009-04-04,0.22,32.97,23.25,70.57,27.51,43.62019593138253
2009-04-05,2.91,33.31,23.62,69.51,27.99,44.24838327177472
2009-04-06,0.48,30.7,23.08,75.81,26.73,38.53322878002922
2009-04-07,2.61,33.54,23.29,68.23,27.68,44.408881272100736
2009-04-08,4.47,33.53,23.02,72.05,27.77,46.168915987901
2009-04-09,0.71,33.67,23.38,69.97,28.01,45.645815331200716
2009-04-10,0.7,35.47,22.89,69.27,28.76,51.65715344475437
2009-04-11,0.05,35.7,23.63,66.14,29.09,50.62951898146348
2009-04-12,0.03,35.88,23.49,62.5,29.1,49.14409399776199
2009-04-13,0.01,36.39,22.68,63.59,29.22,51.544027956335775
2009-04-14,1.82,34.27,25.07,67.3,28.67,46.341389821419334
2009-04-15,1.45,34.41,23.78,65.7,28.68,46.005583735390196
2009-04-16,4.57,33.48,25.27,72.01,28.61,45.97684349181348
2009-04-17,21.23,29.21,25.03,82.52,26.84,35.92556316739415
2009-04-18,9.77,31.31,24.23,80.25,27.3,42.02275446998432
2009-04-19,1.74,34.64,23.81,73.03,28.46,50.73091506574391
2009-04-20,14.13,31.39,24.23,78.2,27.5,41.52581694938464
2009-04-21,26.43,28.5,24.04,84.13,25.96,34.17307184509606
2009-04-22,33.1,28.42,23.43,88.34,25.52,34.76816148755373
2009-04-23,13.82,29.85,23.61,86.3,26.17,39.016276394658384
2009-04-24,3.0,29.45,23.28,83.58,26.17,36.93058742591317
2009-04-25,31.38,29.11,23.81,85.7,26.05,36.38331752001895
2009-04-26,13.05,31.21,23.68,79.74,26.87,41.49028294954522
2009-04-27,38.38,27.71,23.64,89.83,25.43,32.81523865035115
2009-04-28,22.97,26.73,23.22,91.94,24.91,30.145105279370846
2009-04-29,3.66,27.19,22.7,88.02,24.43,31.051772333956144
2009-04-30,3.16,28.68,22.63,86.65,25.07,35.23707720544717
2009-05-01,0.14,31.72,22.36,77.33,26.23,42.29853111933352
2009-05-02,0.43,31.84,22.74,77.56,26.52,42.79576300393708
2009-05-03,5.24,31.5,23.31,79.31,26.61,42.31912906603934
2009-05-04,5.69,31.48,23.36,79.94,27.13,42.49386156892961
2009-05-05,26.38,30.37,23.65,85.58,26.23,40.62032824075494
2009-05-06,22.13,26.09,22.25,88.92,23.75,28.221045788399717
2009-05-07,88.17,26.0,21.91,91.32,24.13,28.087577798885086
2009-05-08,13.2,30.78,23.54,83.29,26.41,41.286022003639324
2009-05-09,17.37,29.46,21.86,84.93,25.79,37.31762945898305
2009-05-10,5.65,30.23,22.65,80.93,26.29,38.66081936934782
2009-05-11,1.66,28.55,23.33,85.93,25.5,34.68314707386037
2009-05-12,2.92,32.01,22.97,79.34,27.1,44.123949103118534
2009-05-13,1.11,31.57,23.67,81.39,27.01,43.38719840467794
2009-05-14,3.3,30.53,23.59,85.27,26.54,41.088878282962845
2009-05-15,1.75,31.73,23.91,84.18,27.13,45.151504511580875
2009-05-16,0.34,31.71,23.76,81.17,27.13,43.80526404733208
2009-05-17,0.8,32.12,23.23,73.09,27.56,41.94483762303659
2009-05-18,0.18,30.41,23.75,82.17,26.79,39.63717040449348
2009-05-19,1.88,32.0,24.47,79.99,27.38,44.36437682714592
2009-05-20,5.24,30.5,23.65,83.05,26.83,40.22993490911666
2009-05-21,6.07,30.98,23.32,82.59,26.78,41.739768319409585
2009-05-22,4.63,31.9,22.88,80.07,26.98,44.03603683292061
2009-05-23,1.02,31.1,23.52,81.82,26.9,41.8787581381773
2009-05-24,4.1,31.98,22.81,78.4,27.2,43.622929924004
2009-05-25,0.79,31.74,23.21,80.66,27.07,43.703790550404236
2009-05-26,5.19,29.57,23.38,84.02,26.33,37.42997772867997
2009-05-27,4.16,30.13,23.63,84.48,26.58,39.42442409523735
2009-05-28,8.55,30.22,24.05,80.68,26.53,38.553176712107536
2009-05-29,27.76,27.92,23.61,88.68,25.44,33.2725898540978
2009-05-30,21.41,29.33,23.66,87.9,26.0,37.67451389414771
2009-05-31,4.88,28.26,21.92,88.01,24.81,34.20025995252572
2009-06-01,6.44,29.65,22.82,87.39,25.9,38.64058854629447
2009-06-02,32.35,27.23,23.4,89.86,24.93,31.383143503986233
2009-06-03,59.93,27.96,23.14,91.89,25.5,33.951401230992765
2009-06-04,63.02,28.59,23.57,92.19,26.01,36.158851083499215
2009-06-05,87.16,27.89,24.56,93.42,25.97,33.986414621734895
2009-06-06,29.27,27.99,22.76,91.88,25.5,34.04862902292959
2009-06-07,0.33,30.69,21.99,82.37,26.09,40.65156017436094
2009-06-08,3.63,30.36,22.87,85.38,26.5,40.5177779712009
2009-06-09,14.73,28.79,23.51,90.33,25.65,36.42786670840605
2009-06-10,4.68,28.12,23.4,91.1,25.38,34.3345069107709
2009-06-11,12.84,28.41,23.36,91.37,25.57,35.35796623449907
2009-06-12,15.2,28.49,23.61,90.78,25.77,35.50466028615329
2009-06-13,9.81,29.02,23.54,89.4,25.89,36.9954239167534
2009-06-14,30.11,30.4,23.42,85.72,26.68,40.77503405206306
2009-06-15,28.85,30.05,23.57,86.58,26.27,39.805007926970376
2009-06-16,19.35,27.6,23.35,91.09,25.02,32.666062215758465
2009-06-17,23.37,27.98,23.3,93.5,25.02,34.307139810001345
2009-06-18,57.17,26.82,23.34,94.73,24.99,30.674654049018297
2009-06-19,31.96,27.58,23.89,94.03,25.42,33.044674956512225
2009-06-20,18.42,28.33,23.79,92.74,25.78,35.36747065906755
2009-06-21,2.38,29.3,23.71,89.31,26.23,37.948575482515906
2009-06-22,2.0,28.96,23.32,89.71,26.01,36.86512662067631
2009-06-23,10.61,30.05,24.38,85.53,26.69,39.47594290017943
2009-06-24,13.83,30.59,24.24,84.06,27.09,40.88505580106586
2009-06-25,10.41,27.83,23.97,91.16,25.52,33.40416285516637
2009-06-26,0.72,27.78,23.35,89.54,25.27,32.984498391841285
2009-06-27,1.31,29.73,23.46,85.44,26.51,38.35330038562043
2009-06-28,1.71,30.64,23.64,81.94,27.23,40.33453258465747
2009-06-29,3.33,30.21,24.1,84.73,27.14,39.77888953957988
2009-06-30,10.76,30.5,24.97,86.9,27.3,41.54731817758948
2009-07-01,8.92,29.3,24.7,88.4,26.55,37.70454617266246
2009-07-02,9.47,29.42,24.03,85.56,26.43,37.354047424673645
2009-07-03,4.19,28.84,24.11,86.42,26.28,35.69143912187397
2009-07-04,0.56,28.18,24.07,86.58,26.17,33.691763758573956
2009-07-05,11.66,28.8,24.28,85.37,26.33,35.331479952684894
2009-07-06,15.34,28.6,24.1,89.24,26.21,35.540529547679846
2009-07-07,16.19,31.49,24.1,83.44,27.23,43.92559868463354
2009-07-08,2.82,30.07,23.85,84.36,26.82,39.18268324823557
2009-07-09,28.21,28.61,24.67,92.7,26.12,36.34517331889232
2009-07-10,31.05,27.48,24.04,92.87,25.38,32.54596854058547
2009-07-11,16.32,27.53,23.71,91.13,25.32,32.45405644176016
2009-07-12,17.75,27.63,23.71,92.97,25.47,33.047022909014146
2009-07-13,15.93,27.0,23.85,93.89,25.45,31.151932143484373
2009-07-14,13.57,27.78,23.39,92.64,25.39,33.48652705379142
2009-07-15,3.04,29.15,23.68,88.92,26.02,37.32236063030298
2009-07-16,34.99,27.72,23.5,91.26,25.34,33.06982095905242
2009-07-17,114.0,26.9,23.78,95.55,25.32,31.01108350691018
2009-07-18,58.32,27.19,24.17,94.96,25.35,31.88548027579504
2009-07-19,20.56,27.55,23.89,94.49,25.41,33.014162169278364
2009-07-20,8.11,28.91,23.22,89.72,25.71,36.69537100884813
2009-07-21,5.24,28.3,22.84,89.4,25.43,34.59488584241052
2009-07-22,5.34,29.3,22.86,89.29,25.89,37.943180943485736
2009-07-23,1.85,29.44,23.29,87.66,26.19,37.987921313895136
2009-07-24,2.39,29.31,24.35,88.37,26.4,37.73114007458244
2009-07-25,9.21,28.6,24.4,89.09,26.22,35.5079461973518
2009-07-26,30.09,27.22,24.08,91.86,25.51,31.59683963781334
2009-07-27,47.37,27.48,23.49,93.23,25.33,32.59760745669692
2009-07-28,15.19,28.95,22.76,90.19,25.45,36.94847760402702
2009-07-29,6.97,29.04,22.77,91.57,25.46,37.61566831735358
2009-07-30,11.06,29.05,23.63,89.54,25.76,37.13418219522535
2009-07-31,16.94,27.28,23.61,92.73,25.33,31.891851137431658
2009-08-01,35.87,28.64,24.88,93.27,26.16,36.583964459716974
2009-08-02,14.69,27.4,24.9,95.22,26.0,32.616759055272205
2009-08-03,12.66,28.88,23.54,91.62,26.03,37.05313695534039
2009-08-04,15.22,29.42,23.92,90.9,26.44,38.82216147284778
2009-08-05,36.66,29.58,24.29,91.04,26.51,39.45788730472225
2009-08-06,102.11,27.83,24.69,94.26,26.31,33.92741619228834
2009-08-07,63.45,27.37,25.22,95.37,26.15,32.536836373992
2009-08-08,18.05,27.63,25.22,94.36,26.15,33.263357825836046
2009-08-09,4.75,29.24,24.72,91.98,26.54,38.45793129862048
2009-08-10,0.64,29.78,24.18,91.56,26.49,40.37763687608157
2009-08-11,0.05,28.57,23.83,90.58,26.09,35.73245165503258
2009-08-12,12.73,29.43,24.46,86.87,26.67,37.738453959372016
2009-08-13,5.06,29.37,24.32,87.67,26.13,37.750021908355556
2009-08-14,0.51,29.37,23.63,89.75,26.28,38.31767435752923
2009-08-15,4.41,29.52,25.1,87.1,27.17,38.10835092951416
2009-08-16,16.89,30.32,24.33,84.22,26.97,39.99529700437588
2009-08-17,12.63,29.03,24.18,86.2,25.89,36.24722757385586
2009-08-18,9.52,29.57,23.31,86.97,26.15,38.24366012976523
2009-08-19,3.19,29.49,23.5,87.84,26.4,38.210807433849986
2009-08-20,10.02,29.2,24.52,89.32,26.34,37.599967537541886
2009-08-21,9.67,28.15,24.19,91.81,25.85,34.568132922685535
2009-08-22,5.51,28.65,24.0,90.14,25.85,35.906237320084415
2009-08-23,0.15,30.44,23.41,86.73,26.59,41.26606037370054
2009-08-24,5.3,29.07,24.11,89.97,26.45,37.312767641484406
2009-08-25,7.45,29.97,23.38,83.27,26.81,38.51975920414703
2009-08-26,7.95,28.26,24.42,90.21,26.16,34.62348016379679
2009-08-27,9.24,29.04,23.94,87.2,26.23,36.521154458250585
2009-08-28,7.58,27.93,24.12,93.15,25.75,34.074261610623935
2009-08-29,22.73,27.53,24.19,92.31,25.72,32.62506442047292
2009-08-30,13.58,28.72,24.05,90.45,25.91,36.215101377428496
2009-08-31,20.79,28.32,23.49,89.66,25.68,34.71078797158933
2009-09-01,9.27,29.39,23.44,89.15,26.13,38.22315531429158
2009-09-02,1.34,29.87,23.73,88.98,26.43,39.90722967974218
2009-09-03,17.7,28.51,23.82,91.39,25.75,35.704024708072694
2009-09-04,20.22,28.64,23.62,90.25,25.62,35.896933354969796
2009-09-05,29.32,27.6,23.79,93.28,25.46,32.996352158519386
2009-09-06,24.11,28.52,23.76,91.24,25.87,35.705810265208115
2009-09-07,35.31,27.47,24.2,94.14,25.55,32.69601185708925
2009-09-08,46.33,27.57,23.94,95.33,25.58,33.21011359212943
2009-09-09,40.2,27.73,24.15,95.43,25.67,33.779373105341435
2009-09-10,25.74,27.53,24.25,94.51,25.73,32.9500817266094
2009-09-11,16.31,26.87,23.48,92.39,24.93,30.598978553895652
2009-09-12,76.95,25.54,23.35,94.57,24.24,26.932684704912695
2009-09-13,36.98,26.49,23.2,95.08,24.67,29.683919931323235
2009-09-14,2.09,27.86,23.42,91.31,25.47,33.52553019257137
2009-09-15,0.09,30.23,23.18,87.32,26.37,40.69450598568514
2009-09-16,8.39,29.83,24.34,88.95,26.59,39.750970728861006
2009-09-17,2.75,30.53,23.9,87.36,26.91,41.8220895006141
2009-09-18,19.1,31.87,24.64,85.11,27.78,46.11163215983942
2009-09-19,16.04,31.21,25.05,88.33,27.54,44.8496347264692
2009-09-20,18.96,27.42,24.27,95.13,25.77,32.67126869420284
2009-09-21,6.25,27.36,23.99,93.27,25.49,32.216580175330144
2009-09-22,6.04,27.62,23.17,92.34,25.25,32.917887344266894
2009-09-23,19.71,28.0,22.98,91.09,25.47,33.94039094302573
2009-09-24,10.75,28.91,23.38,91.09,25.85,37.029554038301335
2009-09-25,22.21,28.07,23.9,92.4,25.65,34.410488703135066
2009-09-26,43.76,28.4,25.03,95.13,26.69,36.12549571421211
2009-09-27,15.45,27.78,23.08,93.11,25.37,33.564258773501415
2009-09-28,12.98,27.53,23.96,94.25,25.37,32.911250785876454
2009-09-29,3.33,28.01,23.6,91.51,25.39,34.04816611842796
2009-09-30,3.35,27.68,23.58,88.31,25.41,32.49384439343625
2009-10-01,5.47,28.48,23.69,90.67,25.62,35.44746229146255
2009-10-02,18.31,28.25,23.97,93.04,25.91,35.15042967831178
2009-10-03,132.45,26.77,24.86,96.32,25.69,30.667723631072096
2009-10-04,108.2,26.57,23.29,94.95,25.05,29.91877744613144
2009-10-05,9.17,28.12,22.98,91.08,24.96,34.33077021892785
2009-10-06,34.0,27.54,22.12,92.53,24.91,32.68926328457844
2009-10-07,100.56,25.88,24.62,95.2,25.1,27.88819672235579
2009-10-08,253.07,25.62,22.03,95.59,24.27,27.160707535308685
2009-10-09,115.21,25.98,23.09,95.45,24.35,28.18461515844526
2009-10-10,2.0,26.5,21.98,92.65,24.0,29.536922618416824
2009-10-11,0.0,28.57,21.22,84.36,24.84,34.424035796402514
2009-10-12,0.0,29.9,22.2,84.76,25.86,38.72815711184123
2009-10-13,0.97,30.17,24.08,86.77,26.51,40.29544818373216
2009-10-14,9.68,28.78,23.22,87.71,25.73,35.79078007334851
2009-10-15,5.9,28.55,22.77,87.67,25.34,35.04349629649669
2009-10-16,2.42,29.01,23.37,88.63,25.6,36.77075798594002
2009-10-17,4.46,28.66,23.17,89.19,25.58,35.72821628272739
2009-10-18,4.39,28.54,23.14,85.35,25.69,34.534773598562964
2009-10-19,15.21,28.92,23.67,84.3,25.82,35.46095804546205
2009-10-20,10.1,28.54,22.43,87.44,25.12,34.963825526957315
2009-10-21,1.09,29.51,22.85,86.79,25.51,37.98822321680647
2009-10-22,4.02,28.66,21.51,88.98,24.53,35.68172359495468
2009-10-23,9.15,27.37,22.88,91.13,24.51,31.96172325999167
2009-10-24,0.49,27.16,20.75,88.93,23.86,31.072429246188864
2009-10-25,0.36,28.71,19.36,85.41,23.74,35.06337131478651
2009-10-26,0.05,29.32,21.66,86.25,25.01,37.20563753789962
2009-10-27,0.0,29.67,20.52,78.51,24.89,36.28461454210281
2009-10-28,0.0,29.29,17.93,75.84,23.55,34.60747665136398
2009-10-29,0.01,30.12,20.1,78.21,24.65,37.520974821246504
2009-10-30,3.42,29.31,18.64,80.47,24.25,35.73012104278561
2009-10-31,8.49,29.15,23.44,87.94,25.75,37.071964668526356
2009-11-01,0.17,30.42,21.81,81.33,26.03,39.40077323553643
2009-11-02,4.36,30.07,22.52,78.69,25.92,37.50775875847817
2009-11-03,4.05,27.49,22.09,83.45,24.34,31.294672741610253
2009-11-04,14.77,28.31,23.02,88.19,25.32,34.39092231040626
2009-11-05,1.11,30.12,23.35,83.29,26.35,39.02229150882491
2009-11-06,0.94,30.55,22.68,83.73,26.06,40.631723617109984
2009-11-07,0.24,30.36,22.16,82.17,25.98,39.47068082201784
2009-11-08,0.26,30.55,22.63,81.6,25.97,39.91846124446997
2009-11-09,0.29,30.35,21.69,85.8,25.42,40.62240730651822
2009-11-10,0.01,29.71,22.74,84.78,25.64,38.09814259069471
2009-11-11,0.0,30.34,22.49,82.81,25.8,39.60835381091902
2009-11-12,0.0,30.19,20.77,80.4,25.0,38.374145636757426
2009-11-13,0.06,30.06,21.16,80.67,25.13,38.04561886154571
2009-11-14,0.1,30.09,21.76,84.36,25.45,39.250654851353424
2009-11-15,0.01,30.33,22.37,84.28,25.84,40.04947887927643
2009-11-16,0.0,30.7,21.5,83.63,25.76,41.12372075237753
2009-11-17,1.19,30.49,23.56,84.61,26.19,40.71985999515502
2009-11-18,0.17,30.67,21.59,83.49,25.53,40.969273017814885
2009-11-19,2.07,30.41,21.3,83.49,25.34,40.06679716906321
2009-11-20,0.12,29.57,21.97,80.06,24.86,36.389565951503236
2009-11-21,0.68,29.52,20.77,81.53,24.62,36.61675208427554
2009-11-22,0.38,30.09,21.8,81.66,25.26,38.43195700605144
2009-11-23,0.13,30.05,21.27,80.99,25.21,38.10745612540344
2009-11-24,1.47,30.28,22.11,81.23,25.73,38.91349094903888
2009-11-25,0.23,30.98,22.43,82.2,26.01,41.59739960896855
2009-11-26,0.21,31.27,22.22,79.59,26.23,41.638552375088544
2009-11-27,0.01,31.07,22.59,80.9,26.22,41.436625091564366
2009-11-28,0.01,30.45,22.66,79.14,25.93,38.806800085476624
2009-11-29,0.03,29.64,22.01,80.42,25.17,36.6905497550207
2009-11-30,0.03,29.33,20.26,79.31,24.13,35.51139693720232
2009-12-01,0.01,28.52,19.72,76.29,23.52,32.76401661570266
2009-12-02,0.01,27.57,18.5,76.15,22.54,30.570558350237075
2009-12-03,0.0,27.5,18.92,73.96,22.49,30.167396919795685
2009-12-04,0.01,27.74,17.67,74.99,22.25,30.790176022493384
2009-12-05,0.03,28.06,18.03,75.74,22.51,31.597688004718616
2009-12-06,0.0,27.56,16.97,76.13,21.92,30.546615091600472
2009-12-07,0.01,28.33,17.38,76.41,22.78,32.329001433690664
2009-12-08,0.01,28.58,18.29,78.27,23.01,33.27180572422889
2009-12-09,0.0,29.17,18.22,76.93,23.26,34.53309876522954
2009-12-10,0.0,29.64,19.01,75.97,24.16,35.56596033641752
2009-12-11,0.12,30.41,22.04,75.46,25.92,37.57844864569677
2009-12-12,0.27,30.43,21.81,81.53,25.59,39.497665217849516
2009-12-13,0.08,30.38,21.56,79.76,25.18,38.77878601354653
2009-12-14,0.0,29.62,19.67,78.26,23.76,36.07818259652042
2009-12-15,0.0,29.36,19.13,76.79,23.82,35.00665655033194
2009-12-16,0.0,29.8,19.69,76.59,24.4,36.16034958383368
2009-12-17,0.01,29.77,20.03,75.83,24.41,35.88438469719532
2009-12-18,0.0,29.78,20.18,77.71,24.48,36.39330339082903
2009-12-19,0.07,29.57,20.24,76.56,24.11,35.51948795585626
2009-12-20,0.11,28.31,20.14,79.53,23.4,32.80666663604997
2009-12-21,0.54,28.3,20.21,80.29,23.21,32.9121904339925
2009-12-22,1.95,28.15,19.49,82.17,22.85,32.837279889630224
2009-12-23,3.19,28.64,19.08,82.3,23.11,34.21169369402667
2009-12-24,0.3,29.21,19.54,78.67,23.64,35.027842824998714
2009-12-25,0.12,28.93,20.71,78.04,24.12,34.13593825622026
2009-12-26,0.17,28.78,20.82,77.79,24.23,33.693926225037636
2009-12-27,0.24,29.49,19.69,78.1,24.13,35.67186236149563
2009-12-28,0.0,29.59,21.34,79.07,24.59,36.19648115531057
2009-12-29,0.0,30.57,20.04,78.12,24.77,38.86180782076555
2009-12-30,0.0,30.3,20.96,76.18,24.78,37.46921396372084
2009-12-31,0.0,30.75,20.68,75.67,24.92,38.63842645762265
2010-01-01,0.06,30.05,19.6,76.38,24.08,36.80816686078313
2010-01-02,0.09,30.12,19.72,76.73,24.38,37.104713436311556
2010-01-03,0.43,27.87,21.91,82.22,24.37,32.105638731915256
2010-01-04,0.1,30.11,20.43,78.59,24.75,37.59934899746294
2010-01-05,0.04,29.93,21.6,78.06,24.98,36.91903204597283
2010-01-06,0.05,30.59,21.07,74.04,24.96,37.67547804705943
2010-01-07,0.07,27.74,20.39,80.16,23.78,31.480626396506555
2010-01-08,0.01,29.31,20.39,76.18,24.14,34.73559354893844
2010-01-09,0.0,30.57,20.79,75.94,24.82,38.18771559576109
2010-01-10,0.0,30.4,20.27,74.25,24.73,37.20148654955954
2010-01-11,0.28,29.47,20.93,79.39,24.42,35.93032908166761
2010-01-12,0.07,29.59,20.16,76.96,23.86,35.671570426765854
2010-01-13,0.06,28.82,18.91,70.96,22.83,32.50786297904528
2010-01-14,0.02,26.71,16.76,70.74,20.76,28.42859093494629
2010-01-15,0.02,28.6,17.41,72.5,21.83,32.29119671240451
2010-01-16,0.22,29.58,17.86,74.4,23.31,35.03157791669399
2010-01-17,0.41,28.24,20.52,76.35,23.69,32.10670319385113
2010-01-18,2.74,29.27,21.8,78.43,24.58,35.138558775971035
2010-01-19,2.37,29.18,20.92,79.3,24.35,35.087467732402835
2010-01-20,1.28,30.35,20.3,77.62,24.35,38.037577011343245
2010-01-21,0.1,30.74,18.86,74.11,24.03,38.12498367771353
2010-01-22,0.01,29.09,16.58,75.53,22.0,34.02790969427758
2010-01-23,0.03,30.63,18.02,73.58,23.58,37.65217438431441
2010-01-24,0.05,30.48,18.03,72.32,23.66,36.87508073259803
2010-01-25,0.13,30.83,17.31,74.68,23.67,38.56374014158588
2010-01-26,0.02,29.99,19.07,72.53,23.55,35.637338881822615
2010-01-27,0.0,30.17,17.98,73.38,23.15,36.33149996217666
2010-01-28,0.01,30.84,17.33,69.3,23.66,36.969216903263174
2010-01-29,0.01,31.25,19.64,69.44,24.49,38.10124202618966
2010-01-30,0.02,31.43,17.92,71.33,24.06,39.21823983458617
2010-01-31,0.44,31.29,18.93,76.36,24.56,40.5319906621736
2010-02-01,0.0,31.24,19.75,73.01,24.9,39.22758192072655
2010-02-02,0.0,32.49,21.35,68.89,25.87,41.441247262610915
2010-02-03,0.0,32.23,20.52,72.1,25.48,41.90277803675807
2010-02-04,0.0,32.4,20.85,68.71,25.31,41.104682153359775
2010-02-05,0.0,32.19,19.89,64.92,24.97,39.138806862542246
2010-02-06,0.0,32.82,18.28,70.04,25.21,42.91721854287741
2010-02-07,0.0,31.68,20.85,70.85,25.55,39.77733939174944
2010-02-08,0.0,31.89,19.82,68.68,24.85,39.621188380871445
2010-02-09,0.48,32.23,18.46,73.65,24.59,42.520209555571824
2010-02-10,0.4,32.33,19.46,75.43,24.86,43.58621345963916
2010-02-11,0.03,33.06,18.78,72.12,25.19,44.600870918054945
2010-02-12,0.0,32.94,20.33,67.97,25.63,42.42658511836762
2010-02-13,0.04,33.13,18.88,70.57,25.14,44.138143304185945
2010-02-14,0.05,32.82,18.92,69.93,25.22,42.87113029725439
2010-02-15,0.05,33.11,19.38,69.59,25.57,43.64238009143931
2010-02-16,0.41,33.29,20.54,68.47,25.96,43.72239969089118
2010-02-17,0.36,33.23,20.29,68.29,25.94,43.45534656708176
2010-02-18,0.0,33.62,20.93,68.94,26.36,44.99440196200896
2010-02-19,0.2,32.78,21.72,69.94,26.3,42.75005932253771
2010-02-20,0.82,32.16,21.89,72.76,25.84,41.94195135673575
2010-02-21,0.25,32.78,20.51,70.97,25.86,43.1822219714812
2010-02-22,0.22,32.93,20.62,71.6,25.86,43.93907422059734
2010-02-23,0.0,33.92,20.1,66.21,26.42,44.686054071415484
2010-02-24,0.0,33.54,22.12,67.66,27.18,44.15079085256054
2010-02-25,1.06,34.12,21.43,68.88,27.05,46.628280571493846
2010-02-26,0.03,34.6,21.23,66.91,27.07,47.24419383955698
2010-02-27,0.0,34.37,21.04,67.23,26.96,46.63827738197372
2010-02-28,0.0,34.86,21.55,62.13,27.18,45.66521900803344
2010-03-01,0.0,34.71,20.15,62.15,26.54,45.21358912453942
2010-03-02,0.0,34.97,19.98,64.35,26.57,47.140804620291675
2010-03-03,0.0,35.62,20.61,62.75,27.37,48.41944638901517
2010-03-04,0.0,35.52,21.53,63.41,27.45,48.45152370956529
2010-03-05,0.01,35.07,20.8,61.83,26.81,46.16761041831378
2010-03-06,0.03,35.78,21.08,64.32,27.77,49.846811460273685
2010-03-07,0.08,36.04,22.96,59.6,28.41,48.04623774571931
2010-03-08,0.16,35.45,22.68,61.37,28.03,47.12548530622265
2010-03-09,0.03,35.07,21.47,61.43,27.45,45.966451697331486
2010-03-10,0.06,35.15,23.44,62.06,27.88,46.53537555624943
2010-03-11,0.62,34.25,22.24,60.99,27.14,43.30958448296238
2010-03-12,4.18,33.93,21.55,67.49,27.02,45.32012362597852
2010-03-13,3.11,33.76,22.49,70.12,27.3,46.02109037459937
2010-03-14,0.17,35.54,22.93,64.95,28.2,49.38000167972647
2010-03-15,0.01,36.75,22.06,61.95,28.56,51.793994970098886
2010-03-16,0.0,36.66,21.69,61.57,28.45,51.245857039236725
2010-03-17,0.13,35.96,21.19,60.82,27.98,48.4638266116837
2010-03-18,0.08,36.03,22.12,61.81,28.29,49.25192120916582
2010-03-19,0.1,35.84,21.71,59.64,28.12,47.4365340017085
2010-03-20,0.0,36.52,21.58,58.04,28.24,48.69928552299671
2010-03-21,0.26,37.54,21.87,58.21,28.85,52.15006246927332
2010-03-22,1.08,35.92,21.94,62.25,28.28,49.13583658078713
2010-03-23,0.34,36.63,22.14,60.67,28.45,50.59610582509552
2010-03-24,0.01,36.81,22.9,60.64,28.78,51.18951832355687
2010-03-25,0.25,36.49,23.68,62.2,28.95,51.04340361074716
2010-03-26,1.01,36.57,23.08,60.16,28.55,50.09018183586227
2010-03-27,0.17,35.37,22.33,58.23,27.89,45.283992933354845
2010-03-28,0.05,34.81,23.37,58.83,28.0,43.94289310123869
2010-03-29,0.09,34.75,22.53,55.55,27.5,42.321983344163904
2010-03-30,0.22,35.1,21.69,57.09,27.29,43.963089280349955
2010-03-31,0.25,36.03,20.73,58.35,27.73,47.3364660400264
2010-04-01,0.03,36.33,23.06,59.84,28.95,49.113566052675665
2010-04-02,0.0,37.09,23.62,59.24,29.53,51.2760130153377
2010-04-03,0.06,37.95,23.94,59.87,30.04,54.69010781008699
2010-04-04,0.01,37.87,24.18,57.71,29.86,52.950604309151956
2010-04-05,0.01,38.21,24.01,55.66,30.04,52.74962126339749
2010-04-06,0.01,38.48,24.51,58.79,30.48,55.84805827918285
2010-04-07,0.0,38.16,24.16,59.62,30.11,55.27561811149724
2010-04-08,0.0,37.96,24.22,54.17,30.22,50.97681023389701
2010-04-09,0.0,36.09,23.94,58.99,29.25,47.86999321576646
2010-04-10,0.0,37.75,23.15,54.91,29.38,50.765382013178645
2010-04-11,0.0,38.15,21.44,57.42,29.16,53.721467224402076
2010-04-12,0.09,38.97,23.04,54.56,30.25,54.56916431612779
2010-04-13,2.98,36.46,24.79,61.72,29.56,50.649993494547985
2010-04-14,0.25,36.9,23.53,61.39,29.3,51.96706867763136
2010-04-15,0.02,37.92,23.04,56.83,29.72,52.543325889567114
2010-04-16,4.05,37.92,24.21,60.86,29.71,55.26963768516336
2010-04-17,0.4,35.89,24.28,59.63,28.71,47.58826013087337
2010-04-18,0.73,35.81,22.5,60.88,28.49,48.01236597699626
2010-04-19,0.06,37.14,22.59,57.31,29.33,50.26250401117254
2010-04-20,0.46,37.45,23.45,57.45,30.03,51.36654404043975
2010-04-21,0.61,36.97,24.41,58.2,30.09,50.2428346571206
2010-04-22,0.0,38.16,23.6,55.23,30.47,52.30159858393185
2010-04-23,0.41,37.82,25.31,56.11,30.61,51.74555631565407
2010-04-24,0.34,34.32,25.3,61.05,29.31,43.53879636869416
2010-04-25,11.81,37.13,24.67,62.04,29.65,53.19858658492926
2010-04-26,0.56,37.19,24.45,62.8,29.79,53.91809011292467
2010-04-27,0.1,36.73,24.35,61.03,30.07,51.1552518602505
2010-04-28,6.3,32.37,24.93,71.02,28.58,41.912719550519874
2010-04-29,14.66,30.15,25.14,81.03,27.26,38.435821566078985
2010-04-30,43.44,28.98,24.53,84.35,26.53,35.655942388639545
2010-05-01,4.1,32.61,23.5,74.58,27.68,44.17291998091795
2010-05-02,1.51,33.29,24.64,72.91,28.09,45.749145987329314
2010-05-03,3.62,34.52,23.22,67.79,28.66,47.430164575887574
2010-05-04,4.0,34.05,24.38,72.46,29.03,48.21946110981399
2010-05-05,0.85,35.12,24.99,69.29,29.75,50.3724057845661
2010-05-06,0.36,36.17,26.04,66.12,30.23,52.320048324114296
2010-05-07,0.48,35.76,23.75,62.38,29.74,48.67727757989541
2010-05-08,0.12,35.88,24.76,68.71,29.81,52.86017828247546
2010-05-09,0.0,37.63,23.53,55.18,30.2,50.54771174340335
2010-05-10,5.8,35.46,25.54,70.31,29.97,52.251753692432246
2010-05-11,1.18,35.42,25.75,69.24,29.58,51.45212595158262
2010-05-12,0.06,34.58,24.76,65.69,29.03,46.55339340370439
2010-05-13,0.01,37.06,23.44,63.3,29.99,53.7739711023499
2010-05-14,0.22,37.05,24.36,64.83,30.17,54.76296996988203
2010-05-15,0.31,38.06,24.2,61.24,30.47,56.05735925754181
2010-05-16,0.0,38.14,24.47,60.75,30.72,56.00450572756503
2010-05-17,2.1,37.06,25.25,63.99,30.51,54.23385388384909
2010-05-18,0.76,35.84,25.69,67.97,30.02,52.24740298761174
2010-05-19,0.14,37.59,25.08,63.43,30.67,55.84245032628592
2010-05-20,2.15,35.63,26.08,68.11,30.09,51.552143298421484
2010-05-21,0.4,36.91,25.25,63.64,30.19,53.44809999463188
2010-05-22,0.69,35.72,25.16,64.82,29.87,49.928236955663465
2010-05-23,0.09,37.74,25.86,61.98,30.69,55.38810372695163
2010-05-24,2.06,32.41,26.03,74.07,28.49,43.28280922337772
2010-05-25,7.29,32.15,25.45,72.18,28.62,41.68400122608755
2010-05-26,34.18,32.48,25.03,74.98,28.68,43.90384726011798
2010-05-27,6.42,31.28,24.79,77.05,27.61,40.745833558459246
2010-05-28,15.78,29.5,25.15,79.44,27.07,36.02916696481691
2010-05-29,3.05,33.01,23.9,72.92,28.11,44.79400157903286
2010-05-30,8.06,31.7,25.37,78.12,27.83,42.540514998367094
2010-05-31,15.97,30.8,24.85,84.7,27.19,41.86403250038845
2010-06-01,17.8,30.65,24.27,83.01,26.91,40.73353472412694
2010-06-02,19.24,31.33,24.48,80.78,27.19,42.29368114513699
2010-06-03,16.77,29.55,24.37,82.78,26.64,37.03515170442131
2010-06-04,11.01,30.3,24.38,83.57,26.84,39.71663451121804
2010-06-05,9.84,29.72,24.22,84.34,26.73,38.00680302764897
2010-06-06,4.0,30.54,24.4,80.47,27.18,39.516337180036125
2010-06-07,2.27,32.18,25.05,77.67,28.0,44.01804930466255
2010-06-08,2.07,33.19,24.85,77.93,28.48,47.83657776599582
2010-06-09,1.92,31.21,25.0,78.23,28.0,40.941356484786574
2010-06-10,6.31,31.54,24.97,79.77,27.72,42.63663743136976
2010-06-11,9.8,30.4,24.54,80.77,26.82,39.157994334692546
2010-06-12,2.14,33.58,24.3,75.98,28.36,48.31854529238761
2010-06-13,9.07,32.52,25.15,78.4,28.27,45.55899108503833
2010-06-14,3.52,31.69,24.45,81.09,27.47,43.69967260061166
2010-06-15,1.19,32.04,24.86,79.43,28.22,44.27007734211445
2010-06-16,0.47,32.58,25.33,77.62,28.75,45.42223241492772
2010-06-17,1.93,33.79,24.49,74.27,28.92,48.214035393344794
2010-06-18,1.18,31.98,24.48,77.94,28.19,43.43236533353819
2010-06-19,21.69,31.02,24.85,83.01,27.63,42.03680653379268
2010-06-20,24.68,30.09,25.24,87.22,27.18,40.15223294201979
2010-06-21,6.9,30.94,24.36,80.52,27.53,40.85813296442842
2010-06-22,8.14,29.06,23.9,87.34,26.03,36.621344707132714
2010-06-23,3.88,31.07,23.59,78.8,26.99,40.68443447995954
2010-06-24,12.98,30.9,24.71,81.84,27.26,41.189343646290155
2010-06-25,17.8,30.21,24.46,85.31,26.72,39.964938876947905
2010-06-26,5.81,29.49,24.01,83.56,26.12,37.05180876131706
2010-06-27,3.47,31.12,23.7,78.47,27.35,40.73181183168736
2010-06-28,6.03,31.92,24.64,80.94,27.85,44.47745111486685
2010-06-29,11.87,32.07,25.23,80.76,28.12,44.954186955704074
2010-06-30,5.0,31.86,25.53,82.42,28.14,44.888956078192514
2010-07-01,3.04,31.01,24.4,84.93,27.45,42.72209570589098
2010-07-02,5.18,32.0,24.46,81.09,27.79,44.837958023810856
2010-07-03,1.9,30.82,24.5,80.94,27.72,40.600492030406954
2010-07-04,1.87,28.86,24.58,88.24,26.41,36.17495897233309
2010-07-05,8.5,31.33,24.02,80.81,27.2,42.30514683621263
2010-07-06,4.94,31.89,24.25,77.85,27.48,43.084044958627864
2010-07-07,17.18,31.13,24.57,79.79,27.61,41.23796290864754
2010-07-08,6.98,30.39,24.92,84.84,27.18,40.443975778097276
2010-07-09,13.84,30.64,24.2,82.79,27.08,40.623501758747246
2010-07-10,16.97,28.45,23.66,85.46,25.89,34.28685618998622
2010-07-11,5.99,30.44,24.05,81.74,26.86,39.598282993005895
2010-07-12,6.46,29.47,24.29,85.47,26.51,37.494642647724994
2010-07-13,17.65,30.12,24.66,86.02,26.77,39.87550482792013
2010-07-14,15.72,28.65,23.53,86.61,25.7,35.13442046295226
2010-07-15,10.42,28.38,22.86,86.88,25.19,34.35319586364753
2010-07-16,4.33,31.65,22.68,75.98,27.14,41.54897618583912
2010-07-17,11.27,30.0,24.34,83.37,26.8,38.64832002746615
2010-07-18,22.15,29.68,23.72,86.6,26.19,38.516652805367144
2010-07-19,12.67,30.18,23.62,85.55,26.27,39.93673781010105
2010-07-20,24.45,28.4,23.68,88.8,25.9,34.79708958150923
2010-07-21,19.46,26.99,23.44,91.9,24.91,30.906756928248544
2010-07-22,7.06,29.66,23.1,83.72,26.14,37.63839832099649
2010-07-23,14.16,30.04,23.44,87.03,26.23,39.91161708290731
2010-07-24,23.41,30.0,23.88,86.3,26.42,39.54052673827784
2010-07-25,34.19,28.21,23.55,90.28,25.46,34.47389651920508
2010-07-26,10.08,29.51,23.14,86.42,26.04,37.88624451149224
2010-07-27,2.2,29.75,22.96,84.74,26.2,38.21969046628445
2010-07-28,18.75,27.9,23.98,89.43,25.75,33.33651385460799
2010-07-29,15.11,29.39,23.72,86.4,26.33,37.47778543588469
2010-07-30,16.87,28.81,24.5,88.98,26.29,36.1807217472093
2010-07-31,14.39,29.53,24.1,88.05,26.56,38.409362805759514
2010-08-01,6.51,29.03,23.54,86.64,26.21,36.352883139526696
2010-08-02,25.69,27.72,24.34,91.0,25.59,33.02882820919396
2010-08-03,16.4,30.68,24.32,87.56,26.75,42.463185308553626
2010-08-04,14.69,29.75,24.35,88.26,26.67,39.25077806653781
2010-08-05,15.78,28.63,24.3,91.84,26.19,36.220344101852376
2010-08-06,12.94,29.64,23.38,88.41,26.15,38.901680689366195
2010-08-07,35.28,28.13,24.0,93.37,25.86,34.79916484177087
2010-08-08,46.37,27.81,24.57,95.27,25.8,34.03189295346661
2010-08-09,11.67,28.56,24.25,92.96,26.06,36.22557919972286
2010-08-10,13.88,28.08,24.19,92.11,25.83,34.39011154693791
2010-08-11,9.71,28.8,24.04,87.49,25.96,35.805809389349164
2010-08-12,11.22,28.25,23.59,88.99,25.49,34.3555566083191
2010-08-13,5.53,29.63,23.16,86.46,26.17,38.30511379540765
2010-08-14,1.72,30.35,23.59,82.75,27.07,39.622741805483486
2010-08-15,5.2,30.23,24.25,85.27,26.9,40.02220958771674
2010-08-16,15.89,29.02,24.32,90.31,26.29,37.22336015561606
2010-08-17,8.84,30.12,24.37,86.44,26.76,40.00964777341225
2010-08-18,7.7,28.69,23.87,88.19,26.09,35.60545873216948
2010-08-19,6.01,28.74,23.24,88.84,25.65,35.91523557737263
2010-08-20,14.06,26.75,23.25,91.19,24.68,30.136394336216718
2010-08-21,5.96,29.38,22.74,89.42,25.58,38.26217728701069
2010-08-22,10.72,29.18,22.84,88.54,25.66,37.327728864696304
2010-08-23,6.16,28.34,22.63,87.17,25.44,34.28673573822518
2010-08-24,16.63,29.26,23.04,84.92,25.75,36.67015769418308
2010-08-25,14.7,26.78,23.0,92.26,24.6,30.32005304118881
2010-08-26,15.33,28.55,22.07,88.17,25.13,35.14857636472621
2010-08-27,16.23,28.32,22.64,90.59,25.37,34.896078085717264
2010-08-28,19.3,28.27,23.89,92.33,25.69,35.07671600613272
2010-08-29,19.18,27.61,23.98,92.74,25.37,32.946577224933236
2010-08-30,24.78,28.25,23.52,91.72,25.66,34.886996851804255
2010-08-31,20.72,28.2,23.89,92.48,25.76,34.86688989273574
2010-09-01,27.87,28.47,23.51,91.82,25.73,35.65899569094781
2010-09-02,28.92,27.22,23.12,92.11,24.83,31.62757252197092
2010-09-03,28.01,26.47,22.27,93.41,24.16,29.50422341480136
2010-09-04,11.73,26.63,22.61,92.72,24.44,29.919732779524466
2010-09-05,1.12,29.45,23.08,84.55,26.36,37.18463351762236
2010-09-06,3.33,28.93,24.44,87.69,26.5,36.27671875323136
2010-09-07,7.04,28.87,24.09,85.16,26.14,35.50108125435439
2010-09-08,14.98,29.19,23.2,85.08,25.85,36.48679286421485
2010-09-09,2.87,28.61,22.81,88.09,25.68,35.324540834436604
2010-09-10,7.77,29.53,23.82,84.11,26.34,37.32539082850384
2010-09-11,6.08,28.93,24.16,89.19,25.92,36.63565373051164
2010-09-12,1.35,29.18,23.09,85.8,25.86,36.63323671215062
2010-09-13,15.35,30.22,22.43,86.55,25.94,40.40373441749554
2010-09-14,0.95,31.72,23.11,81.3,27.0,43.895450931449574
2010-09-15,7.04,30.53,22.94,81.33,26.33,39.76330977175315
2010-09-16,2.83,30.99,24.2,83.59,26.98,42.14454442568533
2010-09-17,3.56,28.78,23.81,88.36,25.95,35.938391040396226
2010-09-18,5.44,30.08,23.03,85.06,26.05,39.43353907234301
2010-09-19,0.86,29.94,23.19,84.06,26.15,38.65451461925525
2010-09-20,1.19,29.72,22.31,84.95,26.03,38.17966768880652
2010-09-21,14.13,31.07,23.55,81.27,26.77,41.57158246485137
2010-09-22,1.51,30.94,23.24,81.68,26.68,41.27037561845077
2010-09-23,8.37,29.88,24.12,85.77,26.38,38.96122222950146
2010-09-24,9.7,27.92,24.11,89.99,25.64,33.493334457680724
2010-09-25,3.4,30.76,23.69,84.69,26.67,41.71512825289287
2010-09-26,0.27,32.18,23.18,78.84,27.34,44.5205316755123
2010-09-27,2.59,32.1,23.2,81.07,27.2,45.20219972937142
2010-09-28,0.84,31.04,23.58,83.22,26.62,42.186788613352164
2010-09-29,0.34,29.14,22.55,83.61,25.46,35.97353712789046
2010-09-30,6.74,30.87,22.96,80.47,26.6,40.60549740715905
2010-10-01,6.2,30.37,23.52,88.02,26.26,41.45204667490834
2010-10-02,5.7,26.91,22.96,90.76,24.72,30.554846690051722
2010-10-03,5.1,31.45,22.14,82.64,26.24,43.45289467228238
2010-10-04,0.4,32.02,21.82,79.22,26.78,44.108944462902514
2010-10-05,0.34,31.99,23.3,79.16,27.42,43.976336223545545
2010-10-06,21.49,30.93,24.46,81.17,27.23,41.05410638968129
2010-10-07,5.31,31.11,24.25,80.51,27.48,41.431683758119256
2010-10-08,3.96,32.21,23.9,78.63,27.77,44.53730576319929
2010-10-09,5.93,30.7,24.74,84.76,27.19,41.52303854069096
2010-10-10,2.68,31.4,24.13,84.57,27.17,44.04770976050847
2010-10-11,4.56,30.08,24.16,86.53,26.57,39.895874764366454
2010-10-12,1.58,31.43,24.49,81.18,27.2,42.80147953742231
2010-10-13,10.46,30.93,23.76,82.88,26.77,41.6687536636644
2010-10-14,0.98,31.89,23.03,81.58,27.13,44.64018973528327
2010-10-15,25.31,29.82,24.03,86.58,26.26,38.99565171161272
2010-10-16,4.3,27.11,23.29,90.67,24.98,31.126787811079396
2010-10-17,8.56,30.73,22.42,81.76,26.24,40.57864054553916
2010-10-18,130.45,27.8,24.08,92.32,25.8,33.49930422867503
2010-10-19,172.72,26.72,24.73,94.87,25.86,30.37545160798554
2010-10-20,36.03,27.89,24.41,93.12,25.7,33.934090499210924
2010-10-21,18.96,28.5,24.12,93.34,25.82,36.095767332361426
2010-10-22,12.16,28.24,23.21,90.71,25.36,34.655283811395726
2010-10-23,9.34,28.57,22.78,90.5,25.1,35.71494639206946
2010-10-24,7.23,28.31,22.99,87.48,25.48,34.25402410029653
2010-10-25,1.93,27.38,23.57,93.22,25.22,32.27389904146476
2010-10-26,0.14,29.79,23.94,84.62,26.09,38.31841127320513
2010-10-27,0.0,28.65,23.42,83.59,25.49,34.502190005504126
2010-10-28,0.0,29.01,21.71,84.78,25.05,35.84826844277794
2010-10-29,0.0,29.89,22.61,81.8,25.55,37.83582366326102
2010-10-30,0.08,30.47,21.35,79.97,25.37,39.13052225407651
2010-10-31,0.53,30.41,22.09,82.84,25.81,39.85422648025179
2010-11-01,6.74,29.96,23.04,84.66,25.74,38.90103299587324
2010-11-02,8.3,27.74,23.43,90.7,25.25,33.04439150854683
2010-11-03,3.48,29.12,22.7,90.75,25.57,37.691005767902936
2010-11-04,3.86,30.21,23.2,86.74,26.14,40.43003407492791
2010-11-05,5.42,29.61,22.7,86.58,25.6,38.27074983401209
2010-11-06,1.49,27.54,23.26,90.62,25.24,32.41153994378887
2010-11-07,3.7,28.22,22.94,88.89,25.54,34.241510859092436
2010-11-08,5.37,27.92,24.01,92.22,25.72,33.877298026477455
2010-11-09,24.06,30.46,23.13,86.08,26.37,41.1149713132827
2010-11-10,20.26,28.57,23.1,88.71,25.22,35.32787796016766
2010-11-11,24.39,29.24,22.07,83.12,25.08,36.16176826117747
2010-11-12,6.85,29.09,21.79,82.65,25.18,35.59632027425174
2010-11-13,2.67,29.15,22.5,84.86,25.54,36.3059968042559
2010-11-14,0.4,31.22,22.71,80.91,26.57,41.958942069659074
2010-11-15,16.39,30.1,22.54,81.06,25.92,38.28597903099216
2010-11-16,0.23,30.19,21.64,81.8,25.53,38.796877680427166
2010-11-17,0.35,30.37,21.89,81.9,25.33,39.41781356971858
2010-11-18,4.94,30.47,21.59,85.13,25.21,40.82564251257286
2010-11-19,2.02,29.52,22.74,81.49,25.84,36.606459891075716
2010-11-20,2.92,30.46,22.86,81.02,26.13,39.43259036250882
2010-11-21,0.64,30.46,23.07,81.79,26.23,39.68084453563663
2010-11-22,13.15,29.42,23.97,84.75,26.07,37.14041160781551
2010-11-23,2.89,28.93,23.06,84.42,25.7,35.51864799358457
2010-11-24,27.79,28.28,23.83,89.21,25.36,34.49360893280745
2010-11-25,8.13,28.28,22.88,87.34,24.89,34.13500406636439
2010-11-26,0.42,27.17,22.16,85.38,24.13,30.699101046306946
2010-11-27,0.5,28.07,21.6,85.8,24.17,33.23101530638338
2010-11-28,0.08,29.38,21.47,83.05,24.77,36.575621893169185
2010-11-29,1.03,30.08,21.78,83.45,25.48,38.93786254524699
2010-11-30,0.13,29.87,22.53,85.88,25.55,38.95971458557811
2010-12-01,0.02,30.72,20.43,77.65,25.26,39.177679548931295
2010-12-02,0.12,30.79,20.98,82.73,25.47,41.122976117545
2010-12-03,1.11,30.26,21.59,83.75,25.41,39.63793106066946
2010-12-04,1.42,30.58,22.64,84.3,25.95,40.93243521222948
2010-12-05,0.09,30.58,22.33,79.44,25.94,39.31299718557734
2010-12-06,0.93,30.67,22.3,82.65,25.9,40.67896013708739
2010-12-07,1.47,30.41,22.59,84.73,25.6,40.47776290904118
2010-12-08,0.1,27.59,21.77,81.6,24.27,31.306317883027695
2010-12-09,0.06,27.81,19.94,81.44,23.51,31.836155216366933
2010-12-10,0.01,28.69,19.24,80.98,23.7,34.08679321897107
2010-12-11,0.0,28.91,20.84,81.13,24.43,34.73301027199123
2010-12-12,0.04,28.53,20.35,81.75,24.35,33.79599033127899
2010-12-13,0.83,29.16,22.85,85.58,25.59,36.514297050551505
2010-12-14,9.02,29.14,23.59,83.76,25.99,36.00936959729708
2010-12-15,0.9,30.65,22.28,83.22,26.02,40.805850284171925
2010-12-16,0.71,27.93,22.56,87.26,25.18,33.066865491635
2010-12-17,0.05,28.56,21.08,84.39,24.3,34.400592483056904
2010-12-18,0.31,29.69,19.59,81.7,24.18,37.18259593099943
2010-12-19,0.71,30.48,21.32,82.18,25.32,39.874750537457174
2010-12-20,0.08,29.79,21.88,84.7,25.26,38.34149135836608
2010-12-21,0.01,27.92,21.83,85.43,24.53,32.74032051094193
2010-12-22,0.0,27.83,21.24,82.22,24.22,32.001775593876914
2010-12-23,0.09,29.56,19.13,76.9,24.44,35.57455569946261
2010-12-24,0.26,29.83,21.46,80.07,25.04,37.16876012789223
2010-12-25,0.19,27.15,21.1,83.25,23.77,30.416674159222325
2010-12-26,3.9,26.04,20.96,83.66,23.4,27.886971617857057
2010-12-27,0.75,27.3,20.4,83.29,23.31,30.793156163369986
2010-12-28,1.15,29.16,20.58,81.64,24.39,35.568632101745074
2010-12-29,0.82,29.35,20.82,84.15,24.2,36.76131505140214
2010-12-30,1.58,25.33,21.08,87.86,23.18,26.418764249894828
2010-12-31,0.11,27.69,20.48,82.64,23.42,31.700523259340383
2011-01-01,0.1,27.94,19.46,80.08,22.76,31.961583351644826
2011-01-02,0.12,28.45,18.22,78.96,22.3,33.064994929109126
2011-01-03,0.02,27.7,18.39,78.78,22.4,31.197482987368492
2011-01-04,0.01,27.51,17.61,79.32,21.69,30.823732288171318
2011-01-05,0.21,28.17,16.59,79.02,21.91,32.36807949332271
2011-01-06,0.09,28.8,19.57,79.95,23.75,34.18000008764702
2011-01-07,0.0,29.56,19.39,79.28,23.88,36.16268001689812
2011-01-08,0.13,28.83,19.5,78.99,23.65,34.0652303956655
2011-01-09,9.62,29.76,20.34,81.46,24.78,37.33420491495005
2011-01-10,1.34,28.42,21.02,83.7,24.36,33.85910250149248
2011-01-11,0.18,28.38,20.45,82.02,23.66,33.4340233245004
2011-01-12,1.08,29.03,21.22,83.21,24.5,35.5458291200736
2011-01-13,0.42,26.88,22.18,89.8,24.13,30.375490107809938
2011-01-14,0.18,27.42,21.23,88.47,24.11,31.758296316597264
2011-01-15,1.1,28.8,21.9,86.73,24.98,35.634219083466505
2011-01-16,0.3,25.04,18.65,77.94,21.72,25.966209681015908
2011-01-17,0.1,23.82,18.06,77.45,20.16,24.306981316863304
2011-01-18,0.18,26.1,18.2,81.26,21.46,27.91346529195509
2011-01-19,2.76,27.28,19.92,86.14,23.28,31.07680104801589
2011-01-20,3.66,28.4,21.21,88.1,24.16,34.65653227897872
2011-01-21,0.75,26.77,21.17,85.4,23.83,29.685623737915414
2011-01-22,0.25,27.38,21.93,88.27,24.11,31.61750675603791
2011-01-23,10.77,28.43,21.84,83.45,24.7,33.840161471437305
2011-01-24,11.83,28.87,21.23,83.55,24.46,35.14309044988608
2011-01-25,0.76,29.05,20.48,80.38,23.73,34.96499255742902
2011-01-26,0.08,29.31,20.02,78.92,23.66,35.36331313538962
2011-01-27,0.09,28.38,18.33,79.89,22.52,33.05021423391823
2011-01-28,0.05,28.9,18.0,77.25,23.04,33.89601334000243
2011-01-29,0.04,28.45,18.53,77.19,22.79,32.75152490625764
2011-01-30,0.18,28.34,17.7,78.53,22.51,32.710771610956854
2011-01-31,0.19,27.63,18.65,75.71,22.04,30.64563867396909
2011-02-01,0.04,27.31,16.95,74.95,21.15,29.89252284111666
2011-02-02,0.0,27.55,16.34,73.49,21.33,30.21395012569396
2011-02-03,0.03,26.21,15.71,75.37,20.89,27.853759240618256
2011-02-04,0.27,29.09,18.5,77.81,23.4,34.51197177540402
2011-02-05,0.11,28.21,21.5,79.35,24.33,32.52233325135991
2011-02-06,1.57,29.52,21.22,79.22,24.62,36.0321799110605
2011-02-07,0.99,28.3,21.78,84.33,24.32,33.63307798442592
2011-02-08,5.63,29.26,21.71,83.46,24.82,36.30666034990352
2011-02-09,1.14,29.48,21.74,81.4,25.22,36.46252488687009
2011-02-10,1.65,29.64,21.64,81.91,25.08,37.084187416574395
2011-02-11,1.02,30.06,20.86,80.61,24.9,38.028164701762186
2011-02-12,0.41,28.19,19.29,78.01,23.53,32.25393373652125
2011-02-13,0.01,28.72,18.54,76.55,23.06,33.302522945865505
2011-02-14,0.68,28.77,20.67,80.05,23.88,34.118660548163284
2011-02-15,0.09,31.0,20.11,77.26,24.98,39.925954499176406
2011-02-16,0.09,30.84,21.08,76.01,25.26,39.01728118196863
2011-02-17,0.0,31.31,20.6,76.63,25.39,40.69190428504456
2011-02-18,0.0,30.54,21.28,78.01,25.33,38.73463012842486
2011-02-19,0.0,31.38,20.83,76.75,25.4,40.96009010809844
2011-02-20,0.0,30.61,20.29,76.92,24.64,38.60884637021891
2011-02-21,0.0,31.28,19.58,76.78,24.94,40.649421143380444
2011-02-22,0.01,30.48,20.8,74.98,24.92,37.63913493619696
2011-02-23,0.0,29.49,19.62,72.52,23.99,34.37579149461081
2011-02-24,0.0,30.05,19.32,70.83,24.13,35.3646558392237
2011-02-25,0.0,30.37,18.76,70.54,24.1,36.099280123526505
2011-02-26,0.0,30.6,18.07,71.76,23.36,37.0398027743835
2011-02-27,0.03,31.57,17.94,73.41,24.23,40.35350340101284
2011-02-28,0.12,31.67,19.39,73.0,25.31,40.51122817906504
2011-03-01,2.05,32.5,20.44,74.81,25.88,43.89868441090251
2011-03-02,3.73,28.57,22.49,86.04,24.79,34.76692572504862
2011-03-03,6.9,28.93,21.84,80.61,24.83,34.67760122568011
2011-03-04,3.54,29.71,21.37,80.27,24.86,36.86093965487803
2011-03-05,6.42,29.39,21.22,80.26,24.43,35.91196160679983
2011-03-06,3.5,30.72,20.61,79.44,25.26,39.76272528679118
2011-03-07,3.39,30.06,21.82,81.09,25.23,38.168230571642354
2011-03-08,3.82,29.81,21.22,77.94,24.81,36.539361816590855
2011-03-09,0.89,31.01,20.68,74.08,25.0,38.90201291454311
2011-03-10,0.15,31.77,20.29,70.04,25.34,39.75470749912426
2011-03-11,0.25,31.52,19.4,71.46,24.73,39.52272445029874
2011-03-12,0.07,31.7,18.5,70.99,24.54,39.88471532475393
2011-03-13,0.0,32.29,17.76,68.02,24.8,40.52419983844149
2011-03-14,0.0,32.83,20.74,73.87,26.03,44.60925349686825
2011-03-15,0.0,31.13,21.38,75.55,25.82,39.75068889390754
2011-03-16,0.07,32.46,21.52,69.43,26.06,41.56204347109313
2011-03-17,0.24,31.36,20.7,69.26,25.17,38.343569132185856
2011-03-18,0.12,31.38,20.48,70.52,25.34,38.80709807862344
2011-03-19,0.04,33.46,20.92,70.25,26.38,45.07756638518694
2011-03-20,0.01,33.08,21.08,71.15,26.69,44.23258671976797
2011-03-21,0.0,34.07,22.77,72.39,27.57,48.25521587268536
2011-03-22,0.0,34.95,22.88,71.69,28.05,51.13474093621319
2011-03-23,0.22,34.17,21.62,70.51,27.09,47.63088029737469
2011-03-24,0.27,33.93,21.92,68.37,26.93,45.74210122346401
2011-03-25,0.06,33.48,22.26,65.98,26.66,43.22241466925695
2011-03-26,0.0,32.76,21.06,64.29,26.06,40.456644735015416
2011-03-27,0.01,32.96,20.85,65.64,26.36,41.54219841665262
2011-03-28,3.2,33.08,22.12,70.03,26.56,43.738530992304824
2011-03-29,3.75,31.59,22.29,76.46,25.69,41.53450223780256
2011-03-30,0.26,33.26,21.07,68.74,26.26,43.746387785831445
2011-03-31,0.02,32.05,20.27,68.7,25.78,40.08332358054717
2011-04-01,0.0,33.15,21.12,66.27,26.51,42.354483666488505
2011-04-02,0.0,33.67,21.12,65.13,26.83,43.4263393539229
2011-04-03,0.32,33.16,22.25,70.35,26.88,44.137920946023
2011-04-04,0.26,33.6,21.93,68.15,27.03,44.56448091557492
2011-04-05,2.25,32.08,21.87,67.89,26.22,39.87845887518241
2011-04-06,1.79,32.73,21.27,69.44,25.81,42.38862414317196
2011-04-07,1.16,31.32,21.49,71.28,25.55,38.88679939047911
2011-04-08,0.3,31.82,20.94,70.2,25.7,39.95566275187127
2011-04-09,0.35,33.91,20.62,64.91,26.6,44.05797861593433
2011-04-10,0.01,33.64,21.34,64.31,26.76,42.97970146919305
2011-04-11,0.0,34.24,20.7,63.52,27.0,44.42783990648427
2011-04-12,0.0,34.82,20.04,58.99,27.01,44.04542454594971
2011-04-13,0.0,34.77,20.23,60.3,27.14,44.51107432781795
2011-04-14,0.0,35.12,22.12,62.79,27.78,46.81588288567136
2011-04-15,0.0,35.57,21.55,62.65,27.73,48.19974955362771
2011-04-16,0.0,35.62,22.08,63.05,28.13,48.58532004196782
2011-04-17,0.01,35.35,23.06,66.0,27.81,49.31628596829624
2011-04-18,0.06,35.14,21.19,61.52,27.55,46.22894709765816
2011-04-19,3.39,34.24,22.85,66.76,27.86,45.97562438584349
2011-04-20,3.82,32.82,22.81,68.51,26.57,42.283834422000396
2011-04-21,0.29,34.42,21.99,64.74,27.43,45.5668665081935
2011-04-22,0.08,34.03,22.75,65.26,27.79,44.5891426742052
2011-04-23,0.88,34.51,23.89,63.89,28.39,45.43733386968377
2011-04-24,15.9,34.7,22.84,67.47,27.81,47.876977751340895
2011-04-25,0.08,35.5,21.15,67.4,27.96,50.653656174497925
2011-04-26,1.32,34.18,24.22,70.46,28.26,47.64012188808184
2011-04-27,1.57,35.11,24.3,70.33,28.46,50.94040666185638
2011-04-28,0.5,33.89,24.06,70.81,28.3,46.80622669604023
2011-04-29,1.15,35.48,24.3,64.63,28.83,48.994225742108256
2011-04-30,0.63,34.68,23.88,67.4,29.1,47.7715327623455
2011-05-01,0.02,37.69,22.81,62.19,29.49,55.34870662048824
2011-05-02,0.0,37.61,23.5,61.29,29.75,54.43303841591914
2011-05-03,0.44,37.8,23.88,62.53,30.0,56.0009796856317
2011-05-04,0.64,35.69,25.02,64.23,29.56,49.48552582027431
2011-05-05,0.18,34.4,25.33,66.73,29.27,46.48605712572984
2011-05-06,0.01,38.35,24.59,58.82,30.44,55.39847851504318
2011-05-07,0.31,37.92,25.18,58.99,30.6,53.98060642809172
2011-05-08,20.96,31.41,24.63,75.09,27.08,40.45859487658038
2011-05-09,111.97,27.89,24.89,93.69,26.24,34.033663615559384
2011-05-10,21.84,28.01,24.18,88.81,25.66,33.5710101859934
2011-05-11,3.33,31.96,23.54,78.46,27.37,43.577647131245925
2011-05-12,0.24,31.18,24.22,78.19,27.71,40.828672995272086
2011-05-13,0.27,32.92,24.31,74.57,28.2,45.236681572688894
2011-05-14,6.98,32.49,23.95,74.84,27.91,43.87765635544474
2011-05-15,1.07,34.28,22.06,69.52,28.14,47.502540455697265
2011-05-16,0.05,34.53,23.27,73.08,28.33,50.34020079853092
2011-05-17,1.7,33.24,24.74,75.7,27.99,46.91536851896184
2011-05-18,13.37,32.72,23.54,76.92,27.82,45.60753271238145
2011-05-19,2.32,34.0,23.52,71.8,28.51,47.69596732867554
2011-05-20,4.61,32.95,23.93,74.12,28.0,45.134798515649614
2011-05-21,6.05,31.19,24.17,79.49,27.25,41.3311260112354
2011-05-22,30.23,31.14,24.54,81.81,27.48,42.01571699068597
2011-05-23,11.05,29.2,24.51,83.24,26.65,36.068471146639865
2011-05-24,3.01,31.83,24.62,77.45,27.6,42.717745596221036
2011-05-25,16.35,29.58,24.72,85.41,26.75,37.8425028188789
2011-05-26,13.88,30.34,24.82,85.82,27.03,40.5932401356111
2011-05-27,31.72,27.71,24.81,91.8,26.2,33.123258209174
2011-05-28,15.14,28.64,24.67,88.43,26.16,35.495352257729806
2011-05-29,26.52,29.09,23.7,87.43,25.66,36.74298968558705
2011-05-30,5.4,28.3,23.35,87.87,25.8,34.29793682386355
2011-05-31,2.67,29.73,23.71,86.62,26.5,38.69500774011619
2011-06-01,7.16,29.45,23.78,84.85,26.83,37.263902957946144
2011-06-02,2.75,29.12,24.51,85.44,26.8,36.35199771653055
2011-06-03,4.02,31.57,24.18,80.19,27.73,42.90734506813924
2011-06-04,1.72,32.09,24.41,76.18,27.92,43.08556768840639
2011-06-05,2.99,32.23,23.65,79.3,27.89,44.90248195432999
2011-06-06,0.37,32.55,23.41,79.98,27.9,46.40095844379626
2011-06-07,2.17,32.69,24.7,78.54,28.13,46.25093436896229
2011-06-08,43.62,31.41,24.92,82.13,27.63,43.103639343609885
2011-06-09,18.41,28.0,24.47,85.22,25.71,32.93268477397065
2011-06-10,3.58,27.12,23.53,89.83,25.05,31.060721330066485
2011-06-11,0.94,29.14,22.95,85.95,25.71,36.541099456447526
2011-06-12,4.04,30.64,22.91,82.66,26.66,40.57907804711875
2011-06-13,1.75,31.88,23.37,80.92,27.18,44.32191935474496
2011-06-14,2.6,30.19,23.04,81.85,26.18,38.81213562671495
2011-06-15,0.75,30.57,22.23,80.89,26.39,39.75131422982852
2011-06-16,0.66,30.67,23.67,83.39,27.05,40.93453024425669
2011-06-17,7.36,31.03,23.83,84.12,26.99,42.48874621420922
2011-06-18,4.99,30.8,23.11,82.04,26.41,40.91516936809808
2011-06-19,28.01,27.31,23.76,90.86,25.37,31.744644871717224
2011-06-20,47.76,26.98,24.15,94.86,25.35,31.19447006183928
2011-06-21,29.53,27.42,24.12,93.89,25.48,32.49608303725563
2011-06-22,24.66,28.99,24.1,90.76,25.93,37.23071569557388
2011-06-23,26.35,28.07,23.81,92.21,25.78,34.37517439591441
2011-06-24,117.29,26.53,24.11,94.08,25.24,29.730572849875177
2011-06-25,115.26,26.5,23.67,93.71,24.83,29.61394603675113
2011-06-26,124.75,27.88,23.43,91.92,25.42,33.69389477657264
2011-06-27,10.37,28.23,23.32,89.93,25.66,34.471688873356705
2011-06-28,0.24,30.42,23.51,83.21,26.72,40.009125161340926
2011-06-29,1.82,28.84,24.27,86.01,26.21,35.598807509340276
2011-06-30,5.37,31.4,24.27,82.68,27.19,43.2854435952465
2011-07-01,17.08,29.28,24.37,88.39,26.45,37.63276534581681
2011-07-02,13.92,30.32,24.07,85.55,26.95,40.431971988823356
2011-07-03,3.36,32.44,23.19,80.01,27.43,45.99974198116836
2011-07-04,3.34,31.94,23.24,80.69,27.25,44.444221657599954
2011-07-05,9.27,28.67,24.32,88.72,26.12,35.65719319406387
2011-07-06,13.89,26.74,22.93,92.03,24.82,30.18215226207633
2011-07-07,8.39,28.75,22.37,88.27,25.43,35.81935585657844
2011-07-08,16.61,28.72,24.08,90.47,25.7,36.21969743589855
2011-07-09,23.11,26.89,23.04,93.05,24.87,30.724731616475466
2011-07-10,22.98,26.54,22.89,94.09,24.69,29.76126264290781
2011-07-11,20.9,26.48,23.05,90.24,24.53,29.30997914707161
2011-07-12,25.5,28.46,21.95,89.91,24.93,35.22052075424134
2011-07-13,15.46,28.17,22.59,88.77,25.06,34.06170292776895
2011-07-14,2.4,28.73,23.01,87.79,25.59,35.646572664759084
2011-07-15,1.56,30.35,23.21,82.15,26.4,39.43110889219871
2011-07-16,0.04,30.41,23.5,83.01,26.44,39.909632261626285
2011-07-17,5.9,28.96,23.76,89.96,26.05,36.92660311868011
2011-07-18,5.55,28.42,23.88,91.09,25.86,35.33334632300725
2011-07-19,2.53,28.81,23.95,89.12,26.19,36.21324711225613
2011-07-20,0.89,29.66,23.64,85.98,26.5,38.27088024692185
2011-07-21,2.59,29.42,24.31,85.69,26.47,37.38855679630303
2011-07-22,2.0,31.5,24.3,80.82,27.23,42.9088225052007
2011-07-23,7.15,30.79,23.87,80.76,26.96,40.43782039228328
2011-07-24,13.95,30.8,23.37,81.49,26.72,40.72342723918221
2011-07-25,4.73,30.41,23.34,83.88,26.27,40.195282152737825
2011-07-26,43.27,28.37,23.07,90.54,25.71,35.05200267115545
2011-07-27,65.1,28.41,24.25,92.61,25.9,35.61920805092538
2011-07-28,17.56,28.89,24.26,91.18,25.95,36.98084305473989
2011-07-29,18.72,27.13,23.38,92.01,25.28,31.340580338316883
2011-07-30,14.28,26.37,23.73,93.1,24.95,29.193794945769827
2011-07-31,12.65,27.39,22.98,93.13,24.92,32.293649652097294
2011-08-01,16.13,27.92,23.74,92.57,25.72,33.938498456798726
2011-08-02,40.27,27.98,24.29,91.83,25.83,34.006689517524606
2011-08-03,41.81,27.7,24.01,91.52,25.55,33.047172244157224
2011-08-04,7.79,28.58,22.82,88.63,25.46,35.34329713893546
2011-08-05,43.53,28.92,23.42,90.68,25.92,36.96403329768298
2011-08-06,22.66,27.45,22.85,92.69,24.99,32.42437557580419
2011-08-07,18.39,27.93,22.58,90.77,24.94,33.658485260380175
2011-08-08,15.38,28.06,24.08,88.83,25.99,33.72935619209164
2011-08-09,13.1,27.5,23.77,89.16,25.44,32.08497755561791
2011-08-10,11.63,29.11,22.95,85.24,25.93,36.27166376289248
2011-08-11,3.76,30.71,23.92,84.83,26.68,41.584181744972085
2011-08-12,0.72,30.68,23.37,82.58,26.81,40.689362998320895
2011-08-13,2.66,28.92,23.11,87.13,25.78,36.112014016251564
2011-08-14,16.51,29.62,23.31,86.13,26.26,38.17772340998738
2011-08-15,13.79,29.03,23.11,84.45,25.98,35.83320210966713
2011-08-16,5.85,29.92,22.83,85.77,26.22,39.099147258487456
2011-08-17,5.89,31.35,23.43,80.18,26.88,42.13462635892558
2011-08-18,5.11,30.79,23.55,80.75,26.86,40.434392266452626
2011-08-19,4.72,30.59,23.37,81.83,26.87,40.12879342059726
2011-08-20,1.25,30.82,24.34,83.13,27.11,41.37015268866492
2011-08-21,1.33,31.2,24.61,83.04,27.27,42.696889031233844
2011-08-22,5.73,28.98,25.1,89.31,26.56,36.835666686511324
2011-08-23,7.77,27.04,23.55,91.82,25.03,31.047604333386307
2011-08-24,4.01,26.96,23.49,93.6,25.23,30.996129240963608
2011-08-25,12.13,27.68,24.01,92.03,25.77,33.063062931609046
2011-08-26,64.26,27.56,25.09,94.71,26.14,33.081184100055495
2011-08-27,130.19,26.57,24.26,95.66,25.58,29.974870104973117
2011-08-28,46.78,27.26,23.91,93.52,25.31,31.929785657790173
2011-08-29,57.3,27.87,23.81,94.01,25.76,34.021276634598564
2011-08-30,52.91,28.0,24.16,93.48,25.83,34.37199963145478
2011-08-31,35.41,27.92,23.86,93.62,25.71,34.123625242993334
2011-09-01,21.54,27.94,24.08,92.59,25.57,34.00876674905561
2011-09-02,7.28,27.89,23.66,91.73,25.76,33.69405614408689
2011-09-03,21.21,29.06,24.01,91.14,26.04,37.57698754831616
2011-09-04,7.22,28.33,23.78,90.79,25.68,34.9695169802391
2011-09-05,2.76,29.02,22.62,89.02,25.47,36.901031660760886
2011-09-06,4.09,28.18,23.33,88.62,25.36,34.06522442146118
2011-09-07,1.85,29.34,23.86,87.56,26.1,37.61800724222024
2011-09-08,3.62,29.07,23.93,86.98,26.12,36.56608206240006
2011-09-09,5.48,28.55,23.95,87.45,25.81,34.9974776559934
2011-09-10,8.99,29.08,22.87,90.29,25.6,37.42972814902411
2011-09-11,10.39,29.06,23.34,88.45,25.68,36.89561972464435
2011-09-12,1.76,27.04,23.35,92.55,24.9,31.128103426916596
2011-09-13,1.74,28.6,23.72,90.42,25.66,35.799038698495025
2011-09-14,14.92,28.92,23.57,90.94,25.9,37.027979660478415
2011-09-15,15.3,28.4,23.87,90.93,25.67,35.232556170266385
2011-09-16,11.83,28.37,24.02,87.98,25.73,34.53819782075873
2011-09-17,34.43,27.37,23.23,90.95,24.98,31.937902931399865
2011-09-18,29.3,28.43,23.3,91.52,25.45,35.45767102296424
2011-09-19,16.89,27.26,23.43,92.42,25.3,31.789901644899103
2011-09-20,8.55,27.71,23.31,89.59,25.28,32.778205238976994
2011-09-21,5.14,28.29,23.2,89.18,25.26,34.51979386998116
2011-09-22,5.73,29.09,23.69,88.67,25.98,37.052751156566735
2011-09-23,18.39,27.54,23.41,92.74,25.22,32.72017119640064
2011-09-24,16.89,27.78,23.15,92.32,25.25,33.433847059242595
2011-09-25,1.81,28.87,23.03,87.41,25.76,36.014699044187715
2011-09-26,28.26,27.83,24.09,94.09,25.74,33.898228319697914
2011-09-27,191.4,27.12,24.34,94.52,25.77,31.604728232923467
2011-09-28,41.95,27.47,24.2,94.13,25.38,32.69456744986019
2011-09-29,8.31,27.95,23.65,91.27,25.64,33.80972586082809
2011-09-30,21.69,28.64,23.44,90.37,25.65,35.923740458196015
2011-10-01,84.48,26.73,23.72,94.82,24.73,30.402060287689682
2011-10-02,27.9,28.42,24.04,93.42,25.78,35.82759433218061
2011-10-03,8.32,27.06,23.78,94.19,25.24,31.374576488644543
2011-10-04,4.06,28.35,23.13,88.23,25.26,34.52452585334936
2011-10-05,0.34,29.86,22.71,84.77,25.92,38.59637372859697
2011-10-06,5.76,29.65,23.7,85.64,26.1,38.14081464089244
2011-10-07,9.16,29.65,23.28,86.02,25.99,38.248329069908294
2011-10-08,21.88,28.37,23.65,89.25,25.54,34.79100686165715
2011-10-09,15.55,27.69,23.16,90.19,25.06,32.80920549509377
2011-10-10,6.23,28.4,22.84,90.52,25.21,35.14782486271006
2011-10-11,0.66,29.72,22.96,87.49,25.6,38.915242295966365
2011-10-12,8.78,30.74,21.32,81.77,25.96,40.6160999044788
2011-10-13,6.99,27.08,23.06,92.02,24.89,31.19023076138509
2011-10-14,2.83,27.03,23.77,92.62,25.1,31.105346918799
2011-10-15,1.38,28.42,22.89,89.51,25.54,35.00621954692979
2011-10-16,5.3,28.44,22.77,86.89,25.86,34.53971271400447
2011-10-17,5.03,29.7,23.63,85.08,26.45,38.149888621553615
2011-10-18,2.07,31.18,23.47,82.71,26.67,42.49809113343683
2011-10-19,6.33,30.84,22.33,84.44,26.01,41.91470556590674
2011-10-20,1.65,30.47,22.11,83.46,26.15,40.26330624103517
2011-10-21,0.86,29.99,23.63,85.94,26.11,39.39405267543204
2011-10-22,0.07,30.98,23.4,82.86,26.76,41.838796742109956
2011-10-23,0.15,31.04,22.75,82.32,26.57,41.85246617514518
2011-10-24,0.13,31.24,22.0,80.76,26.42,41.97221408234039
2011-10-25,0.03,31.09,23.01,76.74,26.51,40.032237913003755
2011-10-26,0.01,31.33,21.81,76.73,26.22,40.791879353082415
2011-10-27,0.07,31.23,22.4,80.34,26.13,41.780608400976625
2011-10-28,0.0,31.37,21.42,77.91,26.19,41.35200990160428
2011-10-29,0.74,31.2,21.92,77.33,26.21,40.58790164629926
2011-10-30,3.48,30.17,21.84,82.03,25.73,38.801949793119064
2011-10-31,0.63,29.97,23.38,83.1,26.07,38.4695440935653
2011-11-01,2.49,31.12,22.77,81.04,26.48,41.660255003851354
2011-11-02,3.04,29.33,22.54,86.39,25.25,37.275329876392256
2011-11-03,5.29,26.96,22.3,84.29,24.31,30.054650862880408
2011-11-04,23.69,29.09,21.48,87.51,25.0,36.76282139798625
2011-11-05,13.42,28.01,22.52,88.88,24.63,33.583181144543495
2011-11-06,43.5,26.14,22.16,92.07,23.65,28.493829530522273
2011-11-07,3.09,28.69,22.42,88.23,25.2,35.614301724100976
2011-11-08,0.37,27.64,23.17,90.84,24.99,32.75330465302647
2011-11-09,1.21,27.54,22.93,89.35,24.96,32.23025833094719
2011-11-10,0.85,28.93,22.25,89.53,25.27,36.71799126010697
2011-11-11,3.49,29.11,22.25,87.55,25.64,36.83944507190139
2011-11-12,1.42,29.12,23.09,84.58,26.01,36.14395875290807
2011-11-13,0.01,31.3,22.73,77.75,26.66,41.06311567443907
2011-11-14,1.03,30.45,22.55,83.35,26.07,40.15798260925721
2011-11-15,15.36,27.0,22.75,84.05,24.82,30.129861482707913
2011-11-16,18.64,26.86,22.39,89.76,24.42,30.31568265582646
2011-11-17,2.72,28.43,22.5,87.7,25.05,34.67082639899665
2011-11-18,1.87,27.7,22.97,90.01,24.99,32.81230474318019
2011-11-19,0.06,30.95,21.71,84.27,25.92,42.25247951211428
2011-11-20,0.06,30.12,22.56,81.69,25.66,38.53731774505611
2011-11-21,1.32,29.94,22.03,83.33,25.23,38.43889613165124
2011-11-22,0.46,29.33,22.28,82.53,24.99,36.29161926582909
2011-11-23,2.3,30.23,21.77,83.07,25.59,39.321593775221494
2011-11-24,3.52,27.88,22.46,85.62,24.92,32.65748028106967
2011-11-25,2.7,28.98,22.45,84.24,24.87,35.63066627860192
2011-11-26,0.45,29.63,21.88,80.69,25.31,36.731139255349305
2011-11-27,0.56,29.44,21.17,79.95,24.89,35.98142336720346
2011-11-28,0.02,28.58,21.17,82.98,24.69,34.176771260946886
2011-11-29,0.01,29.83,22.25,84.61,25.82,38.44898001981124
2011-11-30,0.19,29.46,22.46,80.92,26.11,36.28137223977904
2011-12-01,3.04,29.2,23.27,83.37,25.94,36.09989856730093
2011-12-02,6.74,27.74,23.15,89.87,25.0,32.91364834065721
2011-12-03,1.99,28.88,22.34,88.92,24.96,36.40176070736581
2011-12-04,23.01,28.39,23.17,88.71,24.89,34.74693737846581
2011-12-05,5.59,30.06,22.27,84.34,25.61,39.14260559249966
2011-12-06,1.13,28.18,21.84,87.6,24.48,33.877272530986104
2011-12-07,1.13,28.81,21.58,85.87,24.9,35.473381091510156
2011-12-08,1.81,30.04,20.48,82.65,25.05,38.56494324762519
2011-12-09,16.82,27.64,23.06,86.05,25.02,32.04873972021989
2011-12-10,13.69,26.75,23.0,89.18,24.55,29.95954148406597
2011-12-11,1.12,29.4,22.7,87.99,25.23,37.94000507563172
2011-12-12,0.26,29.76,22.02,85.08,25.5,38.35067480422031
2011-12-13,0.11,29.67,23.05,84.2,25.86,37.80370863005269
2011-12-14,0.11,29.96,22.8,83.52,25.93,38.5607881870325
2011-12-15,0.04,30.16,22.51,80.61,25.73,38.342227321927716
2011-12-16,0.17,29.48,20.92,80.33,24.72,36.19267897044319
2011-12-17,1.65,28.08,22.07,82.23,24.39,32.66018980127065
2011-12-18,5.02,27.81,22.13,84.0,24.34,32.21432532968338
2011-12-19,2.49,28.85,22.17,82.27,25.25,34.80628046608754
2011-12-20,1.99,30.47,22.18,83.67,25.86,40.3332973463232
2011-12-21,2.17,30.96,21.95,83.68,26.03,42.069642978251245
2011-12-22,0.18,31.2,23.61,83.77,26.7,42.979314167940416
2011-12-23,0.57,29.66,22.53,84.22,25.72,37.77661971702817
2011-12-24,0.06,27.62,20.96,79.79,23.99,31.14187880073413
2011-12-25,0.05,27.57,20.73,79.23,23.0,30.952109705917604
2011-12-26,0.07,26.83,19.65,79.26,22.39,29.30540948306626
2011-12-27,0.21,28.22,19.51,81.38,22.94,32.8897817765551
2011-12-28,0.3,29.84,20.13,82.88,24.69,37.98348234381094
2011-12-29,1.65,30.19,21.5,86.06,25.05,40.136526855589864
2011-12-30,0.67,30.58,19.99,84.2,24.8,40.8979662438455
2011-12-31,0.26,28.81,21.33,82.62,24.79,34.76525659060064
2012-01-01,0.06,29.32,21.87,83.31,25.0,36.45514027264776
2012-01-02,0.05,29.78,22.38,83.28,25.1,37.90330430717708
2012-01-03,0.99,29.74,21.41,79.18,25.07,36.66196816031892
2012-01-04,1.88,29.59,21.17,81.08,24.55,36.712292343577595
2012-01-05,0.56,28.58,20.29,80.14,23.87,33.62375727572011
2012-01-06,0.67,29.65,21.22,79.29,24.84,36.42692977211935
2012-01-07,0.92,29.56,21.78,85.23,24.77,37.72665795217741
2012-01-08,0.3,29.19,20.55,82.83,24.4,35.93943992984004
2012-01-09,0.16,29.03,21.25,80.7,24.35,34.97934661009783
2012-01-10,0.37,30.08,19.26,81.18,24.22,38.25797854892384
2012-01-11,0.12,29.32,20.51,80.9,24.14,35.862711149117665
2012-01-12,0.23,29.02,19.52,80.89,23.52,34.99302118621724
2012-01-13,0.8,29.52,18.71,81.51,23.62,36.61160523996047
2012-01-14,0.53,29.35,19.8,83.56,23.85,36.611392823593405
2012-01-15,2.27,29.05,20.65,81.27,24.52,35.16377976584038
2012-01-16,3.37,28.36,21.6,84.11,24.5,33.764444441076165
2012-01-17,0.28,29.89,20.69,83.84,24.83,38.423702580487685
2012-01-18,0.59,29.37,22.93,83.55,25.39,36.67141106943964
2012-01-19,0.1,30.32,21.54,80.55,25.43,38.832141279381844
2012-01-20,0.07,30.5,21.58,78.35,25.29,38.716921024195635
2012-01-21,0.03,29.91,20.34,75.91,24.64,36.290031184627
2012-01-22,0.0,29.83,18.89,75.63,24.07,35.99760874603847
2012-01-23,0.0,29.82,19.23,75.89,24.08,36.03650342896698
2012-01-24,0.04,30.12,19.57,76.41,24.41,37.01596457271824
2012-01-25,0.02,30.0,20.12,75.76,24.49,36.50067533347552
2012-01-26,0.27,29.45,19.21,76.46,23.55,35.17143579879626
2012-01-27,0.08,30.09,19.32,76.44,24.04,36.93848589376473
2012-01-28,1.4,31.08,20.87,78.44,25.22,40.59045367817915
2012-01-29,6.94,29.36,22.59,84.64,25.34,36.918796359858874
2012-01-30,1.41,29.47,23.22,83.54,25.57,36.98330985315201
2012-01-31,1.94,28.8,22.03,86.39,24.91,35.558015014192705
2012-02-01,0.95,29.12,21.28,80.66,24.76,35.226851063824775
2012-02-02,1.28,30.22,21.06,79.27,25.04,38.131527524844095
2012-02-03,2.06,29.12,20.71,79.81,24.05,35.03473155985707
2012-02-04,1.29,28.9,18.98,78.38,23.29,34.12671924949497
2012-02-05,0.42,29.21,19.31,76.27,23.42,34.493869100660085
2012-02-06,0.01,30.25,18.53,75.72,24.03,37.19458132835829
2012-02-07,0.0,30.21,20.41,74.71,24.6,36.800754092988285
2012-02-08,0.06,30.89,20.06,75.86,25.12,39.12033637470145
2012-02-09,0.08,30.68,20.61,74.71,24.96,38.13500149751273
2012-02-10,0.21,30.41,20.28,75.47,24.86,37.58136108469692
2012-02-11,0.03,30.25,20.71,74.26,24.86,36.78760050287754
2012-02-12,2.34,28.58,19.58,78.02,23.37,33.22548635859184
2012-02-13,10.16,28.31,21.99,85.87,24.57,33.94823254830405
2012-02-14,1.04,30.68,21.8,78.8,25.47,39.42444785832821
2012-02-15,0.28,31.4,20.3,79.03,25.59,41.87042428340126
2012-02-16,6.81,30.92,22.8,80.82,26.26,40.896282939338874
2012-02-17,5.39,28.75,22.04,85.22,25.11,35.14493870099903
2012-02-18,3.99,29.27,22.55,85.58,25.14,36.86933336486195
2012-02-19,0.8,28.79,22.54,82.48,24.88,34.67766466873944
2012-02-20,4.51,28.04,22.12,79.21,24.18,32.07634886365058
2012-02-21,1.77,30.36,21.6,80.51,25.68,38.947772883601765
2012-02-22,1.16,30.72,22.76,80.68,26.3,40.177329620701876
2012-02-23,0.04,32.18,21.9,80.01,26.34,45.031805468016046
2012-02-24,0.0,32.06,20.02,73.88,25.47,42.06354355747701
2012-02-25,0.0,31.98,19.97,71.62,25.52,40.94752146192311
2012-02-26,0.12,32.43,22.38,73.04,26.42,42.920030983004345
2012-02-27,0.68,32.21,21.6,75.39,26.2,43.16467434989465
2012-02-28,0.26,31.54,21.27,74.51,26.12,40.656064570584796
2012-02-29,0.05,32.21,21.7,74.84,26.4,42.93839046705213
2012-03-01,1.27,31.06,22.43,75.95,25.68,39.67022461663731
2012-03-02,0.41,32.51,21.59,73.65,26.32,43.4375226952736
2012-03-03,0.05,32.59,20.77,74.31,25.81,43.98770305684852
2012-03-04,0.09,31.52,19.55,75.03,24.62,40.78175000658837
2012-03-05,0.07,32.0,19.17,73.92,25.18,41.886941752084034
2012-03-06,0.01,30.3,20.93,73.16,25.53,36.62208450197613
2012-03-07,0.44,32.75,21.28,76.15,26.51,45.36161148273098
2012-03-08,2.53,32.96,22.18,75.08,26.74,45.61264198014157
2012-03-09,0.51,33.36,21.92,74.88,26.71,46.94903095629803
2012-03-10,0.02,33.44,20.15,66.59,26.35,43.36562193931795
2012-03-11,0.6,33.93,20.82,71.79,26.84,47.44185819193504
2012-03-12,2.77,32.96,23.38,75.49,26.81,45.80394866614486
2012-03-13,4.38,31.17,22.86,76.64,26.28,40.250079927846365
2012-03-14,20.4,30.45,23.33,80.59,26.11,39.262790290711564
2012-03-15,6.21,30.95,22.65,82.38,25.65,41.557596759291386
2012-03-16,0.2,32.43,21.99,75.67,26.37,44.029859431362965
2012-03-17,0.23,32.47,21.84,73.04,26.21,43.050213416113834
2012-03-18,0.06,31.72,20.43,71.63,25.76,40.170127999812706
2012-03-19,0.04,32.84,20.14,68.79,26.15,42.45974830767414
2012-03-20,0.35,32.42,21.29,70.37,26.69,41.80984752766018
2012-03-21,0.25,33.12,23.22,70.88,27.14,44.24349632060864
2012-03-22,2.06,32.68,22.57,71.1,26.85,42.918022595986315
2012-03-23,4.1,32.13,22.18,77.74,26.8,43.87234442791197
2012-03-24,7.71,31.49,23.92,78.45,27.12,41.955344008762495
2012-03-25,6.44,28.7,22.23,80.31,25.19,33.980447050151696
2012-03-26,1.25,29.56,21.44,73.43,24.67,34.75544315944795
2012-03-27,0.1,28.62,21.38,70.75,24.34,32.03916992183168
2012-03-28,0.21,31.63,20.79,69.85,25.44,39.289152558943734
2012-03-29,9.3,30.41,21.7,76.23,25.48,37.80406639001493
2012-03-30,8.89,29.99,22.48,80.89,25.7,37.89024918417971
2012-03-31,7.31,30.65,23.52,79.94,26.26,39.700975413987365
2012-04-01,1.6,31.34,23.28,78.05,26.62,41.304369050237206
2012-04-02,0.83,32.14,21.91,76.97,26.63,43.58339067543122
2012-04-03,1.01,33.4,23.45,73.82,27.85,46.57269784824409
2012-04-04,8.39,30.26,23.91,81.39,26.78,38.89814469012565
2012-04-05,1.23,29.54,24.16,80.51,26.45,36.41553687246371
2012-04-06,1.46,32.46,22.83,73.86,27.38,43.36042745013029
2012-04-07,3.24,32.88,23.08,75.12,27.32,45.349113831353094
2012-04-08,1.2,32.65,22.91,74.47,27.16,44.261071295626195
2012-04-09,0.15,33.12,21.61,71.93,26.97,44.71586844412926
2012-04-10,0.39,33.66,22.66,70.5,27.69,45.866201558574545
2012-04-11,2.97,32.93,23.92,73.13,27.67,44.61761911365151
2012-04-12,2.67,33.49,23.26,75.54,27.69,47.75627009562697
2012-04-13,0.01,34.24,22.92,71.2,28.31,48.240406396316445
2012-04-14,0.0,33.99,24.09,72.56,28.19,48.05438366384413
2012-04-15,0.0,34.55,22.57,66.17,27.86,46.69815055428282
2012-04-16,0.0,35.03,22.4,65.63,28.26,48.01711232544884
2012-04-17,0.0,34.95,24.29,68.02,28.83,49.04376192740156
2012-04-18,0.0,34.07,23.41,68.06,28.2,46.05445480623062
2012-04-19,0.0,34.84,22.86,66.98,28.25,48.09540841043471
2012-04-20,0.0,34.51,24.25,67.76,28.76,47.38055260435179
2012-04-21,0.05,35.83,23.39,65.69,29.21,50.82633908321779
2012-04-22,0.9,35.81,24.0,68.4,29.1,52.401443597683205
2012-04-23,2.93,31.09,24.3,76.72,27.22,40.025378419910844
2012-04-24,0.42,34.43,23.28,68.63,28.15,47.559056384499954
2012-04-25,0.01,35.55,23.16,66.55,29.11,50.33533771482874
2012-04-26,4.47,32.24,25.29,75.53,28.19,43.32368810452639
2012-04-27,1.34,30.31,24.82,79.01,27.28,38.3314527879041
2012-04-28,0.44,31.57,23.94,75.3,27.61,41.038539999080825
2012-04-29,0.4,33.61,23.28,72.86,28.3,46.84604953439844
2012-04-30,5.31,35.17,23.82,68.52,29.17,50.111174254355255
2012-05-01,0.93,35.26,24.66,68.7,29.37,50.542326414080954
2012-05-02,0.33,31.31,25.41,76.66,28.05,40.702634257657664
2012-05-03,7.54,32.18,25.44,76.15,28.21,43.378381347988714
2012-05-04,4.05,29.05,25.0,85.87,26.56,36.23230567099219
2012-05-05,2.88,32.23,24.66,76.02,27.96,43.49434473119259
2012-05-06,2.66,30.44,24.71,79.9,26.83,39.012707115826245
2012-05-07,4.79,32.48,23.58,74.26,27.9,43.596186837106785
2012-05-08,1.87,34.18,23.86,72.71,28.72,48.827243085016
2012-05-09,1.53,32.18,25.53,74.74,28.32,42.798271277525764
2012-05-10,6.98,31.79,24.46,75.49,27.13,41.817157030789275
2012-05-11,3.1,32.62,25.0,77.76,28.27,45.63137141594492
2012-05-12,9.22,31.36,24.86,79.71,27.56,41.990845866397514
2012-05-13,35.56,32.13,24.19,78.96,27.65,44.39254886943301
2012-05-14,10.9,31.32,24.13,81.9,27.34,42.689310080484425
2012-05-15,20.33,31.11,24.14,82.68,27.25,42.235447764831825
2012-05-16,6.26,30.71,24.57,82.73,27.4,40.844830805434995
2012-05-17,12.5,30.01,24.35,83.13,27.2,38.609723094519815
2012-05-18,3.2,31.23,25.02,80.94,27.71,42.005017029380866
2012-05-19,8.49,29.87,24.87,85.7,26.97,38.90590715708421
2012-05-20,1.88,32.3,24.37,78.52,27.61,44.81319613549427
2012-05-21,8.59,30.33,23.74,80.51,26.45,38.851751894599616
2012-05-22,5.26,31.65,22.98,78.14,26.87,42.37805812501168
2012-05-23,7.43,31.32,24.07,78.08,27.27,41.249264848884486
2012-05-24,4.12,30.64,23.53,78.82,27.14,39.3040741316264
2012-05-25,2.75,31.95,23.53,80.03,27.44,44.199996876929305
2012-05-26,1.73,31.4,24.62,80.18,27.63,42.30813642669452
2012-05-27,3.97,31.01,24.58,82.11,27.42,41.66973519210319
2012-05-28,10.59,30.36,24.66,84.44,26.97,40.20624684727882
2012-05-29,4.78,31.26,24.79,83.62,27.09,43.14210332688171
2012-05-30,2.72,32.78,23.84,79.33,27.67,46.965156650258095
2012-05-31,5.29,33.79,25.26,80.25,28.65,51.469772667825524
2012-06-01,20.59,30.04,25.37,87.15,27.36,39.94966547404576
2012-06-02,77.06,27.81,25.95,93.89,26.69,33.795959645042025
2012-06-03,55.22,27.4,24.34,93.46,26.07,32.37121030482715
2012-06-04,24.51,29.48,24.2,90.07,26.33,38.80515026726114
2012-06-05,5.2,30.2,24.34,89.24,26.55,41.226910768038096
2012-06-06,10.44,29.73,24.71,90.51,26.46,39.86047595479317
2012-06-07,15.7,28.83,24.04,90.19,26.21,36.53264254708856
2012-06-08,9.58,28.65,24.3,88.93,26.07,35.637692285775195
2012-06-09,3.32,29.96,24.11,85.49,26.59,39.152180210909165
2012-06-10,12.33,29.6,24.43,88.75,26.64,38.85782020079041
2012-06-11,9.66,30.11,24.55,88.91,27.0,40.77655040506496
2012-06-12,13.53,29.1,25.15,91.18,26.78,37.731333285049615
2012-06-13,20.2,29.03,24.62,91.87,26.51,37.65668178247864
2012-06-14,25.93,28.61,23.76,90.16,25.94,35.77547560994716
2012-06-15,16.98,28.28,23.7,91.66,25.6,34.97641954709184
2012-06-16,17.09,27.96,23.8,91.54,25.71,33.88966113771821
2012-06-17,47.4,28.32,22.79,90.45,25.58,34.86804699277363
2012-06-18,22.36,28.07,24.42,91.15,25.97,34.17963708042287
2012-06-19,9.99,29.44,23.77,88.4,26.2,38.19193487749927
2012-06-20,23.03,29.7,24.02,89.81,26.38,39.535440050495545
2012-06-21,8.23,28.92,23.93,89.56,26.01,36.69098257729095
2012-06-22,3.95,28.92,23.3,88.26,25.96,36.37895524154236
2012-06-23,0.7,30.13,23.94,80.09,26.73,38.09457713642439
2012-06-24,2.1,29.91,23.23,83.66,26.41,38.437033286083555
2012-06-25,5.97,29.08,24.41,83.56,26.32,35.77834678508866
2012-06-26,2.39,27.76,23.75,87.56,25.44,32.61501768093338
2012-06-27,24.88,29.47,22.7,84.95,25.79,37.35552251365163
2012-06-28,52.12,26.88,23.58,93.28,25.1,30.71736009697649
2012-06-29,18.47,27.04,22.79,91.78,24.79,31.043211059916715
2012-06-30,4.58,28.2,22.75,88.89,25.13,34.17838570361255
2012-07-01,7.76,29.81,22.63,85.45,26.27,38.627005838243385
2012-07-02,3.01,29.09,23.33,89.1,25.66,37.161351592879356
2012-07-03,32.69,29.75,23.47,87.24,26.33,38.946929351519856
2012-07-04,45.36,27.81,23.53,92.24,25.51,33.518764531930806
2012-07-05,6.73,28.84,22.84,89.01,25.65,36.288395634284065
2012-07-06,13.82,28.02,23.17,86.99,25.63,33.287919765852656
2012-07-07,4.47,30.49,23.43,83.62,26.55,40.385872445351076
2012-07-08,9.94,30.26,23.94,85.47,26.82,40.192870650876856
2012-07-09,7.46,29.69,24.25,84.42,26.74,37.930651125731266
2012-07-10,16.98,28.54,24.18,86.82,26.31,34.83530550238705
2012-07-11,13.08,28.77,24.31,87.84,26.18,35.78764243608455
2012-07-12,11.93,29.0,23.43,85.86,26.13,36.070397991553264
2012-07-13,9.69,29.66,23.57,84.95,26.42,37.98016593585654
2012-07-14,7.75,30.04,24.15,84.52,26.65,39.12986922592519
2012-07-15,2.71,29.65,24.33,85.17,26.77,38.00860971791133
2012-07-16,5.77,29.27,24.33,88.12,26.59,37.52702189293885
2012-07-17,18.7,28.91,24.29,90.04,26.26,36.7729060710362
2012-07-18,4.92,27.81,23.99,92.97,25.67,33.64074426230214
2012-07-19,17.8,26.47,23.79,93.66,25.03,29.521905370778427
2012-07-20,37.18,24.73,22.63,94.29,23.77,24.867471235729706
2012-07-21,46.74,25.57,22.94,94.56,24.1,27.013768753391407
2012-07-22,71.51,26.79,22.68,95.31,24.86,30.63586897037402
2012-07-23,58.08,27.65,24.39,94.64,25.74,33.37530787749615
2012-07-24,14.02,27.71,23.82,92.54,25.69,33.24082049728377
2012-07-25,21.05,28.84,23.58,89.66,25.87,36.44140814834619
2012-07-26,2.77,27.91,23.66,89.11,25.61,33.313857103740276
2012-07-27,18.85,28.42,23.56,88.58,25.7,34.81670384442182
2012-07-28,18.35,28.79,23.9,88.54,25.64,36.01258983946678
2012-07-29,18.36,26.54,23.6,94.12,24.86,29.763544705516136
2012-07-30,79.62,25.95,23.5,95.93,24.65,28.113873254741172
2012-07-31,46.09,26.44,23.46,94.99,24.98,29.52556503885625
2012-08-01,50.53,26.95,23.94,94.6,25.51,31.071029398434803
2012-08-02,55.08,27.62,24.51,94.07,25.83,33.18444250598745
2012-08-03,43.74,27.93,24.32,92.99,25.79,34.04593978364783
2012-08-04,31.49,27.13,23.93,94.07,25.36,31.583215625850787
2012-08-05,36.49,27.88,24.21,92.86,25.8,33.85545384706424
2012-08-06,80.99,27.8,24.32,94.78,25.78,33.913061777401644
2012-08-07,89.68,26.92,23.88,93.59,25.28,30.87146639674184
2012-08-08,61.6,27.54,23.12,93.22,25.11,32.79109525418188
2012-08-09,34.69,27.18,23.29,94.04,25.17,31.739314864427698
2012-08-10,38.65,27.49,23.4,93.48,25.32,32.66618961954773
2012-08-11,16.79,28.61,23.69,89.44,25.6,35.61726929149219
2012-08-12,12.28,28.88,23.12,88.8,25.66,36.373331406916655
2012-08-13,28.26,27.06,23.78,93.53,25.31,31.299562343459293
2012-08-14,93.4,26.35,23.76,96.03,24.9,29.319966316490518
2012-08-15,112.23,26.91,23.67,95.1,24.92,30.996440889687644
2012-08-16,12.89,28.4,23.47,91.61,25.52,35.374041653084106
2012-08-17,2.33,29.23,22.91,88.16,25.87,37.40050884413345
2012-08-18,16.81,28.22,23.67,85.56,25.36,33.62550776111287
2012-08-19,57.7,25.92,22.8,93.41,24.37,27.945488891341405
2012-08-20,20.95,26.98,23.25,91.89,24.87,30.875868729338272
2012-08-21,5.31,28.95,22.93,88.2,25.6,36.464630196533186
2012-08-22,17.88,28.62,23.19,89.31,25.5,35.62199237500479
2012-08-23,3.12,28.89,22.09,88.84,25.19,36.416434449665076
2012-08-24,2.87,28.45,23.08,89.8,25.46,35.164559314364276
2012-08-25,18.05,27.84,23.86,93.04,25.45,33.75262936930377
2012-08-26,25.35,27.84,23.48,92.61,25.32,33.67963002312977
2012-08-27,39.26,28.21,23.39,92.51,25.57,34.9069830802278
2012-08-28,29.16,28.19,23.61,92.48,25.63,34.83273383006219
2012-08-29,27.84,27.91,23.21,91.01,25.23,33.63551177574237
2012-08-30,12.47,28.45,22.58,87.62,25.13,34.71749224223068
2012-08-31,9.36,28.07,22.26,86.56,25.16,33.36187803728902
2012-09-01,14.35,26.86,22.76,92.52,24.68,30.581886720195826
2012-09-02,24.44,26.47,22.67,90.96,24.58,29.332715256310205
2012-09-03,2.14,28.02,22.72,89.64,25.19,33.747497819479996
2012-09-04,31.15,29.04,22.93,89.7,25.75,37.13972485791536
2012-09-05,16.15,28.27,23.98,90.47,25.55,34.70715787521495
2012-09-06,19.41,31.09,23.18,85.57,26.78,43.26914981472207
2012-09-07,6.46,31.18,24.91,85.92,27.15,43.75098258340751
2012-09-08,2.71,30.65,23.5,82.75,26.99,40.644300014895904
2012-09-09,2.92,30.91,24.06,83.43,27.0,41.79809104341138
2012-09-10,10.63,29.1,24.27,87.53,26.36,36.801102567578425
2012-09-11,41.31,27.8,23.62,90.46,25.52,33.19429464157186
2012-09-12,27.37,28.66,23.26,89.85,25.51,35.87515417354181
2012-09-13,4.96,29.59,22.58,86.56,25.8,38.1967848568793
2012-09-14,25.78,28.86,23.1,86.57,25.72,35.78920955784121
2012-09-15,18.87,28.95,23.25,87.24,25.99,36.23567721379497
2012-09-16,5.91,28.28,23.41,90.24,25.79,34.69479265581023
2012-09-17,1.33,29.67,24.33,88.83,26.28,39.13280555375019
2012-09-18,9.18,28.0,24.18,88.96,25.85,33.56613103906283
2012-09-19,14.68,27.55,24.24,90.62,25.55,32.442248068211114
2012-09-20,9.69,29.35,23.73,89.66,26.08,38.22132453873431
2012-09-21,18.46,28.97,23.45,90.55,25.59,37.10763308584611
2012-09-22,7.45,28.87,23.56,88.71,25.74,36.3185339603126
2012-09-23,3.86,30.39,23.42,86.09,26.45,40.86424958930965
2012-09-24,1.59,31.0,24.27,83.16,27.18,42.020854938889265
2012-09-25,7.52,31.32,22.89,81.06,27.05,42.36568490514557
2012-09-26,2.93,30.89,24.06,85.36,27.08,42.438184131020066
2012-09-27,0.39,29.18,24.1,90.13,26.17,37.74240059866398
2012-09-28,7.01,28.67,23.7,90.48,25.65,36.05072912067479
2012-09-29,8.35,28.94,23.37,88.9,25.71,36.59954237945859
2012-09-30,33.84,27.75,23.66,90.45,25.23,33.03609486375999
2012-10-01,13.48,28.19,23.36,89.22,25.54,34.20864715341755
2012-10-02,24.14,27.26,23.35,89.02,25.3,31.368080703886864
2012-10-03,15.21,27.61,23.24,91.41,25.0,32.7452713722104
2012-10-04,3.37,27.62,23.02,90.04,24.98,32.57166248919765
2012-10-05,0.73,30.58,23.04,86.49,26.01,41.69939241423923
2012-10-06,0.07,29.62,21.54,82.99,25.23,37.31151543183655
2012-10-07,1.68,29.91,23.17,81.71,25.95,37.873417263087454
2012-10-08,0.41,29.29,22.65,84.63,25.7,36.69270991106537
2012-10-09,0.3,28.46,23.58,86.64,25.5,34.55131255736427
2012-10-10,0.01,29.89,23.34,84.27,26.11,38.54980506609371
2012-10-11,2.4,29.32,22.98,82.88,25.67,36.34793328173442
2012-10-12,0.68,27.97,23.8,86.11,25.48,32.99390404581675
2012-10-13,0.52,29.74,22.66,85.85,25.45,38.505446562221294
2012-10-14,0.02,28.93,21.74,84.57,24.69,35.55268955833497
2012-10-15,0.45,29.55,22.33,86.15,25.27,37.94671142068876
2012-10-16,0.3,29.27,21.97,81.21,25.11,35.79035782276943
2012-10-17,3.2,29.44,21.44,82.78,25.07,36.692672584970474
2012-10-18,0.49,29.84,23.13,85.6,25.7,38.773410985710534
2012-10-19,0.13,30.95,22.41,84.49,26.04,42.334570840529494
2012-10-20,0.0,30.54,21.79,78.7,25.55,38.950970737064495
2012-10-21,0.9,31.34,20.34,80.84,25.55,42.35168881695329
2012-10-22,0.14,31.74,22.94,80.72,26.6,43.72850706238459
2012-10-23,0.0,31.02,20.98,78.95,25.7,40.572943625657736
2012-10-24,1.72,29.78,20.05,81.33,24.76,37.36053152029958
2012-10-25,40.57,27.84,22.85,86.35,24.84,32.65859440792508
2012-10-26,32.99,27.6,23.3,88.84,25.03,32.33540698005306
2012-10-27,2.59,31.05,22.19,82.22,26.11,41.85083556224734
2012-10-28,2.38,29.53,21.77,85.69,25.29,37.75309073458257
2012-10-29,1.04,30.97,20.78,82.32,25.32,41.605998336834624
2012-10-30,0.79,30.51,20.68,80.7,25.37,39.492939301604935
2012-10-31,0.16,29.99,22.94,80.43,25.87,37.758617238644206
2012-11-01,0.01,29.45,22.9,84.96,25.51,37.29305110085251
2012-11-02,0.0,30.38,20.51,80.0,25.08,38.85310932254822
2012-11-03,0.13,31.11,20.94,79.56,25.73,41.087741492556205
2012-11-04,0.35,31.1,23.08,82.72,26.51,42.214701996106356
2012-11-05,0.06,30.35,22.81,84.01,26.16,40.03054578818168
2012-11-06,0.01,30.34,23.48,81.13,26.32,39.076680118003665
2012-11-07,0.19,31.16,22.75,81.54,26.22,41.98510639523758
2012-11-08,4.16,30.73,22.17,81.76,26.02,40.57864054553916
2012-11-09,0.94,30.77,21.82,82.5,26.05,40.97260256613745
2012-11-10,0.12,31.6,22.59,81.91,26.66,43.7074980860391
2012-11-11,0.05,31.74,23.33,77.23,27.11,42.32665426722757
2012-11-12,2.56,29.89,21.76,81.26,25.62,37.68307721203947
2012-11-13,4.82,29.32,22.51,84.06,25.42,36.64369242889191
2012-11-14,1.59,29.54,22.23,82.97,25.81,37.05399334090969
2012-11-15,9.67,28.9,23.89,84.78,25.86,35.50803335516836
2012-11-16,3.44,28.96,23.35,89.69,25.62,36.860217034652294
2012-11-17,0.02,30.33,22.6,78.92,25.99,38.366068602505955
2012-11-18,0.0,30.42,21.26,81.47,25.58,39.44550870212254
2012-11-19,0.34,30.92,21.67,78.17,25.86,39.98032292494215
2012-11-20,2.49,29.78,22.3,84.59,25.63,38.27648892738723
2012-11-21,0.13,27.68,23.2,89.34,25.14,32.64892527570518
2012-11-22,0.0,29.98,22.23,83.67,25.39,38.67156570692127
2012-11-23,0.0,29.84,20.29,81.46,24.86,37.58304704371911
2012-11-24,0.03,31.06,21.03,79.2,25.71,40.79278051095299
2012-11-25,0.32,30.86,21.71,82.36,25.63,41.23580931202335
2012-11-26,0.06,30.54,21.04,79.02,25.29,39.05207500313632
2012-11-27,0.0,30.1,21.19,78.66,25.03,37.58928069278774
2012-11-28,0.06,30.13,20.02,81.34,24.72,38.46467283790543
2012-11-29,0.0,30.23,21.96,80.45,25.35,38.51541576261718
2012-11-30,0.0,29.9,20.82,75.49,24.85,36.15333420233167
2012-12-01,0.02,29.79,20.01,74.54,24.55,35.615945050434185
2012-12-02,0.61,30.63,19.9,79.25,24.91,39.4113207907614
2012-12-03,0.09,30.61,22.87,82.92,25.94,40.564382472227265
2012-12-04,0.64,30.97,21.69,85.0,25.68,42.60002356165406
2012-12-05,3.31,28.28,21.84,83.3,25.16,33.38954726662338
2012-12-06,1.4,28.48,22.43,85.64,24.84,34.412443045717424
2012-12-07,0.05,29.44,21.61,83.52,24.91,36.883482543242195
2012-12-08,2.09,28.0,22.37,87.01,24.9,33.23208933676983
2012-12-09,2.11,29.05,22.18,85.77,24.92,36.20834473005695
2012-12-10,0.12,29.64,20.45,80.34,24.99,36.669657369765346
2012-12-11,0.01,28.98,21.92,82.32,25.05,35.195683158736934
2012-12-12,0.03,30.13,21.16,78.34,24.92,37.587895934254576
2012-12-13,0.03,29.66,19.75,79.16,24.0,36.4226090741241
2012-12-14,0.14,30.76,20.39,79.24,25.3,39.825515269437716
2012-12-15,0.01,31.42,21.46,77.68,26.01,41.432127218883345
2012-12-16,0.37,31.53,21.98,76.8,26.3,41.4659239367971
2012-12-17,0.19,31.46,22.2,77.26,26.29,41.4079090755727
2012-12-18,0.01,30.73,22.49,79.01,26.03,39.652766928707365
2012-12-19,0.0,30.6,20.94,78.08,25.02,38.94224194853713
2012-12-20,0.3,29.79,20.9,79.85,24.76,36.98871066438762
2012-12-21,2.18,30.64,21.03,82.3,25.01,40.456489033485894
2012-12-22,0.53,30.16,21.56,80.23,25.23,38.229418694003485
2012-12-23,0.02,29.87,20.79,76.1,24.76,36.22852987808127
2012-12-24,1.0,28.89,19.86,78.31,23.34,34.08584836060663
2012-12-25,0.85,29.78,20.34,79.68,24.0,36.91315815861294
2012-12-26,1.31,29.98,21.32,78.02,24.53,37.054274412098025
2012-12-27,3.47,27.07,21.97,85.18,23.97,30.41993448632791
2012-12-28,2.4,29.41,22.01,83.29,25.22,36.730109525686764
2012-12-29,3.27,31.1,22.49,83.71,25.95,42.589240627347735
2012-12-30,0.65,30.42,21.46,82.76,25.23,39.86201031852182
2012-12-31,0.07,29.02,20.21,79.78,24.45,34.74904510348494
2013-01-01,0.88,29.56,19.87,78.9,24.39,36.06734153568296
2013-01-02,0.5,31.29,21.92,78.28,25.61,41.223226884908534
2013-01-03,0.38,30.46,21.0,77.32,25.42,38.27853515474272
2013-01-04,0.57,31.16,22.56,77.41,25.97,40.48748969257625
2013-01-05,0.17,31.15,22.17,77.64,25.83,40.536193150029966
2013-01-06,0.01,31.93,21.53,74.19,26.05,41.76776401414953
2013-01-07,0.56,31.43,20.15,76.13,25.59,40.89559593007099
2013-01-08,0.45,31.71,22.16,74.39,26.25,41.14497457814416
2013-01-09,0.11,30.31,22.12,77.23,25.51,37.80309654475522
2013-01-10,0.07,30.8,21.04,77.58,25.3,39.40428316056378
2013-01-11,2.15,30.48,19.42,76.47,24.6,38.081709573382525
2013-01-12,5.6,28.78,22.98,83.69,25.22,34.90577872298653
2013-01-13,3.94,29.23,21.11,82.76,24.74,36.04383604153144
2013-01-14,0.08,29.59,19.01,74.21,23.5,35.01290871837332
2013-01-15,0.0,28.7,18.54,71.66,22.84,32.36757062709564
2013-01-16,0.0,28.37,18.67,73.49,23.1,31.944599816480192
2013-01-17,0.0,28.79,18.64,70.84,23.04,32.42098068505482
2013-01-18,0.03,28.95,17.81,70.29,22.32,32.6714033278515
2013-01-19,0.01,28.36,17.92,71.41,21.97,31.595165932403493
2013-01-20,0.0,30.06,17.03,70.92,22.72,35.412046934617436
2013-01-21,0.93,29.77,16.94,74.81,23.11,35.62964974721744
2013-01-22,0.78,29.93,20.76,76.68,24.52,36.5487162330062
2013-01-23,0.04,30.26,20.71,74.01,24.6,36.74631018940813
2013-01-24,0.0,28.94,19.37,72.26,23.46,33.01619685721643
2013-01-25,0.07,29.73,18.25,76.04,23.62,35.8278479474676
2013-01-26,0.0,29.91,19.81,77.16,24.38,36.61950963996215
2013-01-27,0.0,30.47,21.06,75.49,25.11,37.76046706270094
2013-01-28,0.21,30.62,20.65,70.12,24.65,36.62963386578383
2013-01-29,0.15,30.72,19.23,69.27,24.04,36.650184401107154
2013-01-30,0.0,30.03,17.54,69.45,22.85,34.97792412230991
2013-01-31,0.24,30.19,17.04,72.91,23.57,36.25982068679241
2013-02-01,1.12,30.66,21.26,76.92,25.48,38.76061966777982
2013-02-02,0.29,31.66,21.37,76.3,25.63,41.70277330776514
2013-02-03,0.05,32.91,20.49,73.19,25.61,44.57681936135512
2013-02-04,0.01,32.16,18.48,71.6,24.74,41.49059066543735
2013-02-05,0.0,32.79,18.84,70.13,25.14,42.860624312425784
2013-02-06,0.03,32.58,20.84,71.02,25.88,42.568473226657375
2013-02-07,0.01,32.56,20.76,72.53,26.06,43.13017522131501
2013-02-08,0.08,32.74,21.78,70.21,26.28,42.737037503923666
2013-02-09,0.09,32.58,21.31,70.78,26.13,42.470295595304975
2013-02-10,0.0,32.29,21.11,67.51,26.01,40.33596524684908
2013-02-11,0.12,33.42,20.32,68.86,25.88,44.30991393571594
2013-02-12,1.95,32.58,21.61,75.08,26.18,44.28881747089062
2013-02-13,0.11,33.25,20.75,70.29,25.92,44.404349581229525
2013-02-14,0.1,33.3,19.05,67.57,25.77,43.36056038693094
2013-02-15,0.93,33.87,21.71,70.73,27.02,46.697093616419615
2013-02-16,0.39,34.12,21.49,69.83,26.83,47.10768732961415
2013-02-17,0.58,33.18,19.87,69.9,25.83,44.002888088421464
2013-02-18,0.14,33.39,20.37,67.27,26.11,43.50848872211262
2013-02-19,0.03,33.03,20.28,66.1,25.97,41.93046447635686
2013-02-20,0.0,32.08,19.3,68.48,25.07,40.089941366287576
2013-02-21,1.53,30.69,20.58,70.85,25.16,37.02016390541147
2013-02-22,11.53,30.62,22.79,77.17,25.71,38.71730897317629
2013-02-23,3.9,33.08,21.85,73.15,26.59,45.13762789829538
2013-02-24,1.68,32.36,22.53,70.55,26.36,41.6968332228791
2013-02-25,1.36,33.12,22.74,72.72,26.69,45.07661157896215
2013-02-26,7.85,32.19,22.52,74.38,26.49,42.68498753577741
2013-02-27,0.85,33.4,21.96,73.55,26.9,46.441204253100345
2013-02-28,0.0,33.93,21.75,72.74,27.21,47.930894028585755
2013-03-01,0.0,34.34,22.49,69.75,27.42,47.83147742239948
2013-03-02,1.41,33.88,21.19,69.2,26.9,45.97813278457043
2013-03-03,3.97,30.91,22.04,80.37,25.52,40.70465498650655
2013-03-04,0.76,31.09,21.12,69.88,25.22,37.80459282874669
2013-03-05,0.3,31.36,20.73,64.73,25.19,36.95270269155539
2013-03-06,0.17,32.41,20.43,65.25,25.52,39.84869208683094
2013-03-07,1.19,32.47,20.69,65.98,25.8,40.280477763744734
2013-03-08,0.63,33.34,20.48,68.31,26.14,43.80954322560428
2013-03-09,0.1,33.92,20.72,67.17,26.71,45.13605665611007
2013-03-10,1.98,33.34,22.94,71.41,27.32,45.216021317849126
2013-03-11,2.07,30.7,23.81,79.4,26.45,39.684949227338386
2013-03-12,6.25,33.88,23.05,72.66,27.62,47.70917672356719
2013-03-13,1.5,33.92,22.28,71.83,27.39,47.426810239354296
2013-03-14,4.3,32.93,23.17,74.54,27.3,45.257786588750456
2013-03-15,0.32,33.22,23.3,72.45,27.26,45.292774840811234
2013-03-16,0.83,34.11,23.39,69.5,27.57,46.90602399529772
2013-03-17,9.6,33.47,22.44,70.86,26.94,45.39629317776243
2013-03-18,0.64,34.54,21.28,68.17,27.34,47.69705645216524
2013-03-19,0.04,34.63,23.25,68.41,28.21,48.135124340404055
2013-03-20,0.0,35.22,21.05,66.04,27.76,48.88871173934799
2013-03-21,0.01,36.29,20.99,60.15,27.96,49.16047948405423
2013-03-22,7.68,34.96,22.03,68.73,27.69,49.47450758420199
2013-03-23,5.56,34.31,23.2,73.95,27.85,49.99240390945076
2013-03-24,3.8,32.25,24.45,74.64,27.8,42.98892882972496
2013-03-25,0.28,33.95,24.66,71.23,28.09,47.22720537384757
2013-03-26,1.05,35.39,23.62,67.31,28.77,50.205491293364894
2013-03-27,0.16,34.59,24.09,68.45,28.53,48.017479025896876
2013-03-28,0.12,36.43,23.98,63.47,29.16,51.61164574252824
2013-03-29,0.36,34.78,24.27,66.9,28.89,47.8479009085293
2013-03-30,0.34,35.51,23.8,65.14,28.64,49.384315231441214
2013-03-31,0.0,36.56,21.81,61.71,28.6,50.98684756267989
2013-04-01,0.21,36.7,23.14,63.32,29.15,52.480178108219285
2013-04-02,0.02,37.07,23.78,63.44,29.51,53.90367176241938
2013-04-03,0.25,36.17,24.64,63.45,29.48,50.6870350504186
2013-04-04,0.04,36.88,23.4,61.13,29.62,51.7343274312012
2013-04-05,0.0,37.59,24.44,59.3,30.3,53.02954941849975
2013-04-06,0.04,38.33,23.53,58.35,29.64,54.995251016048186
2013-04-07,1.4,35.94,23.9,66.21,29.14,51.5352251020402
2013-04-08,1.24,33.21,25.77,69.34,29.0,43.8516658121584
2013-04-09,0.37,32.99,25.65,69.21,28.47,43.09998295127602
2013-04-10,0.23,33.53,23.91,69.56,28.04,44.988006856735716
2013-04-11,0.03,36.15,22.92,59.79,28.71,48.503028565079894
2013-04-12,3.58,35.04,23.32,65.14,28.58,47.78850753758549
2013-04-13,2.92,33.56,24.22,72.05,27.9,46.272944224912806
2013-04-14,0.16,36.81,23.74,62.49,29.4,52.345663870871505
2013-04-15,8.48,35.55,24.68,67.41,29.15,50.84055245856118
2013-04-16,9.85,34.27,24.44,73.93,28.36,49.82921308964993
2013-04-17,1.66,35.29,24.89,70.01,29.12,51.42579789571601
2013-04-18,0.23,35.77,25.13,66.21,29.67,50.92156410009923
2013-04-19,0.79,34.79,25.01,67.9,29.34,48.41778158794356
2013-04-20,0.17,33.17,24.5,66.3,28.17,42.426456515277295
2013-04-21,7.93,36.56,25.22,66.45,29.71,53.989033314048
2013-04-22,5.78,33.51,25.01,74.42,28.34,47.2648254133405
2013-04-23,12.58,31.03,24.72,82.56,27.36,41.905725415981735
2013-04-24,3.83,32.59,24.4,75.67,28.15,44.58293879105206
2013-04-25,8.82,33.91,24.97,72.61,28.76,47.79143526296289
2013-04-26,4.56,31.35,24.93,76.53,27.51,40.78410691517516
2013-04-27,2.19,32.75,23.89,72.52,27.96,43.747587137602835
2013-04-28,0.7,34.33,23.97,66.95,28.57,46.36517291921567
2013-04-29,0.07,36.2,24.15,65.2,29.49,51.85746366596844
2013-04-30,0.0,36.63,24.2,61.38,29.49,51.02635786149646
2013-05-01,0.83,34.18,24.23,64.62,28.76,44.75668334426767
2013-05-02,0.61,35.35,24.58,66.34,29.3,49.50838671323542
2013-05-03,0.58,35.69,25.18,63.83,29.67,49.25794707990988
2013-05-04,3.03,33.66,26.05,68.23,28.91,44.79436662488077
2013-05-05,0.76,36.11,25.12,65.44,29.76,51.68004582729239
2013-05-06,0.07,37.44,24.11,61.43,30.03,53.911203592483965
2013-05-07,1.3,35.65,25.45,62.26,30.08,48.248612802287276
2013-05-08,13.43,34.18,25.39,72.36,29.1,48.63979566993018
2013-05-09,11.01,30.68,25.76,83.57,27.73,41.03227038071915
2013-05-10,5.18,29.49,24.78,86.08,26.66,37.72598758619628
2013-05-11,11.01,30.32,24.57,80.62,27.0,38.853752710008365
2013-05-12,18.05,29.96,24.35,83.51,26.72,38.55782767301233
2013-05-13,5.34,29.35,24.61,79.67,26.73,35.653974463305524
2013-05-14,8.11,30.47,24.5,80.35,26.95,39.251080278062446
2013-05-15,2.83,30.1,23.4,81.54,26.77,38.42831324024496
2013-05-16,4.47,31.46,24.13,80.37,27.49,42.59115697086159
2013-05-17,9.24,34.07,23.84,76.49,28.32,50.481951657841904
2013-05-18,7.1,34.26,25.04,73.3,28.79,49.44433602866759
2013-05-19,3.41,32.27,24.63,78.41,27.85,44.65695450045905
2013-05-20,0.84,33.05,24.68,75.42,28.25,46.09263622008862
2013-05-21,2.34,32.37,25.36,76.56,28.2,44.20638554783775
2013-05-22,2.5,31.6,25.55,78.88,28.13,42.49611488028316
2013-05-23,4.38,32.69,25.26,78.17,28.56,46.077709000981145
2013-05-24,8.99,30.56,25.22,84.05,27.5,40.77592673033791
2013-05-25,15.27,32.7,23.79,74.96,27.51,44.64920395015902
2013-05-26,5.13,33.43,24.22,74.61,28.09,47.0692598340814
2013-05-27,3.55,32.18,24.39,75.31,28.07,43.03124637191777
2013-05-28,15.24,29.98,24.9,83.54,26.91,38.63284317553955
2013-05-29,1.35,33.32,23.65,73.18,28.53,45.981787102207704
2013-05-30,2.52,34.06,24.83,68.8,28.78,46.385924988329066
2013-05-31,5.01,30.06,25.01,81.43,27.24,38.26804214287402
2013-06-01,1.13,31.99,24.64,78.55,27.89,43.72058108633922
2013-06-02,0.29,32.52,25.28,76.56,28.44,44.7319467670423
2013-06-03,0.98,31.19,25.65,79.8,28.15,41.44449021755512
2013-06-04,7.85,33.48,25.03,75.27,28.75,47.582523361601254
2013-06-05,2.3,33.16,25.12,75.59,28.5,46.57055639439115
2013-06-06,0.65,35.16,24.77,70.19,29.3,51.04510600067946
2013-06-07,3.16,33.82,25.2,75.39,28.78,48.91555448077314
2013-06-08,3.45,31.61,25.6,78.86,28.14,42.52268813445681
2013-06-09,0.27,32.69,25.47,74.5,28.41,44.41083997475206
2013-06-10,1.18,34.33,24.71,74.15,28.8,50.18056045749029
2013-06-11,7.81,29.92,25.31,84.09,27.25,38.59673502971009
2013-06-12,10.65,31.5,24.75,80.92,27.41,42.94833759139879
2013-06-13,19.59,28.88,24.29,87.59,26.22,36.08914580424063
2013-06-14,10.22,29.95,23.77,84.88,26.58,38.933328370440414
2013-06-15,6.17,31.34,24.37,83.06,27.29,43.216102820970825
2013-06-16,15.15,33.13,23.8,78.92,28.11,48.105637141232506
2013-06-17,31.04,27.84,24.55,91.3,25.95,33.459506250270465
2013-06-18,24.41,29.05,23.86,89.59,26.19,37.14677194965487
2013-06-19,21.01,29.34,24.33,91.63,26.39,38.73237517439031
2013-06-20,25.05,27.63,23.96,92.29,25.61,32.9424358283786
2013-06-21,9.38,28.4,24.24,90.35,25.92,35.11281947836971
2013-06-22,19.34,27.95,23.55,91.65,25.43,33.87627305677922
2013-06-23,2.32,28.48,22.99,82.69,25.75,33.836753947944985
2013-06-24,0.3,31.0,23.44,78.98,27.36,40.517819170087655
2013-06-25,1.97,32.13,23.71,80.67,27.62,45.137652557585156
2013-06-26,0.26,32.5,22.17,75.19,27.69,44.06257436284697
2013-06-27,7.21,32.06,24.42,79.71,27.82,44.46229711453085
2013-06-28,3.79,30.29,24.83,83.87,27.22,39.77883596945449
2013-06-29,5.44,31.98,24.81,76.82,27.93,42.97388897547245
2013-06-30,22.17,28.46,24.29,88.77,26.14,34.98401250815883
2013-07-01,1.69,29.51,23.81,88.22,26.29,38.38715544782084
2013-07-02,15.16,30.36,23.8,84.3,26.93,40.16019612834194
2013-07-03,8.63,30.46,23.81,82.99,26.79,40.07328781305008
2013-07-04,11.15,29.58,22.65,86.42,25.67,38.12343017342042
2013-07-05,5.34,29.75,22.8,85.58,25.67,38.46127162199233
2013-07-06,2.31,29.32,22.79,82.2,26.12,36.179729884943605
2013-07-07,1.2,30.59,23.35,77.67,26.35,38.78220831530793
2013-07-08,7.14,30.54,22.33,79.74,26.56,39.281349098498
2013-07-09,4.27,29.34,24.06,84.75,26.28,36.882975633724655
2013-07-10,5.22,31.01,24.15,82.4,26.97,41.77602911342826
2013-07-11,3.78,28.86,24.05,89.02,26.07,36.35805032382561
2013-07-12,1.68,30.22,24.4,85.75,26.7,40.14249493765361
2013-07-13,15.08,29.85,23.79,86.02,26.32,38.93256651003849
2013-07-14,9.45,28.18,22.75,86.0,25.55,33.5873679656308
2013-07-15,4.97,31.21,23.93,81.81,26.8,42.26299854638246
2013-07-16,17.49,28.04,23.86,92.06,25.77,34.24718296307597
2013-07-17,12.22,26.59,23.83,91.74,25.03,29.72606223190026
2013-07-18,4.43,29.78,23.52,87.18,26.43,39.03454102635081
2013-07-19,1.61,29.8,24.09,87.37,26.71,39.161884832837536
2013-07-20,8.98,29.03,24.09,88.24,26.16,36.742361707490645
2013-07-21,9.54,29.76,23.9,86.09,26.01,38.64359274904765
2013-07-22,23.0,30.02,23.17,84.72,25.96,39.12297356521131
2013-07-23,20.61,27.47,22.71,89.92,25.08,32.100695235242
2013-07-24,34.4,27.96,22.85,88.41,24.78,33.34906078207665
2013-07-25,4.94,27.71,22.95,82.76,24.86,31.76907127499716
2013-07-26,10.23,30.52,22.42,80.46,25.75,39.44810266943719
2013-07-27,18.58,30.06,23.03,83.85,26.04,38.99279785139265
2013-07-28,22.64,30.88,23.14,79.45,26.76,40.286883637120845
2013-07-29,10.08,29.21,24.01,81.8,26.41,35.75382502734798
2013-07-30,11.17,29.22,23.49,86.88,25.98,37.03661258576107
2013-07-31,24.78,27.68,23.54,92.32,25.23,33.10849740825563
2013-08-01,12.65,27.87,23.47,92.26,25.34,33.71916528438888
2013-08-02,1.89,28.62,23.12,87.69,25.74,35.27074321784694
2013-08-03,10.84,30.48,23.63,81.01,26.84,39.494817156068734
2013-08-04,5.15,30.44,23.83,82.12,26.9,39.72119042010416
2013-08-05,8.58,29.77,23.02,84.97,26.14,38.35250772076092
2013-08-06,7.92,28.44,23.87,88.99,25.69,34.96461949118023
2013-08-07,0.37,30.0,23.44,84.9,26.52,39.109685665611124
2013-08-08,7.38,29.45,24.12,86.0,26.53,37.57082615970953
2013-08-09,11.68,31.53,24.38,81.2,27.58,43.16684657884613
2013-08-10,16.47,31.96,24.25,79.33,27.43,43.94070733652383
2013-08-11,55.3,30.88,24.11,83.45,26.82,41.69821502267847
2013-08-12,106.82,26.48,24.5,94.13,25.23,29.58500651682084
2013-08-13,42.11,27.17,23.92,93.48,25.19,31.639208307489355
2013-08-14,4.43,27.66,23.56,90.45,25.38,32.756250481525754
2013-08-15,0.42,28.82,23.64,86.33,26.14,35.60777162882542
2013-08-16,13.7,28.6,23.97,88.34,25.81,35.34596998767577
2013-08-17,55.86,28.48,23.85,91.73,25.74,35.67416901338446
2013-08-18,84.62,27.62,23.74,94.54,25.38,33.25776893646803
2013-08-19,84.66,26.51,23.7,95.14,25.01,29.749466629820954
2013-08-20,74.54,27.01,23.03,94.04,24.97,31.199780725344013
2013-08-21,103.28,26.52,23.01,93.01,24.66,29.621177459712342
2013-08-22,57.23,28.42,23.7,92.95,25.77,35.726760145768495
2013-08-23,36.57,27.58,23.57,93.17,25.38,32.91414188916425
2013-08-24,43.14,27.81,23.66,91.02,25.41,33.31723920211299
2013-08-25,22.45,30.3,23.26,84.83,26.2,40.12454029621684
2013-08-26,13.41,28.04,23.66,90.23,25.48,33.91583070777137
2013-08-27,61.27,26.61,23.24,94.07,24.91,29.970114466243633
2013-08-28,28.61,27.37,23.42,92.71,25.1,32.17289194751308
2013-08-29,4.16,28.8,22.76,87.18,25.83,35.735609724109594
2013-08-30,0.0,30.07,22.55,83.73,26.42,38.98975101337931
2013-08-31,0.02,29.17,23.68,84.44,26.16,36.26662275579716
2013-09-01,1.8,30.48,23.37,82.9,26.8,40.11176637509547
2013-09-02,0.84,29.84,24.48,84.68,26.69,38.50286193851792
2013-09-03,3.38,30.09,23.73,86.56,26.3,39.94103855425295
2013-09-04,22.55,29.55,23.62,86.5,25.99,38.043837679216864
2013-09-05,25.67,27.86,22.38,85.53,24.89,32.586883840883225
2013-09-06,17.48,30.42,22.0,83.01,26.23,39.94362433839676
2013-09-07,1.52,31.29,23.84,81.17,27.14,42.30215643012079
2013-09-08,19.04,31.06,25.1,83.5,27.6,42.36411587471821
2013-09-09,9.5,29.4,23.87,86.93,26.38,37.65311839851383
2013-09-10,18.6,28.86,23.01,89.58,25.7,36.49064751238885
2013-09-11,10.4,28.63,23.49,88.21,25.74,35.415050043521894
2013-09-12,10.99,28.15,23.48,90.78,25.52,34.37292421942808
2013-09-13,12.62,27.89,23.72,91.71,25.4,33.69063123234688
2013-09-14,50.95,28.08,23.33,92.09,25.51,34.386388475754686
2013-09-15,40.47,27.55,23.74,92.04,25.44,32.64916541756898
2013-09-16,24.77,27.65,23.29,91.33,25.23,32.8592203289802
2013-09-17,7.91,28.69,22.77,86.26,25.8,35.184260223392734
2013-09-18,8.27,27.38,23.92,90.31,25.42,31.883550014324
2013-09-19,21.02,29.12,23.43,89.62,25.68,37.39820118946737
2013-09-20,23.22,26.4,23.6,93.04,24.76,29.276086244920734
2013-09-21,25.28,26.54,23.71,93.53,24.97,29.718765184322006
2013-09-22,49.05,27.72,23.32,94.2,25.45,33.542127512782756
2013-09-23,22.2,27.43,24.09,93.84,25.44,32.52173960391224
2013-09-24,15.15,27.33,24.24,90.76,25.45,31.792057992516725
2013-09-25,10.04,26.87,23.86,94.41,25.05,30.799622217937433
2013-09-26,17.9,26.62,22.79,93.21,24.69,29.930194094995482
2013-09-27,10.99,28.01,23.29,93.0,25.23,34.31825934517765
2013-09-28,7.05,27.9,23.94,93.52,25.66,34.03786378725205
2013-09-29,34.68,28.21,24.04,92.42,25.69,34.88927508943462
2013-09-30,13.88,28.57,24.15,91.76,25.88,35.992702759889795
2013-10-01,5.29,28.36,23.74,90.96,25.61,35.104329561931955
2013-10-02,8.96,30.1,22.77,87.28,26.21,40.20773222192012
2013-10-03,2.85,29.57,24.11,87.01,26.18,38.25491975080903
2013-10-04,1.05,29.36,22.94,82.75,25.62,36.438292271577915
2013-10-05,0.38,28.32,22.06,87.18,24.62,34.22722963391344
2013-10-06,1.1,28.24,21.89,87.51,24.51,34.04430323063981
2013-10-07,1.48,28.83,21.09,88.68,24.72,36.17784537274078
2013-10-08,4.2,28.22,22.65,86.47,25.11,33.79121317891863
2013-10-09,0.88,28.69,22.84,87.2,25.17,35.38806327190823
2013-10-10,7.66,30.2,23.1,86.83,26.2,40.423408372595866
2013-10-11,23.87,29.25,22.96,89.34,25.86,37.78054986662015
2013-10-12,56.37,27.28,23.88,93.24,25.82,31.957462560005112
2013-10-13,2.26,28.96,23.34,88.29,25.67,36.51968772159071
2013-10-14,11.55,28.82,23.0,87.41,25.65,35.85237878664623
2013-10-15,15.03,29.09,22.98,85.89,25.42,36.365339690729954
2013-10-16,16.78,29.31,23.05,87.9,25.48,37.6059418404904
2013-10-17,0.15,29.49,22.21,81.06,25.45,36.406246569589484
2013-10-18,0.12,30.68,20.07,81.33,25.17,40.26328904435158
2013-10-19,0.03,30.98,23.02,83.12,26.26,41.93451738749403
2013-10-20,0.0,29.97,22.57,84.27,25.75,38.81759903534228
2013-10-21,0.27,30.47,21.78,80.69,25.82,39.35952432488298
2013-10-22,0.35,30.05,22.66,79.93,25.83,37.80064872951198
2013-10-23,0.02,28.47,21.75,80.44,24.61,33.386608942968174
2013-10-24,0.01,28.38,22.33,81.05,24.55,33.25779823536992
2013-10-25,0.03,27.51,22.08,83.31,24.2,31.32795433783327
2013-10-26,8.13,29.05,21.4,83.57,24.81,35.68943627740481
2013-10-27,3.26,29.33,21.12,79.91,24.79,35.653995177932536
2013-10-28,0.03,30.2,20.32,79.97,25.03,38.2772530910535
2013-10-29,0.0,29.68,21.68,81.32,25.2,37.049715324708245
2013-10-30,0.02,28.88,19.75,83.24,24.15,35.10470602988177
2013-10-31,31.16,27.61,21.68,89.5,24.6,32.461589889780235
2013-11-01,33.11,28.52,23.41,90.76,25.34,35.601969472515485
2013-11-02,4.32,28.29,22.23,88.45,24.97,34.37831214440233
2013-11-03,3.48,29.31,22.14,83.42,25.53,36.45161917158213
2013-11-04,2.78,29.38,23.39,83.88,26.03,36.7871129853302
2013-11-05,4.16,28.62,22.9,86.02,25.32,34.916365965666564
2013-11-06,0.45,30.8,22.04,83.88,25.98,41.56772166535288
2013-11-07,0.19,31.18,22.57,80.85,26.42,41.79769721493366
2013-11-08,3.31,28.88,23.36,82.99,25.83,35.04989873664111
2013-11-09,14.62,28.13,23.75,86.33,25.88,33.498699282989875
2013-11-10,0.37,31.08,22.56,82.36,26.12,42.008831531313135
2013-11-11,0.24,30.22,20.87,83.22,25.03,39.33509001115206
2013-11-12,0.09,30.46,20.27,80.48,25.24,39.260151901715716
2013-11-13,1.17,30.99,20.54,82.87,25.48,41.878030906023085
2013-11-14,3.61,29.15,22.71,88.13,25.6,37.120258862734495
2013-11-15,1.19,30.03,22.99,85.13,26.04,39.28296482902028
2013-11-16,0.04,30.7,21.5,82.57,25.74,40.75487516783606
2013-11-17,0.01,30.48,21.07,80.01,25.51,39.17520768156739
2013-11-18,0.21,30.48,21.02,83.22,25.12,40.21789195773926
2013-11-19,0.11,29.6,21.4,81.35,24.65,36.813192551433524
2013-11-20,0.71,29.71,20.29,80.03,24.69,36.79734397302368
2013-11-21,2.98,30.2,21.35,85.23,25.13,39.90418794947959
2013-11-22,1.63,29.79,22.67,82.31,25.73,37.66305868192894
2013-11-23,2.88,29.7,22.12,85.74,25.24,38.33795189319852
2013-11-24,2.29,29.53,22.18,82.25,25.34,36.83388933709109
2013-11-25,0.75,30.06,22.82,82.43,25.59,38.56448094858805
2013-11-26,4.47,29.88,22.32,86.84,25.67,39.284130574734164
2013-11-27,0.22,30.04,22.83,83.48,26.02,38.81384235450326
2013-11-28,7.48,29.65,23.91,85.61,26.1,38.132350473000955
2013-11-29,0.52,27.51,21.33,82.46,24.21,31.218345445319805
2013-11-30,0.36,27.54,20.76,82.89,23.81,31.34997328747156
2013-12-01,2.22,28.72,21.07,84.86,24.44,34.976157162347384
2013-12-02,0.38,29.61,21.2,81.78,24.62,36.95703935811845
2013-12-03,0.08,29.37,20.29,81.2,24.48,36.083432154719866
2013-12-04,0.02,28.33,20.98,83.07,24.38,33.48753671636877
2013-12-05,3.41,28.18,20.5,82.11,23.87,32.90761220932589
2013-12-06,2.22,28.75,20.03,80.99,24.27,34.254910389195736
2013-12-07,0.19,29.25,21.32,83.17,24.89,36.20463827970126
2013-12-08,0.54,30.49,22.21,81.74,25.76,39.76439123282076
2013-12-09,0.9,30.29,23.02,83.16,25.79,39.55170738063462
2013-12-10,2.44,29.85,23.69,87.74,26.02,39.45183335582398
2013-12-11,6.95,30.28,23.31,86.56,25.9,40.62382159601817
2013-12-12,11.77,26.62,22.98,90.58,24.49,29.7190035031121
2013-12-13,3.15,29.44,22.27,84.58,25.37,37.160293019437184
2013-12-14,1.83,29.51,22.84,83.43,25.5,37.08087429759346
2013-12-15,1.95,28.86,22.25,84.94,25.0,35.420921459609495
2013-12-16,2.51,29.38,21.88,85.05,25.19,37.08944457228688
2013-12-17,8.12,28.55,22.72,84.02,25.62,34.29712385474372
2013-12-18,4.71,28.7,23.0,86.62,24.99,35.29345163234895
2013-12-19,1.13,28.74,22.46,85.91,25.02,35.264025207357605
2013-12-20,2.75,28.93,22.23,84.54,25.04,35.54587561212885
2013-12-21,1.38,26.98,22.21,85.8,24.34,30.252406890060293
2013-12-22,0.89,28.54,22.54,85.14,24.9,34.49232103541166
2013-12-23,2.51,27.3,22.54,88.56,24.58,31.425973937427962
2013-12-24,1.2,30.04,21.65,82.94,25.55,38.65157356271647
2013-12-25,0.23,28.76,23.7,84.32,25.87,34.98117678765776
2013-12-26,1.26,29.04,23.32,87.41,25.32,36.572334470972535
2013-12-27,0.28,28.22,21.09,84.56,24.1,33.445696463455775
2013-12-28,0.08,27.58,19.53,81.76,23.25,31.30251889997724
2013-12-29,0.0,28.58,21.23,81.82,24.16,33.94819715259281
2013-12-30,0.0,28.96,20.35,79.96,24.22,34.62162599080624
2013-12-31,0.0,28.71,20.82,79.09,24.25,33.7662894830575
2014-01-01,0.0,28.51,20.6,80.62,23.69,33.527035470096884
2014-01-02,0.0,28.97,18.75,79.54,23.21,34.55917640598211
2014-01-03,0.0,28.72,19.04,82.03,23.36,34.383617769562726
2014-01-04,0.0,28.25,20.19,81.0,23.6,32.9038739859444
2014-01-05,0.01,29.27,20.43,76.38,24.41,34.67514983965982
2014-01-06,0.27,29.39,19.58,81.05,23.94,36.10580965351047
2014-01-07,0.31,29.34,20.78,77.96,24.38,35.22267673974031
2014-01-08,0.0,29.07,20.32,76.39,24.42,34.15692626449007
2014-01-09,0.27,29.1,20.73,77.59,24.25,34.49108249718126
2014-01-10,0.77,28.61,19.11,79.15,22.91,33.51468886868222
2014-01-11,0.08,26.81,17.74,77.08,21.18,29.085733263006304
2014-01-12,0.07,27.81,17.14,76.94,21.96,31.202534804499415
2014-01-13,0.03,28.32,19.33,74.63,23.35,32.01547470831574
2014-01-14,0.02,28.89,18.61,77.12,23.39,33.844002474637584
2014-01-15,0.04,27.55,18.46,75.43,22.31,30.441470886480843
2014-01-16,0.01,26.31,17.24,75.07,20.76,28.013912091679426
2014-01-17,0.03,26.94,17.75,76.77,21.79,29.320862145267622
2014-01-18,0.0,27.59,17.5,72.46,21.51,30.173890466238017
2014-01-19,0.01,24.31,15.9,73.67,19.29,25.09035253921553
2014-01-20,0.04,25.9,15.27,72.79,20.59,27.242433794475385
2014-01-21,0.03,27.34,17.5,76.06,21.92,30.07247079376451
2014-01-22,0.07,27.93,18.5,75.38,22.13,31.255156228718672
2014-01-23,0.03,26.28,17.82,74.81,21.18,27.94802480292872
2014-01-24,0.0,26.27,16.71,72.83,20.65,27.831280489050975
2014-01-25,0.0,27.0,14.42,71.09,20.98,28.946626373702916
2014-01-26,0.0,27.01,16.7,74.23,21.66,29.23529539152156
2014-01-27,0.0,28.04,18.22,73.62,22.67,31.24545899696487
2014-01-28,0.0,28.02,17.63,70.17,22.28,30.72794409906028
2014-01-29,0.43,28.08,16.65,73.52,22.31,31.31675661679512
2014-01-30,0.08,28.52,19.19,75.8,23.33,32.677823249039626
2014-01-31,0.0,28.79,16.58,69.36,22.24,32.163022803172794
2014-02-01,0.33,31.61,18.26,76.29,24.55,41.53575002619774
2014-02-02,1.32,30.9,22.11,79.9,25.94,40.50781646648951
2014-02-03,0.09,30.45,21.92,79.81,25.33,39.016273934270934
2014-02-04,0.02,30.52,21.21,77.79,25.25,38.60482335896405
2014-02-05,0.11,30.83,20.27,76.37,25.28,39.103101826438966
2014-02-06,0.06,31.88,21.0,76.22,25.81,42.39753924518936
2014-02-07,0.0,31.37,21.74,76.22,25.86,40.7365412282177
2014-02-08,0.0,31.35,21.72,77.17,25.83,41.015520501890606
2014-02-09,0.0,32.2,20.94,72.9,26.16,42.123996851175875
2014-02-10,0.11,30.82,21.36,75.12,25.22,38.67310208666291
2014-02-11,1.29,29.57,20.91,77.46,24.31,35.73878804975164
2014-02-12,1.41,29.5,18.89,73.72,23.58,34.670034295840246
2014-02-13,0.05,29.14,18.78,72.23,23.43,33.47462395804447
2014-02-14,0.55,29.88,18.5,70.26,23.47,34.808721083112374
2014-02-15,0.57,28.91,18.66,74.55,23.26,33.38498905232225
2014-02-16,0.27,30.41,19.34,70.46,24.24,36.18044262734523
2014-02-17,0.51,30.23,19.74,71.85,24.43,36.08459200138901
2014-02-18,0.01,30.63,19.63,72.92,24.44,37.45758059491964
2014-02-19,0.0,31.09,20.48,70.83,24.49,38.09810980701776
2014-02-20,0.0,30.7,18.82,71.98,24.21,37.374729629889565
2014-02-21,0.0,29.78,19.31,68.05,23.7,34.069160521751385
2014-02-22,0.0,29.75,18.2,67.59,23.56,33.90055134330004
2014-02-23,0.05,28.69,20.0,69.71,23.69,32.01291040938941
2014-02-24,0.0,30.67,18.73,66.24,24.17,35.7026108542894
2014-02-25,0.76,31.18,19.15,68.11,24.74,37.50493394279368
2014-02-26,0.54,29.89,21.05,75.99,24.49,36.25542796245406
2014-02-27,0.21,31.45,20.12,70.71,25.04,39.0679292518371
2014-02-28,0.06,31.23,20.61,69.3,25.33,38.003301631608565
2014-03-01,0.0,31.91,20.17,68.68,25.43,39.67771241943972
2014-03-02,0.0,31.96,20.8,67.61,25.37,39.444292756532306
2014-03-03,0.0,32.66,20.15,70.16,25.93,42.46658662710735
2014-03-04,0.0,31.58,20.61,72.27,25.42,39.980110553679154
2014-03-05,0.08,31.53,19.85,72.6,25.25,39.94662738935723
2014-03-06,0.09,31.98,20.6,68.7,25.84,39.883424896259505
2014-03-07,0.31,32.13,21.85,68.5,26.1,40.24039943452919
2014-03-08,0.07,32.39,20.66,67.72,25.83,40.70051363316684
2014-03-09,0.0,33.33,21.25,67.93,26.34,43.61086067513395
2014-03-10,0.38,34.05,20.83,68.86,26.74,46.38200839768573
2014-03-11,2.93,33.17,22.19,70.33,26.53,44.16151952410567
2014-03-12,0.23,33.59,21.16,68.77,26.65,44.817762052014636
2014-03-13,0.0,34.23,20.47,66.31,26.84,45.723032206681495
2014-03-14,0.7,34.79,21.17,67.11,27.43,47.993735749849215
2014-03-15,0.24,34.08,22.39,66.75,27.17,45.45142950254245
2014-03-16,0.11,34.09,21.74,65.32,27.11,44.80448092666784
2014-03-17,0.01,35.1,20.14,63.56,26.81,47.15182345189734
2014-03-18,0.0,35.15,20.35,63.53,26.99,47.298509460010884
2014-03-19,0.0,35.59,21.01,63.05,27.44,48.485646335774696
2014-03-20,0.0,35.25,22.58,64.55,27.68,48.173437435076465
2014-03-21,0.08,35.73,21.29,63.02,27.76,48.93566810054059
2014-03-22,0.14,34.79,21.35,59.88,27.36,44.3725936497253
2014-03-23,0.12,33.78,21.61,60.18,27.0,41.64636712617062
2014-03-24,10.32,33.95,22.01,66.94,27.0,45.12370582528136
2014-03-25,7.76,30.09,23.2,77.58,26.31,37.25459458140294
2014-03-26,1.06,33.76,22.48,69.95,27.64,45.93872084457596
2014-03-27,0.38,35.86,21.9,64.51,28.37,50.23497364475775
2014-03-28,0.44,35.56,23.55,65.69,28.67,49.872286066514384
2014-03-29,0.21,35.68,23.18,64.34,28.82,49.51405644336511
2014-03-30,0.25,32.95,23.43,68.7,27.83,42.760594526677316
2014-03-31,0.03,35.66,22.66,63.98,28.58,49.240965792107005
2014-04-01,0.0,35.98,22.57,63.33,28.42,49.9600711599554
2014-04-02,0.15,36.66,23.25,63.44,29.24,52.412771588860174
2014-04-03,0.05,36.29,23.95,61.98,29.4,50.22550758915408
2014-04-04,0.25,35.63,23.44,62.96,28.84,48.56867195600678
2014-04-05,0.29,35.3,23.46,62.14,28.56,47.05247853757697
2014-04-06,10.6,35.1,23.31,66.35,28.06,48.64638097278127
2014-04-07,0.36,33.66,22.66,69.49,27.4,45.384297183896805
2014-04-08,2.92,33.19,23.65,70.41,27.41,44.26235437343567
2014-04-09,1.17,34.47,23.75,66.56,28.23,46.631645299426935
2014-04-10,0.57,33.93,23.45,69.72,27.75,46.40169472782077
2014-04-11,13.43,34.41,23.18,68.82,27.84,47.589057980556454
2014-04-12,6.07,32.77,23.8,73.83,27.42,44.38727027052715
2014-04-13,0.19,33.28,24.13,71.81,27.83,45.19938703482632
2014-04-14,5.03,30.38,24.43,79.73,26.55,38.76951430006872
2014-04-15,1.26,35.13,22.37,64.82,28.06,47.917928724531876
2014-04-16,0.08,33.63,23.66,64.22,27.71,42.91140694989334
2014-04-17,0.3,34.43,22.99,67.68,27.87,47.06824485948435
2014-04-18,0.26,34.58,24.11,69.78,28.45,48.695416946511585
2014-04-19,0.18,35.03,24.7,67.92,28.93,49.27079206847217
2014-04-20,0.85,35.56,24.69,67.35,29.08,50.84130378967575
2014-04-21,0.34,34.95,24.65,66.14,29.15,48.02015617500948
2014-04-22,1.43,36.42,23.78,65.32,29.26,52.73474718270465
2014-04-23,2.43,35.84,24.31,68.09,29.18,52.32175142609971
2014-04-24,0.73,35.78,25.25,66.77,29.64,51.29334351523745
2014-04-25,29.7,32.06,25.65,79.45,28.15,44.35075584314938
2014-04-26,6.93,33.09,24.63,76.84,28.44,46.92113038478149
2014-04-27,2.1,31.4,25.63,79.83,28.0,42.174129273330756
2014-04-28,1.26,30.23,25.51,80.65,27.28,38.575875583966564
2014-04-29,1.65,32.76,25.04,74.3,28.19,44.56177282348461
2014-04-30,4.23,33.71,24.62,73.36,28.45,47.45434294651099
2014-05-01,14.2,32.2,24.71,77.12,27.93,43.85437475611728
2014-05-02,23.61,31.39,24.92,78.61,27.84,41.67880098102242
2014-05-03,21.8,32.72,24.4,75.2,28.34,44.82582474388593
2014-05-04,17.33,31.71,24.67,78.01,27.93,42.531302368952616
2014-05-05,0.24,34.56,23.41,72.58,28.79,50.170881927904254
2014-05-06,0.0,35.38,23.93,66.65,29.09,49.79026882532563
2014-05-07,0.0,35.16,23.09,65.53,29.04,48.403005641721464
2014-05-08,0.79,32.72,25.44,75.56,28.61,44.98773553397633
2014-05-09,2.65,29.74,25.01,80.2,27.21,36.93245604106984
2014-05-10,10.48,30.66,24.59,78.99,27.31,39.422617399861444
2014-05-11,1.39,34.18,23.2,70.9,28.26,47.868935790547525
2014-05-12,1.41,35.49,23.33,67.23,28.9,50.517872275278705
2014-05-13,0.01,34.38,22.25,67.95,28.3,47.037512493800236
2014-05-14,0.1,34.06,24.55,71.92,28.93,47.97291882501121
2014-05-15,1.13,35.94,24.96,69.31,29.71,53.471160421354526
2014-05-16,1.6,33.26,25.47,71.61,29.29,45.03938750132046
2014-05-17,0.22,36.86,24.57,64.97,30.16,54.14108602813889
2014-05-18,1.71,36.41,24.53,65.62,29.91,52.88901871247858
2014-05-19,0.46,36.41,24.29,66.6,29.87,53.51958655288922
2014-05-20,0.05,35.66,24.59,66.66,29.68,50.79377740297183
2014-05-21,3.03,34.43,26.28,70.48,29.74,48.53715527140113
2014-05-22,2.13,33.21,25.07,74.19,28.94,46.07722385219527
2014-05-23,5.24,35.86,24.9,70.81,29.48,54.124636177318344
2014-05-24,3.1,35.82,25.22,70.22,29.6,53.587078016869455
2014-05-25,13.36,35.64,24.78,67.85,29.8,51.43212129456347
2014-05-26,5.47,34.77,24.84,75.09,29.2,52.453664439782955
2014-05-27,4.56,33.62,24.88,72.01,28.75,46.462084246639684
2014-05-28,1.21,32.98,25.99,74.48,28.79,45.40472817152353
2014-05-29,7.16,32.88,25.24,76.21,27.99,45.85426993108339
2014-05-30,10.78,29.69,24.51,83.46,26.96,37.66332584046126
2014-05-31,7.28,33.94,24.73,74.39,28.93,48.83514069932025
2014-06-01,4.62,34.77,25.07,73.1,29.53,51.27115296517614
2014-06-02,3.22,31.68,26.16,77.9,28.44,42.386178699206056
2014-06-03,2.94,32.34,25.86,74.1,28.59,43.0637471482522
2014-06-04,4.32,34.78,24.86,67.97,29.06,48.420800333964024
2014-06-05,5.68,33.99,24.95,73.45,28.83,48.521867766168526
2014-06-06,11.61,31.18,25.06,79.24,27.86,41.20659686843515
2014-06-07,16.96,32.15,24.19,77.29,27.5,43.75233033806985
2014-06-08,18.39,32.52,24.08,78.13,27.71,45.43619896886608
2014-06-09,20.23,30.19,25.05,81.39,27.27,38.67217971265052
2014-06-10,18.2,29.63,23.93,85.66,26.33,38.07922818026368
2014-06-11,43.24,29.94,24.1,87.23,26.56,39.616601523879545
2014-06-12,33.04,29.59,24.24,91.46,26.53,39.621064308200225
2014-06-13,21.95,28.3,24.67,92.02,26.12,35.116835614210885
2014-06-14,14.98,28.78,24.21,91.66,26.18,36.707183375431654
2014-06-15,7.42,29.12,24.31,91.03,26.23,37.76421571578006
2014-06-16,0.43,31.27,24.02,84.7,27.33,43.60710738194626
2014-06-17,9.93,31.38,24.63,81.56,27.94,42.77172353326666
2014-06-18,11.58,30.11,25.44,83.11,27.57,38.933991461506956
2014-06-19,13.14,28.35,24.46,88.91,26.34,34.65883305527616
2014-06-20,18.09,29.03,24.01,90.22,26.07,37.23580038768024
2014-06-21,25.02,29.61,24.31,90.64,26.42,39.45083414899579
2014-06-22,10.34,29.73,24.32,89.86,26.39,39.66156820912885
2014-06-23,5.74,29.73,23.62,86.54,26.31,38.671667158065446
2014-06-24,1.7,31.11,23.52,82.55,27.29,42.18658594213564
2014-06-25,2.9,31.59,24.26,80.64,27.57,43.15755661455593
2014-06-26,23.88,27.72,24.35,89.54,25.82,32.80097989740821
2014-06-27,10.56,28.87,23.87,88.69,25.97,36.313820314570336
2014-06-28,10.3,30.18,23.4,87.98,26.39,40.729540456552144
2014-06-29,6.3,30.57,23.59,86.24,26.85,41.57379268804636
2014-06-30,3.26,30.63,24.0,84.73,27.06,41.260325972727784
2014-07-01,2.3,31.8,24.66,82.79,27.4,44.821196292359396
2014-07-02,3.47,30.68,24.27,84.09,26.98,41.21431547762615
2014-07-03,22.11,29.0,24.54,88.33,26.21,36.663536231124816
2014-07-04,15.83,26.82,23.45,92.07,24.99,30.420045753584176
2014-07-05,3.69,30.67,22.58,83.83,26.41,41.08776580957118
2014-07-06,30.75,29.42,24.07,85.76,26.2,37.4071642155985
2014-07-07,40.55,28.15,23.3,90.11,25.78,34.24726323415336
2014-07-08,30.7,29.54,23.98,88.63,26.53,38.60934563241471
2014-07-09,16.37,28.29,24.25,90.93,25.92,34.86430785838459
2014-07-10,8.16,28.83,23.92,89.74,26.09,36.42618661887294
2014-07-11,2.14,30.02,23.71,87.03,26.62,39.83998155452042
2014-07-12,2.76,30.81,24.37,85.18,27.05,42.07582015259167
2014-07-13,6.12,31.92,23.42,74.59,27.67,41.890439405912545
2014-07-14,4.71,32.65,25.14,76.97,28.32,45.378611351789694
2014-07-15,24.99,31.14,24.63,83.67,27.15,42.72023101599523
2014-07-16,23.24,29.4,23.71,86.49,26.42,37.535226351472566
2014-07-17,6.31,29.28,23.29,90.08,25.68,38.08566717021844
2014-07-18,10.28,28.87,23.53,87.5,26.13,36.03556675050862
2014-07-19,11.4,29.48,24.06,84.22,26.44,37.193987702413295
2014-07-20,16.72,28.6,23.96,90.01,25.89,35.70877782740422
2014-07-21,13.01,28.25,24.54,93.35,26.3,35.212908274164
2014-07-22,46.38,26.87,24.39,94.94,25.8,30.852917891606793
2014-07-23,29.78,28.13,23.65,90.77,25.54,34.305627486823724
2014-07-24,15.33,28.22,23.96,90.24,25.77,34.49879224529711
2014-07-25,12.6,28.95,23.36,88.0,25.95,36.41669223474062
2014-07-26,33.94,29.58,24.16,86.44,26.4,38.12903223367129
2014-07-27,9.97,28.52,23.62,89.27,25.85,35.28359806948913
2014-07-28,2.99,30.08,23.75,86.95,26.36,40.02968210321755
2014-07-29,12.2,28.97,23.81,90.35,25.85,37.05791170951134
2014-07-30,4.33,28.57,23.52,90.46,25.65,35.706200373908864
2014-07-31,24.49,28.46,23.75,92.54,25.76,35.77924177690458
2014-08-01,38.67,28.5,23.79,91.81,25.86,35.76060104960162
2014-08-02,34.08,28.15,23.9,93.09,25.78,34.81414757716521
2014-08-03,34.39,27.8,23.6,92.2,25.47,33.47942268443242
2014-08-04,25.84,27.45,23.9,92.96,25.29,32.46241127615943
2014-08-05,40.07,26.62,22.69,93.5,24.66,29.9537764860251
2014-08-06,13.92,27.98,22.38,90.47,25.08,33.76641766401003
2014-08-07,3.91,28.08,23.78,92.05,25.7,34.37894502554174
2014-08-08,2.73,29.16,23.66,90.46,26.03,37.75805056048091
2014-08-09,0.81,29.14,24.16,89.16,26.18,37.3494920494293
2014-08-10,0.06,29.97,24.09,86.16,26.41,39.39198592227177
2014-08-11,0.01,28.7,23.37,86.97,25.64,35.369649995811365
2014-08-12,0.01,27.88,23.48,86.32,25.55,32.768651871589526
2014-08-13,0.01,30.54,22.6,83.08,26.31,40.377333057766755
2014-08-14,0.61,31.88,23.38,82.43,27.13,44.96889339366217
2014-08-15,0.63,31.1,23.9,84.16,27.1,42.76121719566767
2014-08-16,15.38,29.54,24.13,89.33,26.3,38.81007151692566
2014-08-17,32.28,27.37,23.43,93.54,25.26,32.28531790967152
2014-08-18,10.27,28.48,22.72,88.36,25.2,34.9637732041303
2014-08-19,0.44,30.45,23.12,78.64,26.73,38.651847668792065
2014-08-20,6.89,31.57,23.92,82.54,27.32,43.85491642694738
2014-08-21,10.95,30.37,24.5,88.66,26.79,41.67474314990963
2014-08-22,13.33,29.87,23.35,87.17,26.26,39.34921951826594
2014-08-23,21.18,29.64,23.91,87.21,26.41,38.55386285930952
2014-08-24,4.52,28.87,23.55,89.11,25.92,36.413064534765596
2014-08-25,12.95,28.01,24.18,89.63,25.88,33.71425155458004
2014-08-26,20.0,28.44,23.73,90.19,25.65,35.21261101401355
2014-08-27,3.01,28.6,23.24,88.8,25.72,35.44512951731723
2014-08-28,25.31,30.62,23.22,78.59,26.62,39.16703578820376
2014-08-29,23.24,30.26,23.13,79.14,26.51,38.21615384974421
2014-08-30,2.49,29.06,23.4,87.76,25.73,36.72465146103408
2014-08-31,19.9,29.01,22.96,86.02,26.09,36.14018356522614
2014-09-01,17.69,30.57,24.54,85.17,26.7,41.19828298407391
2014-09-02,6.06,28.96,24.08,87.06,26.27,36.22562062654088
2014-09-03,11.39,30.2,23.96,87.07,26.34,40.50227052373701
2014-09-04,6.2,31.86,23.4,77.81,26.99,42.96467372518479
2014-09-05,16.39,30.52,22.87,83.67,26.44,40.50684891973728
2014-09-06,7.06,28.79,23.34,89.43,25.78,36.217873050975086
2014-09-07,6.13,29.38,23.21,90.25,26.16,38.492672971165696
2014-09-08,18.56,28.86,24.25,87.84,26.2,36.08178742425454
2014-09-09,43.97,28.77,23.99,89.61,26.04,36.19193276153875
2014-09-10,28.95,28.29,22.76,90.11,25.22,34.70193917155242
2014-09-11,10.5,28.95,23.48,88.75,25.95,36.597109343340875
2014-09-12,4.03,29.27,23.37,89.11,26.16,37.78944782648795
2014-09-13,17.08,28.08,24.08,92.5,25.65,34.462890799757986
2014-09-14,169.67,26.32,24.62,95.78,25.46,29.21266764327936
2014-09-15,74.53,27.17,23.82,94.22,25.06,31.729292107690224
2014-09-16,4.02,28.89,23.51,89.21,25.83,36.50455308041348
2014-09-17,0.13,29.89,23.79,87.65,26.54,39.56754425244574
2014-09-18,2.88,30.35,23.55,87.55,26.72,41.21525062107461
2014-09-19,162.32,26.64,24.43,95.69,25.59,30.196594910168226
2014-09-20,57.94,26.8,23.77,93.04,25.03,30.45198538991131
2014-09-21,24.74,28.78,23.17,89.6,25.58,36.22347223771721
2014-09-22,4.45,29.89,23.03,87.41,25.91,39.49372710868937
2014-09-23,0.59,30.47,22.67,83.23,26.42,40.18688757487318
2014-09-24,6.9,29.52,24.61,88.02,26.46,38.365880284110695
2014-09-25,18.73,30.89,24.06,83.83,27.05,41.87253723296414
2014-09-26,13.16,31.54,23.85,82.51,27.39,43.731755245669575
2014-09-27,0.66,31.4,24.02,83.84,27.4,43.75089905754612
2014-09-28,4.45,30.62,24.7,87.06,27.09,42.05314584817017
2014-09-29,1.79,31.35,24.88,86.52,27.08,44.657667897229445
2014-09-30,5.06,30.73,23.03,83.43,26.84,41.159248189182314
2014-10-01,16.08,30.18,23.9,86.93,26.57,40.38377353636292
2014-10-02,1.7,30.0,24.16,84.42,26.64,38.963877457824296
2014-10-03,6.13,30.59,24.12,85.53,26.9,41.396714503997416
2014-10-04,5.96,29.86,23.51,84.77,26.3,38.59637372859697
2014-10-05,19.3,27.58,23.89,91.04,25.49,32.59631359849876
2014-10-06,20.36,30.46,23.45,86.11,26.4,41.1253046363099
2014-10-07,5.54,29.72,23.98,89.16,26.13,39.41273224027671
2014-10-08,1.89,29.98,23.95,85.39,26.41,39.19059256634985
2014-10-09,0.34,29.79,23.6,86.02,26.15,38.72602317950358
2014-10-10,0.19,30.2,24.06,84.71,26.55,39.737885483731894
2014-10-11,8.31,29.73,23.86,85.43,26.32,38.350428087659324
2014-10-12,8.22,27.17,22.82,88.68,24.87,31.07194387497413
2014-10-13,3.95,29.74,23.95,83.64,26.36,37.875101225043544
2014-10-14,11.9,30.09,23.52,86.27,26.19,39.84883640102744
2014-10-15,2.01,30.09,23.61,83.59,26.13,39.01396275619441
2014-10-16,0.01,30.34,21.91,77.99,25.92,38.11759026276212
2014-10-17,8.13,28.37,22.88,86.54,25.17,34.25651780844772
2014-10-18,8.92,28.75,23.4,86.95,25.88,35.524116866625945
2014-10-19,0.11,31.05,22.81,80.78,26.69,41.32452979250559
2014-10-20,20.4,31.26,23.21,84.52,27.0,43.49768275096861
2014-10-21,4.55,30.5,23.23,84.43,26.62,40.694062983975556
2014-10-22,1.67,29.76,24.7,86.58,26.54,38.78716589563378
2014-10-23,2.02,30.48,23.14,83.16,26.38,40.19795660425782
2014-10-24,0.9,31.26,22.65,78.45,26.64,41.1858841019114
2014-10-25,0.16,30.74,23.38,82.81,26.44,40.97685800133317
2014-10-26,0.84,30.43,22.34,82.18,26.22,39.707208256836026
2014-10-27,8.13,29.71,22.56,79.43,25.99,36.639346042833346
2014-10-28,2.43,29.56,22.96,82.87,25.85,37.09031235662163
2014-10-29,3.09,29.16,22.98,84.39,25.83,36.22316722745282
2014-10-30,0.24,30.36,21.86,81.39,25.98,39.22339939987475
2014-10-31,0.01,31.54,21.8,79.18,26.48,42.40651108888746
2014-11-01,3.0,32.16,23.28,80.62,27.34,45.22726713570293
2014-11-02,0.55,30.79,24.01,85.39,26.86,42.07910003954137
2014-11-03,1.17,31.09,23.22,83.74,26.43,42.564136779596645
2014-11-04,3.13,29.92,23.09,83.75,25.82,38.49648099778986
2014-11-05,0.09,29.62,22.01,82.4,25.21,37.15298338189058
2014-11-06,0.0,29.06,19.52,82.03,24.29,35.36491092672277
2014-11-07,0.01,28.85,17.61,79.25,23.06,34.17201769346731
2014-11-08,0.1,30.06,19.04,81.1,24.38,38.17115912497746
2014-11-09,0.02,30.75,22.04,79.51,25.87,39.883162825037076
2014-11-10,0.0,30.88,21.66,79.14,25.94,40.18092810673223
2014-11-11,0.01,30.45,21.84,78.88,25.7,38.72607855135297
2014-11-12,0.18,30.5,21.04,76.55,25.4,38.16519259470561
2014-11-13,0.01,30.22,20.35,79.02,24.49,38.057691367474625
2014-11-14,0.69,30.05,19.9,78.94,24.58,37.51844673028417
2014-11-15,4.35,27.86,22.21,88.34,24.67,33.034817824101445
2014-11-16,0.9,28.16,23.38,87.41,25.24,33.78175229260809
2014-11-17,0.4,29.81,22.53,83.82,25.92,38.154553645953285
2014-11-18,4.25,29.26,23.33,86.53,25.76,37.0795782725635
2014-11-19,0.97,29.89,22.9,81.44,25.8,37.733859274557695
2014-11-20,0.4,29.69,22.73,83.4,25.65,37.64673775164018
2014-11-21,0.11,30.41,22.7,81.08,26.12,39.28850747945145
2014-11-22,0.04,29.98,23.74,81.54,26.39,38.046079053068574
2014-11-23,0.0,31.79,22.74,79.08,26.97,43.23567213046451
2014-11-24,0.09,31.79,22.54,80.38,26.73,43.76852319091565
2014-11-25,1.08,31.45,23.46,82.12,26.8,43.24486727544052
2014-11-26,0.26,31.38,23.02,80.66,26.46,42.42284988357198
2014-11-27,8.44,30.37,22.7,84.18,25.9,40.15549680068014
2014-11-28,3.07,29.65,23.09,82.97,25.91,37.40115048849686
2014-11-29,1.0,30.94,22.19,83.02,25.86,41.75526987463564
2014-11-30,0.73,29.55,22.84,83.35,25.74,37.18632444057227
2014-12-01,0.15,30.86,22.64,80.17,26.43,40.46835228172022
2014-12-02,6.73,29.76,22.89,83.8,25.79,37.98529229154072
2014-12-03,0.41,30.2,21.53,83.17,25.02,39.25240798040724
2014-12-04,0.1,29.91,21.89,81.91,25.68,37.93049981656395
2014-12-05,0.29,30.94,22.18,81.41,25.8,41.1737997497925
2014-12-06,0.06,28.94,20.71,78.1,23.84,34.17479184585314
2014-12-07,0.01,27.25,19.45,78.1,22.74,30.09930851456684
2014-12-08,3.66,30.0,20.56,80.42,24.95,37.786712945824405
2014-12-09,6.44,26.83,22.46,87.19,24.43,29.995814652994213
2014-12-10,0.72,28.26,22.0,85.93,24.66,33.810949689477034
2014-12-11,0.19,30.95,22.19,82.09,25.92,41.45261633130864
2014-12-12,0.19,30.38,22.32,84.99,25.87,40.45866550969159
2014-12-13,1.99,30.58,22.86,83.16,25.73,40.5423463640193
2014-12-14,0.38,29.66,22.54,81.47,25.03,37.028413056339225
2014-12-15,7.78,28.91,22.04,83.2,25.23,35.18491662461335
2014-12-16,10.45,29.18,22.33,87.94,25.19,37.173475039929194
2014-12-17,0.59,27.62,20.17,82.18,23.55,31.45873516833596
2014-12-18,0.08,27.71,19.25,79.71,22.61,31.346374910592186
2014-12-19,0.01,28.63,19.27,80.62,23.36,33.85124433194609
2014-12-20,0.2,29.49,21.48,81.62,24.88,36.54883846144404
2014-12-21,0.33,30.43,21.54,84.79,25.35,40.5684635825435
2014-12-22,0.18,29.39,21.92,77.6,24.84,35.27579877331899
2014-12-23,0.32,29.03,20.86,79.04,24.42,34.61589108373884
2014-12-24,2.91,30.42,22.27,82.83,25.51,39.8848328991007
2014-12-25,0.46,30.14,22.21,80.77,25.47,38.32665234145995
2014-12-26,0.03,30.44,21.35,80.16,24.98,39.094490624258405
2014-12-27,0.05,30.33,20.68,78.73,24.81,38.308803175054514
2014-12-28,0.02,29.77,20.12,80.36,24.38,37.06592918116623
2014-12-29,0.0,28.79,20.22,81.01,23.78,34.370363214559546
2014-12-30,0.0,28.9,19.02,78.7,23.6,34.19277074564791
2014-12-31,0.0,28.93,20.47,78.08,23.82,34.14421045118309
2015-01-01,0.23,26.36,19.95,77.52,22.09,28.23858298336838
2015-01-02,0.06,27.89,18.55,75.25,22.19,31.149153447423615
2015-01-03,0.01,28.59,18.34,75.88,22.79,32.860196199781
2015-01-04,0.0,29.55,18.01,77.79,23.5,35.76401720275833
2015-01-05,0.04,30.37,20.16,79.78,24.71,38.75338539263302
2015-01-06,0.03,29.62,21.56,80.92,24.65,36.76119386774701
2015-01-07,0.12,29.8,20.26,78.54,24.42,36.66863943070856
2015-01-08,0.34,29.1,17.91,78.56,22.82,34.70212627568689
2015-01-09,0.25,28.57,18.66,75.48,22.52,32.74081543950666
2015-01-10,0.18,27.62,17.99,75.13,21.72,30.552979147340846
2015-01-11,0.18,28.12,17.32,77.66,21.79,32.02955227228655
2015-01-12,1.16,28.29,17.63,78.95,22.22,32.65681191138245
2015-01-13,0.75,29.17,18.66,76.77,23.41,34.49823885083876
2015-01-14,0.02,29.35,20.83,76.91,24.26,35.007378362008446
2015-01-15,0.12,30.2,20.83,76.11,24.77,37.1613930348652
2015-01-16,0.09,29.94,20.42,74.35,24.43,35.96825535935406
2015-01-17,0.03,28.28,18.68,70.78,22.35,31.33364987424305
2015-01-18,7.28,28.71,19.43,75.47,23.01,33.07553789515388
2015-01-19,2.01,27.49,20.24,79.16,23.55,30.757883070975634
2015-01-20,0.15,29.39,20.02,79.5,24.13,35.72759811725161
2015-01-21,0.77,29.41,21.44,80.59,24.56,36.05139546485358
2015-01-22,0.45,28.23,20.08,80.81,23.28,32.8188438617325
2015-01-23,0.07,28.3,19.09,73.28,22.8,31.7571545376167
2015-01-24,0.01,28.05,17.91,70.82,22.14,30.875025643442964
2015-01-25,0.0,29.87,17.32,71.24,23.13,35.0170841677893
2015-01-26,0.0,29.99,17.65,70.74,23.51,35.19329411226667
2015-01-27,0.0,29.49,18.16,72.91,23.45,34.46262468439588
2015-01-28,0.0,30.16,18.98,74.02,24.02,36.47578849175394
2015-01-29,0.0,30.41,20.03,74.0,24.28,37.15822008757136
2015-01-30,0.0,30.1,19.12,74.46,24.11,36.43010539887959
2015-01-31,0.18,29.79,18.6,72.17,23.49,35.03978694187171
2015-02-01,0.49,29.29,18.03,74.95,22.34,34.411428026863895
2015-02-02,0.11,28.67,17.41,70.7,21.92,32.137559918891974
2015-02-03,0.04,29.27,17.04,69.36,22.74,33.19908127535088
2015-02-04,0.07,29.48,18.4,70.76,23.42,33.96744310371494
2015-02-05,0.11,28.51,19.23,74.78,23.2,32.47718483354436
2015-02-06,0.15,28.93,19.45,75.24,23.26,33.5693278458695
2015-02-07,0.08,28.8,19.7,77.14,23.59,33.61764367778291
2015-02-08,0.02,29.37,19.75,75.37,23.49,34.710208704828844
2015-02-09,0.04,30.51,18.72,70.74,24.02,36.51516759766246
2015-02-10,0.08,30.22,19.47,69.75,23.97,35.51640832605611
2015-02-11,0.3,30.08,19.8,73.2,24.16,36.044251175224524
2015-02-12,0.12,29.78,20.98,74.02,24.46,35.461392046480555
2015-02-13,0.53,31.73,19.14,72.41,24.97,40.48017542211908
2015-02-14,1.72,31.75,20.58,73.41,25.48,40.90677550344137
2015-02-15,5.52,28.97,21.35,82.44,24.41,35.1931422776203
2015-02-16,2.16,31.15,21.83,75.25,25.65,39.7103130051834
2015-02-17,0.15,30.72,21.28,75.81,25.31,38.59286220610885
2015-02-18,0.34,31.72,21.06,72.81,25.46,40.594836235726575
2015-02-19,0.83,31.44,20.78,74.0,24.89,40.1656719918023
2015-02-20,0.18,31.41,19.9,69.87,24.57,38.67833298464413
2015-02-21,0.03,30.64,19.87,69.97,24.51,36.63966701438224
2015-02-22,0.02,32.51,19.72,70.17,25.19,42.00670945465856
2015-02-23,0.03,32.46,20.16,70.26,25.23,41.88897866653029
2015-02-24,0.0,32.74,20.05,70.37,25.54,42.80355055964898
2015-02-25,0.04,33.79,20.64,69.98,26.16,46.05457223675987
2015-02-26,0.1,33.56,20.45,72.18,26.38,46.33619891284904
2015-02-27,0.02,34.61,21.53,68.88,26.86,48.316558847516475
2015-02-28,0.02,34.33,20.11,66.29,26.35,46.037521243941974
2015-03-01,0.04,33.29,21.14,67.37,26.19,43.24316739329684
2015-03-02,0.03,33.62,19.79,64.63,25.84,43.05848155103338
2015-03-03,0.01,32.67,19.08,65.1,25.24,40.51112658112047
2015-03-04,0.0,33.52,19.11,62.58,25.64,41.90542682078899
2015-03-05,0.04,34.57,19.95,63.29,26.38,45.33359676578628
2015-03-06,0.03,34.19,20.05,64.88,26.29,44.9102181521584
2015-03-07,0.21,34.41,20.21,65.11,26.59,45.71555037800573
2015-03-08,0.0,34.61,20.37,63.0,26.6,45.31716447337873
2015-03-09,0.04,33.91,21.51,62.71,26.63,43.07962993627714
2015-03-10,0.49,34.17,19.92,62.84,26.33,43.90475514225714
2015-03-11,2.27,32.27,20.66,70.54,25.38,41.418409635573106
2015-03-12,0.76,31.95,21.76,70.33,25.85,40.38243331232966
2015-03-13,3.26,31.88,21.81,73.76,25.46,41.444249113391585
2015-03-14,0.41,32.99,21.99,68.3,26.22,42.716270724761245
2015-03-15,0.13,34.05,20.46,66.24,26.52,45.11195921841726
2015-03-16,0.46,33.8,21.4,65.18,26.58,43.843389085578195
2015-03-17,0.19,34.31,20.65,61.15,26.14,43.55460264583097
2015-03-18,0.0,34.69,18.9,62.04,25.9,45.09945460352747
2015-03-19,0.0,35.69,20.53,58.47,27.14,46.359801454073434
2015-03-20,0.02,36.31,21.74,57.99,28.11,48.010505397437846
2015-03-21,0.47,35.41,23.54,66.61,28.19,49.873308329328076
2015-03-22,3.32,32.07,23.72,73.81,26.97,42.06811495411765
2015-03-23,3.33,32.32,23.2,72.92,26.47,42.51555075997045
2015-03-24,5.48,31.04,21.99,74.44,25.46,39.10809591877262
2015-03-25,3.33,33.98,20.23,70.32,26.3,46.87196034800141
2015-03-26,5.37,32.38,21.27,71.74,26.15,42.23080285861645
2015-03-27,0.51,34.53,20.06,66.73,26.76,46.91725653330351
2015-03-28,0.14,34.61,22.95,65.22,27.65,46.41389782903846
2015-03-29,0.39,34.43,22.07,65.95,27.4,46.19441821226206
2015-03-30,0.1,35.82,22.24,63.68,27.86,49.61518976727227
2015-03-31,0.04,35.96,21.96,61.77,28.06,48.99675193253896
2015-04-01,0.39,37.39,22.34,62.18,28.91,54.23403345301236
2015-04-02,0.09,36.86,23.68,65.04,29.12,54.18771406602603
2015-04-03,0.01,37.7,22.94,60.97,29.22,54.54174743811008
2015-04-04,0.11,35.56,22.61,64.11,28.34,48.974760493816106
2015-04-05,9.35,31.01,23.66,77.77,26.88,40.13178243115249
2015-04-06,0.19,36.01,21.9,65.03,28.4,51.07220853211842
2015-04-07,0.24,36.66,23.52,61.87,29.06,51.43053967664456
2015-04-08,0.39,35.94,21.33,60.72,28.22,48.343550521291135
2015-04-09,0.18,35.93,20.59,60.31,28.01,48.085303130017024
2015-04-10,0.15,35.85,22.9,60.16,28.55,47.74838775511028
2015-04-11,0.28,36.07,23.38,60.73,28.74,48.77133041468023
2015-04-12,3.97,34.95,23.23,65.02,28.1,47.4256518723512
2015-04-13,5.51,33.17,23.92,71.01,27.46,44.466127135908735
2015-04-14,0.77,34.13,23.5,67.18,27.55,45.82179499391776
2015-04-15,0.06,34.26,20.88,61.7,27.75,43.65579379178658
2015-04-16,2.28,35.59,23.69,65.99,28.78,50.15125246735977
2015-04-17,14.31,32.92,23.5,72.81,27.9,44.440696260213066
2015-04-18,0.33,37.03,23.13,65.08,29.32,54.856986645433715
2015-04-19,2.96,36.36,24.18,67.59,29.56,53.97472970619431
2015-04-20,3.42,32.91,25.25,75.92,28.17,45.82640830245841
2015-04-21,5.02,34.8,24.76,69.33,28.89,49.235419662467706
2015-04-22,6.54,31.47,24.49,75.06,27.43,40.635550734227834
2015-04-23,0.7,35.79,22.26,66.85,28.25,51.377987689627844
2015-04-24,0.14,36.81,21.85,61.81,28.84,51.91638547359927
2015-04-25,1.96,36.71,23.2,62.95,29.0,52.28132448480362
2015-04-26,3.23,36.04,23.29,66.85,28.68,52.29599065053872
2015-04-27,1.34,35.09,23.68,67.34,28.72,49.15890225108016
2015-04-28,0.35,35.25,24.05,68.02,28.83,50.11256096627802
2015-04-29,0.12,36.28,24.4,65.75,29.66,52.492274907179294
2015-04-30,0.17,36.07,24.71,64.26,29.51,50.821999834466595
2015-05-01,0.02,37.04,24.8,60.29,29.99,51.76066468429603
2015-05-02,0.05,37.54,23.52,58.21,30.12,52.15006246927332
2015-05-03,7.1,36.28,25.49,66.53,29.72,52.98667643306506
2015-05-04,8.46,30.55,25.24,81.52,27.42,39.892095463161525
2015-05-05,0.38,34.98,24.56,71.84,28.93,51.337301008431496
2015-05-06,1.4,33.35,25.06,71.66,28.6,45.3664972290121
2015-05-07,2.2,33.02,24.91,73.18,28.37,44.9461823009573
2015-05-08,8.0,34.18,24.74,73.76,28.5,49.395739695902485
2015-05-09,5.23,38.09,24.25,67.04,29.72,60.53670995577009
2015-05-10,7.84,31.53,24.91,79.44,27.72,42.47305912158376
2015-05-11,1.49,34.77,24.2,71.72,28.81,50.47190316782639
2015-05-12,2.62,34.81,25.43,66.93,29.67,47.96612290387094
2015-05-13,0.6,37.2,24.41,63.93,29.87,54.716428814155314
2015-05-14,0.02,37.21,23.5,61.6,29.75,53.197227307555416
2015-05-15,0.08,37.72,23.72,60.81,30.03,54.50481820755313
2015-05-16,0.57,37.01,24.47,65.13,29.76,54.81497656989483
2015-05-17,0.41,37.71,24.51,62.35,30.18,55.53541216470481
2015-05-18,0.01,36.95,23.87,59.07,29.91,50.70207016214582
2015-05-19,0.01,36.57,24.54,60.34,29.88,50.19699589490423
2015-05-20,1.1,37.55,25.02,59.56,30.28,53.06077920784652
2015-05-21,3.79,37.27,25.06,64.54,30.02,55.39994892308433
2015-05-22,2.06,37.13,24.74,64.12,30.15,54.58293739046525
2015-05-23,12.46,34.77,25.56,71.03,29.23,50.07866126634357
2015-05-24,3.9,34.78,25.08,74.67,28.5,52.24101138572267
2015-05-25,8.39,35.04,24.88,71.17,28.93,51.17054893104593
2015-05-26,1.91,33.36,25.19,71.66,28.43,45.40040694688565
2015-05-27,3.23,33.4,25.41,72.25,28.5,45.81586233736565
2015-05-28,4.45,32.75,25.26,76.29,28.28,45.42570346921943
2015-05-29,5.9,32.35,25.73,74.46,28.17,43.24646365499955
2015-05-30,3.7,32.33,24.98,77.14,28.04,44.31744185276804
2015-05-31,0.67,33.84,24.98,71.32,28.72,46.887476693875094
2015-06-01,1.83,34.25,24.88,67.74,29.14,46.49456530887833
2015-06-02,1.3,37.03,23.39,63.35,29.88,53.6970070469121
2015-06-03,3.66,34.14,24.84,71.91,29.02,48.255690372820084
2015-06-04,2.81,36.96,25.23,66.57,30.28,55.608995393792085
2015-06-05,12.88,35.91,25.49,69.96,29.7,53.77192104481686
2015-06-06,18.8,33.67,25.06,77.36,28.65,49.39079432833649
2015-06-07,7.59,33.61,24.85,71.97,28.62,46.4076886735568
2015-06-08,2.94,34.89,24.34,71.2,28.99,50.623114144660455
2015-06-09,7.21,32.88,25.58,76.28,28.76,45.886999880828
2015-06-10,7.17,33.4,25.24,74.84,29.01,47.074464101976176
2015-06-11,5.34,34.59,25.41,72.99,29.48,50.51722563373468
2015-06-12,4.65,35.53,25.4,71.02,29.73,52.96136781363456
2015-06-13,4.28,34.47,24.48,70.12,29.14,48.486778968245396
2015-06-14,5.16,33.88,24.87,73.1,28.88,47.936245795450674
2015-06-15,2.99,36.05,24.75,68.93,29.66,53.65221248872659
2015-06-16,10.06,34.78,24.72,72.33,28.91,50.86114583784712
2015-06-17,4.86,34.28,24.8,73.6,28.73,49.68453727753251
2015-06-18,14.14,31.59,24.8,81.17,27.67,43.370634482337614
2015-06-19,16.9,33.02,24.72,77.65,28.12,47.05580615968166
2015-06-20,13.12,29.69,24.65,86.05,26.76,38.3928071948637
2015-06-21,13.95,30.81,24.23,85.72,26.83,42.274523015542066
2015-06-22,13.98,29.06,24.58,88.86,26.19,36.99794563934665
2015-06-23,6.63,30.47,24.75,85.72,26.98,41.02745148326275
2015-06-24,3.95,30.63,24.59,84.67,27.03,41.23928940137924
2015-06-25,2.05,32.65,24.52,78.64,28.04,46.14910445925208
2015-06-26,17.09,31.82,24.54,81.77,27.58,44.46090169066713
2015-06-27,0.94,32.5,24.1,76.81,28.18,44.77217910184706
2015-06-28,2.3,32.72,24.64,78.41,28.2,46.30134173342284
2015-06-29,4.0,32.65,25.2,80.2,28.15,46.88619485325086
2015-06-30,3.71,31.69,25.19,81.59,27.52,43.90570801657503
2015-07-01,4.79,32.59,24.76,80.15,28.0,46.633021903661955
2015-07-02,12.08,31.59,25.02,82.37,27.73,43.85913244654136
2015-07-03,6.91,32.38,25.42,83.41,28.02,47.36297557145993
2015-07-04,40.61,29.46,25.82,91.16,26.98,39.04485861289696
2015-07-05,106.66,26.24,24.05,92.33,25.3,28.781812290140017
2015-07-06,47.43,27.88,23.37,89.83,25.22,33.34112228821024
2015-07-07,20.99,29.91,22.79,87.14,26.16,39.4819714407291
2015-07-08,30.16,29.13,24.77,91.27,26.67,37.86339649742643
2015-07-09,39.09,29.02,24.04,90.52,26.04,37.276339828077596
2015-07-10,45.18,28.44,23.65,91.98,25.65,35.58954302103524
2015-07-11,19.91,29.29,24.03,89.4,26.1,37.93753622651175
2015-07-12,38.91,28.79,24.24,91.47,26.15,36.69732887530685
2015-07-13,31.12,28.45,24.1,91.37,25.99,35.494273050444434
2015-07-14,33.22,28.48,24.04,89.08,25.99,35.11300985279089
2015-07-15,31.98,27.52,24.04,91.62,25.49,32.49342307218914
2015-07-16,86.77,27.71,23.46,93.05,25.29,33.3224342779812
2015-07-17,85.47,26.57,23.62,93.11,25.08,29.77492080789368
2015-07-18,92.96,26.64,23.6,94.49,24.97,30.095800126740997
2015-07-19,3.96,29.14,22.88,88.05,25.84,37.0660535918804
2015-07-20,0.46,30.32,22.7,82.71,26.48,39.50929288935451
2015-07-21,2.09,29.78,23.64,82.22,26.09,37.60636925876841
2015-07-22,9.88,28.5,23.04,88.59,25.17,35.075733640433135
2015-07-23,1.68,30.01,22.86,85.0,26.1,39.17441532567304
2015-07-24,2.53,28.23,23.54,87.76,25.39,34.06031101146544
2015-07-25,3.16,30.15,23.41,82.78,26.28,38.96551502482127
2015-07-26,18.72,29.13,23.39,83.33,26.2,35.876392468573066
2015-07-27,20.65,29.41,23.53,82.97,26.05,36.64828878325508
2015-07-28,11.86,28.71,23.06,82.8,25.71,34.51366290747215
2015-07-29,3.36,30.25,23.3,80.58,26.6,38.61820711605358
2015-07-30,4.57,30.93,24.59,82.66,27.1,41.58882825853451
2015-07-31,1.5,31.73,24.18,78.93,27.45,42.96559305794681
2015-08-01,0.71,32.05,22.68,80.4,27.14,44.723577544731356
2015-08-02,5.06,28.66,24.7,88.43,26.36,35.56055252155545
2015-08-03,6.14,30.9,23.79,85.7,26.95,42.6029484437795
2015-08-04,15.79,30.13,24.34,87.87,26.59,40.50887947931099
2015-08-05,10.27,29.75,24.04,88.17,26.46,39.22380154767375
2015-08-06,3.54,30.1,24.18,87.26,26.62,40.201284343599966
2015-08-07,0.85,29.79,23.42,86.57,26.22,38.8883097948246
2015-08-08,3.38,29.35,23.84,88.22,26.21,37.829318441424476
2015-08-09,8.07,29.58,23.67,89.25,26.22,38.931231971978576
2015-08-10,14.2,28.63,23.6,90.61,25.96,35.94331647156195
2015-08-11,7.22,29.31,24.08,85.77,26.44,37.048307592410566
2015-08-12,10.27,29.81,24.4,85.84,26.64,38.741636358985915
2015-08-13,4.02,31.25,24.46,84.81,27.47,43.57537970717659
2015-08-14,11.83,28.22,24.73,91.55,26.15,34.752614791712865
2015-08-15,2.56,31.12,23.87,84.11,27.24,42.815775813194634
2015-08-16,1.16,29.43,24.43,86.61,26.72,37.66819057291096
2015-08-17,0.57,30.33,24.74,86.94,27.13,40.93361188556862
2015-08-18,0.97,30.01,25.12,86.66,27.16,39.68811732195399
2015-08-19,2.99,30.07,24.2,87.76,26.49,40.25337636180372
2015-08-20,26.82,28.85,24.52,89.14,26.2,36.35262376866536
2015-08-21,87.5,26.85,24.74,94.52,25.66,30.74802557076744
2015-08-22,99.89,26.49,24.07,93.22,25.37,29.54907759715411
2015-08-23,27.96,27.66,23.96,93.16,25.56,33.17503875431961
2015-08-24,33.05,27.93,23.74,93.1,25.48,34.065405303161285
2015-08-25,10.72,27.88,23.57,93.33,25.45,33.9369071682747
2015-08-26,5.99,28.61,23.07,89.44,25.62,35.61726929149219
2015-08-27,2.11,29.54,23.13,83.32,26.22,37.146679196365056
2015-08-28,34.5,29.5,24.35,83.12,26.57,36.967880757141266
2015-08-29,19.39,30.51,22.99,86.1,26.0,41.30435398474775
2015-08-30,11.98,29.47,23.74,89.35,26.18,38.56416647388822
2015-08-31,4.05,29.11,24.01,87.69,26.02,36.87442473865789
2015-09-01,4.5,28.91,23.85,87.24,26.03,36.10526822386508
2015-09-02,19.2,30.18,24.06,87.68,26.81,40.63025334341941
2015-09-03,29.77,30.2,24.78,87.11,27.03,40.51543904752761
2015-09-04,25.38,29.76,24.57,87.4,26.7,39.02957143642169
2015-09-05,6.53,28.02,24.31,91.57,25.82,34.09184662863014
2015-09-06,5.92,29.93,23.78,84.92,26.45,38.87741926891017
2015-09-07,13.16,30.4,24.2,86.45,26.84,41.02312131097882
2015-09-08,18.98,31.21,23.66,81.49,27.26,42.142017426066836
2015-09-09,7.94,30.14,24.4,86.81,26.96,40.2003718843234
2015-09-10,25.25,29.21,24.1,90.04,25.95,37.82520827777578
2015-09-11,13.42,28.22,23.43,88.04,25.57,34.08175364077692
2015-09-12,6.32,29.16,23.29,87.84,25.99,37.08032758722704
2015-09-13,4.97,30.2,24.05,88.78,26.33,41.07155639375137
2015-09-14,40.16,30.5,23.54,88.7,26.38,42.187335917949426
2015-09-15,10.02,30.81,23.35,85.57,26.61,42.219179983804366
2015-09-16,6.58,29.91,24.19,87.5,26.49,39.592928945835844
2015-09-17,4.81,32.34,23.67,81.59,27.53,46.348913670607075
2015-09-18,2.09,31.7,24.03,79.97,27.58,43.278993580718655
2015-09-19,0.39,31.29,23.26,81.12,27.17,42.28309680025427
2015-09-20,2.67,30.24,24.06,87.13,26.63,40.667928166371695
2015-09-21,12.93,30.28,24.07,88.83,26.55,41.39118863727341
2015-09-22,6.39,29.78,24.16,88.9,26.53,39.552804132044635
2015-09-23,2.45,31.13,24.42,86.76,27.13,43.892829944539066
2015-09-24,0.62,30.28,24.74,88.02,26.93,41.11470031728466
2015-09-25,2.03,28.74,24.86,90.7,26.23,36.34169492865232
2015-09-26,3.99,28.3,24.24,91.74,26.04,35.060244304219026
2015-09-27,6.92,27.77,24.72,93.96,25.9,33.672011957489666
2015-09-28,21.81,28.27,24.55,90.32,26.03,34.67772299720341
2015-09-29,8.28,29.05,23.45,91.01,25.77,37.5077170217638
2015-09-30,6.0,29.82,23.16,86.89,26.35,39.08836321573533
2015-10-01,28.65,31.29,24.61,85.17,27.23,43.87176530930165
2015-10-02,76.76,27.21,23.55,93.75,25.22,31.799334721030252
2015-10-03,2.63,28.21,23.13,89.67,25.36,34.357490153845156
2015-10-04,3.42,31.31,22.97,82.3,26.71,42.80870086055515
2015-10-05,0.34,31.43,22.92,82.45,26.87,43.30355923726962
2015-10-06,0.25,32.36,23.07,81.53,27.54,46.398146654905936
2015-10-07,0.7,31.01,24.87,84.04,27.26,42.385455063362684
2015-10-08,0.99,30.02,23.76,86.33,26.13,39.620311101193614
2015-10-09,2.67,30.12,22.95,84.75,25.95,39.47455328786202
2015-10-10,1.01,29.8,22.8,85.58,25.59,38.63109306992144
2015-10-11,5.15,29.43,22.66,85.75,25.97,37.43753682420834
2015-10-12,10.29,30.11,23.84,84.67,26.64,39.4152145116094
2015-10-13,0.81,32.05,23.22,81.18,27.22,45.06355929729216
2015-10-14,4.17,29.26,23.47,88.34,25.97,37.55060109203057
2015-10-15,0.3,30.72,23.68,81.55,26.68,40.47277556678783
2015-10-16,1.57,30.78,22.14,83.16,26.22,41.23993675823239
2015-10-17,5.34,29.77,24.44,90.02,26.64,39.85933024237951
2015-10-18,148.54,27.82,25.81,90.99,26.54,33.34415372533638
2015-10-19,88.2,26.86,24.23,93.01,25.37,30.629906826255763
2015-10-20,18.41,27.05,23.5,90.17,24.74,30.896710575175135
2015-10-21,16.43,28.03,23.63,92.17,25.42,34.2339280379383
2015-10-22,1.63,28.71,23.51,90.86,25.61,36.27495102348193
2015-10-23,0.36,29.32,22.32,85.66,25.26,37.05257850001193
2015-10-24,0.0,29.55,21.79,81.17,25.56,36.614769962259885
2015-10-25,0.12,30.87,22.65,83.09,26.29,41.532438159906846
2015-10-26,1.07,29.6,24.08,85.61,26.17,37.9646809064538
2015-10-27,0.39,29.64,23.97,84.21,26.26,37.70864779546522
2015-10-28,0.02,30.12,22.01,76.67,25.77,37.08803907277493
2015-10-29,0.85,30.2,20.71,79.46,25.23,38.12603282537104
2015-10-30,0.44,30.58,21.28,81.57,25.78,40.00873651188072
2015-10-31,0.79,29.81,23.17,82.26,25.95,37.71243338742308
2015-11-01,1.59,31.0,22.5,81.6,26.37,41.44919618945775
2015-11-02,0.81,31.6,22.15,81.8,26.45,43.66258165325309
2015-11-03,0.79,30.47,23.18,83.1,26.17,40.14380459860483
2015-11-04,0.39,31.58,22.08,79.65,26.52,42.729024575972254
2015-11-05,0.55,30.81,23.47,79.84,26.68,40.19019528530649
2015-11-06,0.68,30.49,22.56,84.32,25.97,40.62154526955666
2015-11-07,0.3,31.37,22.15,81.22,26.38,42.60392502548379
2015-11-08,0.15,31.5,22.82,83.37,26.54,43.93440578795962
2015-11-09,0.13,31.09,22.42,77.39,26.05,40.25633309342319
2015-11-10,0.2,31.49,20.51,80.73,25.57,42.837860282739385
2015-11-11,0.27,30.65,20.62,81.25,25.0,40.135940530660804
2015-11-12,0.56,30.76,21.25,83.65,25.5,41.34307044744685
2015-11-13,0.23,30.73,22.65,79.71,26.24,39.88487650023624
2015-11-14,0.31,30.57,21.73,77.85,25.81,38.777079067312336
2015-11-15,0.22,31.32,22.15,76.39,26.32,40.638090337891384
2015-11-16,0.19,31.44,21.54,82.3,26.02,43.280227544866406
2015-11-17,0.08,31.45,22.6,77.9,26.48,41.61361139506296
2015-11-18,0.5,31.27,22.19,81.38,26.04,42.3117355425736
2015-11-19,0.14,30.84,20.33,82.5,24.84,41.215920893955236
2015-11-20,0.13,30.62,20.26,80.03,24.94,39.63310585521438
2015-11-21,0.02,30.21,19.18,77.78,24.56,37.66580218939559
2015-11-22,0.04,31.29,21.33,81.07,25.85,42.26405100942782
2015-11-23,0.08,30.8,22.21,81.32,26.01,40.66447009880167
2015-11-24,0.11,31.3,22.01,80.64,26.13,42.13563877147655
2015-11-25,0.08,30.37,22.72,80.64,25.98,39.02042141660511
2015-11-26,0.08,30.32,22.22,79.53,25.71,38.519764740231054
2015-11-27,0.99,30.62,21.17,81.66,25.21,40.172832893149206
2015-11-28,2.47,30.53,22.09,80.54,25.77,39.50643429578371
2015-11-29,0.92,31.71,22.16,79.17,26.33,42.992050873727486
2015-11-30,0.08,31.2,20.98,77.98,25.77,40.8190241835797
2015-12-01,0.47,30.93,21.59,79.19,25.99,40.36130978211347
2015-12-02,0.3,30.98,22.33,81.14,26.14,41.2144634931205
2015-12-03,0.25,30.9,22.7,77.6,26.18,39.72490009782405
2015-12-04,0.84,30.64,21.3,80.99,24.97,40.01574020773122
2015-12-05,5.27,30.63,21.14,83.48,25.52,40.82568671333882
2015-12-06,3.77,30.93,23.02,83.96,26.42,42.06474671778836
2015-12-07,0.75,31.83,22.6,78.64,26.71,43.196847532856005
2015-12-08,0.48,30.8,22.38,81.87,25.7,40.855740742421816
2015-12-09,1.16,29.49,22.44,82.29,25.03,36.720967245177924
2015-12-10,0.94,29.97,22.13,80.79,25.84,37.79923899237393
2015-12-11,0.35,30.24,22.76,81.74,25.87,38.94107733404672
2015-12-12,0.29,30.65,23.3,83.31,26.18,40.83690869581368
2015-12-13,0.15,31.49,23.06,79.74,26.67,42.45099980065163
2015-12-14,2.66,31.18,21.86,82.27,26.11,42.33071170443601
2015-12-15,36.76,29.12,22.97,85.6,25.7,36.39097406168843
2015-12-16,125.06,27.19,24.07,92.35,24.99,31.56456730623814
2015-12-17,64.59,27.09,22.52,88.72,24.78,30.851931138545428
2015-12-18,1.19,27.04,21.36,82.21,23.49,30.04478014660151
2015-12-19,9.18,28.08,21.94,84.03,24.27,32.95904327879819
2015-12-20,9.92,29.25,22.28,84.83,24.93,36.61567375145522
2015-12-21,6.31,30.11,21.57,85.0,25.19,39.51836592778516
2015-12-22,0.32,29.93,21.49,81.75,25.07,37.94812668310755
2015-12-23,0.02,29.79,20.32,77.3,24.57,36.31534203774799
2015-12-24,0.0,29.62,20.25,80.42,24.38,36.630733988684824
2015-12-25,0.0,29.69,20.33,82.56,24.49,37.41598366795183
2015-12-26,0.01,29.53,19.75,82.48,23.98,36.89396368049185
2015-12-27,0.01,28.92,19.1,79.26,23.64,34.363341931659285
2015-12-28,0.01,28.12,17.84,76.31,23.15,31.82084346651717
2015-12-29,0.36,29.11,19.12,79.61,23.5,34.96196464827174
2015-12-30,0.27,29.01,17.97,79.98,23.33,34.764842150799886
2015-12-31,1.38,29.63,19.78,83.14,24.47,37.38380035547366
2016-01-01,4.45,29.91,21.52,84.12,24.97,38.57228276988144
2016-01-02,4.85,30.17,21.53,83.57,25.39,39.27632845948814
2016-01-03,1.2,29.88,21.88,81.28,25.38,37.657487592292085
2016-01-04,0.12,29.59,21.37,80.6,24.81,36.587714337713095
2016-01-05,0.05,29.44,19.75,81.2,24.2,36.291968792766845
2016-01-06,0.01,28.33,21.38,84.5,24.17,33.75078201805986
2016-01-07,0.5,29.31,21.3,80.31,24.61,35.69186531113455
2016-01-08,0.33,28.39,21.45,81.99,24.25,33.45590786143168
2016-01-09,0.0,29.24,20.8,82.5,24.37,36.01122808646727
2016-01-10,0.0,29.62,20.05,78.7,24.41,36.189285813836364
2016-01-11,0.02,29.01,20.04,82.59,24.21,35.34477416470228
2016-01-12,0.01,30.24,21.63,78.54,25.44,37.977364047533584
2016-01-13,0.03,29.54,21.84,81.85,24.96,36.76049312070277
2016-01-14,0.0,30.2,21.29,81.43,25.26,38.71653509463309
2016-01-15,0.01,29.78,20.6,78.27,24.93,36.5394980492573
2016-01-16,0.16,30.01,21.51,79.37,24.92,37.51918286845685
2016-01-17,0.16,29.73,20.04,83.37,24.6,37.767165309502076
2016-01-18,0.02,30.12,20.59,80.35,24.91,38.13972630598477
2016-01-19,0.24,30.77,21.19,80.88,25.42,40.41197362019915
2016-01-20,0.58,30.09,21.45,80.41,24.85,38.06360061662102
2016-01-21,0.07,30.72,20.1,78.7,24.89,39.51893514048707
2016-01-22,0.01,30.74,22.4,78.94,25.79,39.66170341580775
2016-01-23,0.06,30.36,22.24,81.24,25.38,39.17616592131612
2016-01-24,0.36,28.78,19.31,76.55,23.84,33.452396945339856
2016-01-25,0.31,26.98,18.1,73.58,21.34,29.122362644277775
2016-01-26,0.25,27.93,17.81,76.49,21.77,31.41196327143593
2016-01-27,0.13,29.76,18.04,77.65,23.25,36.320786880616
2016-01-28,0.11,30.43,19.13,78.67,24.15,38.59910636143907
2016-01-29,0.07,31.48,20.66,76.14,25.54,41.05949015270514
2016-01-30,0.07,31.81,21.19,77.38,25.9,42.62198879291615
2016-01-31,0.09,32.36,21.53,77.27,26.05,44.479667286999344
2016-02-01,0.02,31.77,21.4,77.06,25.69,42.36077469164468
2016-02-02,0.05,31.46,20.37,75.27,25.31,40.67973694698205
2016-02-03,0.45,30.19,21.29,79.55,25.27,38.121717432999596
2016-02-04,0.84,30.99,21.5,80.77,25.68,41.11619825013605
2016-02-05,1.14,30.16,22.48,83.28,25.64,39.15274573693833
2016-02-06,1.45,29.21,21.16,82.1,24.63,35.82516717482848
2016-02-07,0.9,26.05,19.24,78.79,22.11,27.713532306744224
2016-02-08,0.05,28.81,17.91,72.71,22.33,32.80197846649637
2016-02-09,0.18,28.41,18.42,72.85,23.03,31.929870327899877
2016-02-10,0.87,30.65,19.72,77.08,24.27,38.780522554291565
2016-02-11,1.39,30.88,19.13,77.23,24.68,39.5389673307898
2016-02-12,0.31,30.17,20.51,78.0,24.82,37.60998165297233
2016-02-13,0.0,31.32,20.14,73.41,25.12,39.599125728165305
2016-02-14,0.0,31.44,21.69,72.79,25.51,39.74433611673592
2016-02-15,0.0,30.35,20.7,74.01,25.1,36.99445136309616
2016-02-16,0.08,30.06,20.59,74.73,24.53,36.392603539787785
2016-02-17,0.08,30.1,20.7,75.95,24.62,36.83258977387428
2016-02-18,0.08,30.07,20.44,73.73,24.74,36.15597445669559
2016-02-19,0.38,31.09,20.71,73.48,25.29,38.94231473793178
2016-02-20,0.23,31.11,20.87,73.16,25.26,38.896604391741604
2016-02-21,1.08,31.39,21.34,77.56,25.26,41.28890623748722
2016-02-22,0.46,32.02,21.12,75.96,25.63,42.76074404771279
2016-02-23,0.17,32.25,22.12,72.8,25.99,42.24336154152279
2016-02-24,0.41,31.97,20.25,72.28,25.43,41.164592765593206
2016-02-25,1.8,31.7,21.1,74.23,25.34,41.05409117048421
2016-02-26,0.61,32.23,20.94,71.02,25.48,41.48175883483485
2016-02-27,0.03,32.54,19.6,70.99,25.48,42.43049388394709
2016-02-28,0.67,31.04,21.4,73.1,25.71,38.67405825510827
2016-02-29,0.66,32.24,21.89,73.44,26.11,42.467908683141815
2016-03-01,0.65,30.49,22.05,71.9,25.3,36.78421493265054
2016-03-02,0.27,29.55,21.12,71.02,24.64,34.18950303234479
2016-03-03,0.85,31.89,20.48,74.5,25.49,41.75918520210407
2016-03-04,1.03,30.87,22.92,76.82,25.97,39.3726584228803
2016-03-05,0.15,32.95,22.11,76.59,26.74,46.28673451302028
2016-03-06,0.33,33.28,22.29,71.97,26.82,45.27375144579391
2016-03-07,0.43,33.42,21.7,72.35,26.92,45.93259812281053
2016-03-08,0.0,33.78,22.42,71.9,27.48,46.96766645463605
2016-03-09,0.17,34.09,21.38,69.32,27.21,46.74700370692618
2016-03-10,0.41,33.58,22.85,72.03,27.28,46.33267610534196
2016-03-11,0.08,33.79,21.99,70.12,27.1,46.122721002580015
2016-03-12,0.29,34.61,22.62,71.4,27.51,49.69499691083911
2016-03-13,0.08,34.45,22.32,68.67,27.68,47.648868388533735
2016-03-14,0.14,32.56,21.49,71.53,26.52,42.714775541322155
2016-03-15,0.05,33.12,22.57,71.49,27.19,44.51693614669656
2016-03-16,0.33,32.86,22.87,71.81,27.18,43.80134556889858
2016-03-17,0.45,33.94,23.41,70.54,27.95,46.84415137367879
2016-03-18,0.11,34.23,23.08,70.08,27.86,47.61843589443783
2016-03-19,0.01,34.61,23.69,69.51,28.03,48.655938050947476
2016-03-20,0.0,35.59,22.91,65.94,28.47,50.122223972830476
2016-03-21,0.12,35.86,22.38,65.86,28.31,51.03516763211843
2016-03-22,0.23,35.88,22.77,66.3,28.56,51.37229775131168
2016-03-23,0.09,35.75,23.44,66.2,28.91,50.843871475724484
2016-03-24,0.12,34.47,24.47,66.98,28.3,46.844804631749106
2016-03-25,0.3,34.9,23.75,68.85,27.86,49.32686472401454
2016-03-26,0.59,33.86,22.02,69.07,26.96,45.84823974912294
2016-03-27,0.43,33.41,22.71,65.96,26.99,43.00217401138712
2016-03-28,0.24,34.02,21.01,61.12,26.61,42.70814562226752
2016-03-29,2.27,34.38,20.34,64.05,26.74,45.10850441595622
2016-03-30,2.81,34.7,22.8,67.6,28.0,47.94595062899484
2016-03-31,0.49,35.88,22.58,65.15,28.41,50.682755843552876
2016-04-01,2.41,35.34,22.58,67.04,28.37,49.871844950110386
2016-04-02,0.89,35.13,23.92,66.95,28.42,49.081840355330705
2016-04-03,0.13,35.72,23.08,62.56,28.64,48.64509592187958
2016-04-04,0.04,36.48,22.63,59.17,28.83,49.2163328317052
2016-04-05,0.32,36.65,22.14,60.82,28.83,50.7544091156558
2016-04-06,1.53,35.56,23.4,64.81,28.58,49.3694150918331
2016-04-07,0.19,36.83,22.37,62.2,29.08,52.23264389157489
2016-04-08,0.56,36.55,22.74,64.21,29.06,52.50430710086026
2016-04-09,0.21,37.05,24.04,62.81,29.55,53.414274438840266
2016-04-10,0.01,36.88,23.6,60.89,29.57,51.5845570157401
2016-04-11,0.0,37.27,24.48,58.46,30.17,51.396716940374894
2016-04-12,0.01,38.0,25.16,58.82,30.5,54.14773775063725
2016-04-13,0.0,38.49,24.83,58.95,30.48,55.99965001560476
2016-04-14,0.44,38.69,24.32,57.75,30.87,55.85892449783843
2016-04-15,0.81,38.21,26.52,60.41,31.23,56.02041219599889
2016-04-16,0.48,37.88,25.28,62.48,30.83,56.268051089480814
2016-04-17,0.21,38.51,25.96,58.98,30.99,56.094378081254554
2016-04-18,0.36,38.59,23.53,57.67,30.54,55.442944994779154
2016-04-19,0.65,37.78,24.59,60.7,30.38,54.64711653281774
2016-04-20,0.4,36.27,24.53,61.84,29.8,50.07506056032838
2016-04-21,0.12,37.78,24.27,58.11,30.13,52.905056838300005
2016-04-22,10.08,37.98,24.78,60.9,30.06,55.51872299939927
2016-04-23,3.19,36.41,23.16,64.93,29.16,52.45108617063779
2016-04-24,0.68,37.01,23.37,63.4,29.72,53.65669791226796
2016-04-25,0.43,37.31,24.72,62.12,30.23,53.901907722332375
2016-04-26,0.42,37.35,25.49,62.59,30.11,54.36439765315988
2016-04-27,0.1,37.95,23.04,56.4,29.91,52.36412825609405
2016-04-28,0.37,38.0,25.1,60.82,30.66,55.536057681908474
2016-04-29,6.26,35.64,25.99,67.24,29.95,51.06632470853712
2016-04-30,12.58,33.5,24.8,73.14,28.13,46.59480114090362
2016-05-01,8.91,35.06,24.15,69.33,29.34,50.176057224440804
2016-05-02,0.88,37.03,24.72,66.18,30.23,55.61175223443775
2016-05-03,0.38,36.38,24.69,64.26,30.19,51.92290959589311
2016-05-04,8.98,37.31,25.5,62.38,30.42,54.0760864892142
2016-05-05,4.01,36.11,23.25,68.01,29.25,53.29131965231091
2016-05-06,2.67,35.15,24.83,68.71,29.52,50.1478075693359
2016-05-07,0.82,36.47,25.14,67.16,29.88,54.11372008649977
2016-05-08,1.25,36.91,24.04,62.86,30.01,52.94050835122144
2016-05-09,1.53,35.57,24.42,65.12,29.67,49.58032198486526
2016-05-10,0.54,36.88,25.08,63.6,30.32,53.31224974593201
2016-05-11,7.91,35.76,26.0,68.37,29.84,52.195026495453895
2016-05-12,4.62,34.18,25.87,70.75,29.54,47.79074893208777
2016-05-13,4.91,36.52,25.67,67.21,29.96,54.33861695303733
2016-05-14,3.95,35.29,24.92,73.12,28.83,53.32764368820474
2016-05-15,3.28,34.15,25.58,72.33,28.95,48.51434472456804
2016-05-16,7.56,30.69,25.73,81.06,27.67,40.205635427438956
2016-05-17,5.33,35.22,24.75,71.26,29.22,51.91004882726156
2016-05-18,15.45,31.51,25.02,78.46,27.64,42.0267692646143
2016-05-19,15.19,33.22,24.27,75.11,28.48,46.55517174977658
2016-05-20,24.18,28.43,24.85,86.94,26.45,34.5188231262351
2016-05-21,3.15,31.21,24.51,81.49,27.59,42.142017426066836
2016-05-22,11.11,29.26,25.23,83.5,27.35,36.31652060990218
2016-05-23,8.89,31.37,24.89,80.68,27.79,42.3954850555922
2016-05-24,16.96,32.13,25.08,81.05,27.81,45.30576177099616
2016-05-25,7.8,32.21,24.69,79.28,27.88,44.82083621630895
2016-05-26,5.07,32.17,23.78,78.61,27.81,44.38525923504554
2016-05-27,2.14,30.96,24.59,80.32,27.72,40.85495225479167
2016-05-28,0.74,32.23,24.4,76.21,28.22,43.57401388024596
2016-05-29,6.39,31.88,25.62,78.76,28.34,43.420722237544524
2016-05-30,14.08,32.27,25.47,78.93,28.5,44.885140842130426
2016-05-31,13.31,31.29,25.56,83.72,27.87,43.29254812045945
2016-06-01,11.23,29.33,24.89,86.39,26.84,37.275329876392256
2016-06-02,7.66,31.07,24.48,82.45,27.29,42.006847352043046
2016-06-03,11.03,31.17,24.61,83.5,27.32,42.76465923557924
2016-06-04,7.1,31.4,25.43,81.68,27.82,42.890286366572255
2016-06-05,5.4,31.94,25.0,80.36,27.95,44.30366818831132
2016-06-06,8.7,30.65,24.97,82.53,27.34,40.569051968307534
2016-06-07,8.63,31.24,24.48,83.05,27.07,42.84626846406755
2016-06-08,9.64,31.57,24.61,81.38,27.35,43.38316502297362
2016-06-09,16.54,30.44,24.81,83.84,27.03,40.28595713626825
2016-06-10,1.92,31.01,23.57,83.36,27.3,42.131051242439625
2016-06-11,4.95,30.91,24.33,84.75,27.5,42.28466735413112
2016-06-12,5.52,30.4,24.86,86.49,27.0,41.036786552890206
2016-06-13,6.7,30.03,24.59,83.92,27.04,38.91344984012778
2016-06-14,0.74,30.84,24.35,82.64,27.42,41.26570819619943
2016-06-15,0.4,31.66,25.37,78.79,28.24,42.66741450518681
2016-06-16,2.35,31.41,25.35,78.14,28.29,41.570116056495095
2016-06-17,6.95,32.33,25.27,77.3,28.37,44.38684384070755
2016-06-18,3.26,33.6,24.32,75.29,28.6,48.03725291924779
2016-06-19,4.58,31.56,24.78,77.54,27.71,41.844002876819964
2016-06-20,7.81,30.21,23.92,78.4,27.04,37.84558646885395
2016-06-21,2.42,31.93,24.62,76.58,27.85,42.70806674602792
2016-06-22,4.89,30.43,24.8,80.67,27.22,39.223454645659814
2016-06-23,11.54,31.87,24.04,77.03,27.73,42.68571713907647
2016-06-24,1.79,30.73,24.31,81.87,27.27,40.61645757246535
2016-06-25,4.2,30.93,23.88,83.08,27.23,41.74163042048653
2016-06-26,9.02,31.7,24.07,80.35,27.33,43.43320017169611
2016-06-27,17.09,29.88,23.78,84.89,26.41,38.6991771659338
2016-06-28,4.78,30.28,23.79,85.51,26.67,40.27674292282385
2016-06-29,16.86,30.12,24.04,83.98,26.91,39.23487535108626
2016-06-30,5.36,32.43,24.41,76.55,27.88,44.411508888787615
2016-07-01,3.94,32.37,24.16,77.55,27.87,44.637630531818814
2016-07-02,11.67,31.15,24.63,81.93,27.56,42.09593513478542
2016-07-03,35.5,30.27,23.86,84.8,26.68,40.009982108941145
2016-07-04,4.22,29.85,23.92,81.72,26.55,37.687168281671205
2016-07-05,32.23,30.99,24.25,83.09,27.01,41.95917771201521
2016-07-06,16.8,29.2,24.03,87.32,26.24,37.08227753643168
2016-07-07,17.39,29.24,24.29,91.71,26.35,38.383956925051706
2016-07-08,30.66,27.6,24.77,93.79,26.03,33.07446594335818
2016-07-09,47.94,27.59,23.96,93.06,25.69,32.93015026937857
2016-07-10,44.91,27.51,23.97,94.67,25.54,32.90682195643085
2016-07-11,11.58,27.28,24.08,94.34,25.3,32.10021709717518
2016-07-12,3.52,29.02,23.53,88.25,26.13,36.71119003928047
2016-07-13,1.4,30.41,23.61,84.73,26.91,40.47776290904118
2016-07-14,3.85,31.5,24.41,84.93,27.38,44.580241474620266
2016-07-15,2.48,30.69,24.67,84.02,27.24,41.225263786526725
2016-07-16,4.93,31.43,24.46,82.08,27.8,43.1563390219015
2016-07-17,6.68,31.93,25.07,79.77,28.18,44.01806743823303
2016-07-18,2.11,30.92,24.3,79.91,27.54,40.57765764579786
2016-07-19,3.06,31.36,24.56,80.15,27.4,42.15784569940189
2016-07-20,2.58,31.83,23.36,77.31,27.33,42.66194623841939
2016-07-21,6.53,30.64,25.07,78.29,27.58,39.13374935642269
2016-07-22,11.08,30.53,25.06,81.86,27.37,39.937312324500105
2016-07-23,15.01,30.84,24.68,83.38,27.2,41.53052467465191
2016-07-24,11.7,30.77,24.27,82.61,27.04,41.01114688675884
2016-07-25,1.92,29.0,23.41,83.61,26.03,35.5470930319431
2016-07-26,0.09,30.23,23.46,79.66,27.18,38.27834543375022
2016-07-27,0.7,32.12,25.09,78.93,28.15,44.343746151669194
2016-07-28,1.32,31.08,25.43,82.01,27.84,41.87886401103589
2016-07-29,13.75,30.47,25.32,85.24,27.41,40.86314360501288
2016-07-30,32.69,28.75,25.66,89.38,26.8,36.07159381537687
2016-07-31,51.4,29.03,24.51,87.86,26.42,36.649111101983365
2016-08-01,35.09,29.34,23.97,88.84,26.05,37.96212705774818
2016-08-02,24.54,28.15,23.64,90.38,25.54,34.2977776269886
2016-08-03,7.58,29.37,23.59,86.53,26.54,37.445483179221675
2016-08-04,14.75,31.03,23.95,83.92,27.4,42.41328263193455
2016-08-05,9.34,30.87,24.89,87.68,27.18,43.24096233236244
2016-08-06,16.77,28.0,24.49,91.88,26.0,34.081691754462575
2016-08-07,18.81,28.3,23.92,89.97,25.56,34.70699448012748
2016-08-08,14.9,29.04,23.29,88.74,25.62,36.899796225324906
2016-08-09,29.02,27.9,23.51,90.45,25.22,33.50820593541312
2016-08-10,14.18,27.7,22.88,90.21,24.87,32.843171462317486
2016-08-11,11.98,27.93,22.73,91.84,25.49,33.8439479406596
2016-08-12,33.93,28.71,24.71,91.15,26.44,36.34183509589951
2016-08-13,54.67,27.73,24.48,94.01,25.98,33.544898153303194
2016-08-14,81.11,27.97,24.29,93.73,25.88,34.314598935361765
2016-08-15,68.44,28.06,24.38,94.99,25.93,34.86426540582473
2016-08-16,60.08,27.27,24.28,95.41,25.73,32.20734906951268
2016-08-17,44.65,27.33,24.35,94.85,25.62,32.33213604651408
2016-08-18,7.53,28.4,24.07,92.38,25.99,35.53569247860086
2016-08-19,21.67,29.3,24.22,89.68,26.5,38.04862785100855
2016-08-20,28.4,28.55,24.15,92.51,26.06,36.089393533576235
2016-08-21,14.77,30.25,24.21,87.48,26.9,40.82137640516762
2016-08-22,18.68,30.5,23.62,88.83,26.56,42.23415394069228
2016-08-23,5.45,29.74,23.95,89.46,26.41,39.57675188925065
2016-08-24,5.19,29.24,23.99,90.36,26.13,38.017857835290314
2016-08-25,4.77,28.95,23.62,89.99,26.33,36.89928581800473
2016-08-26,10.92,29.36,24.63,91.12,26.6,38.66315933930386
2016-08-27,34.48,28.93,24.37,92.07,26.24,37.34454781663414
2016-08-28,50.15,28.64,24.06,91.47,26.07,36.17137011101741
2016-08-29,52.54,27.27,23.84,92.62,25.32,31.846463020557874
2016-08-30,18.33,28.3,23.84,90.42,25.74,34.79606903750696
2016-08-31,26.83,28.01,24.34,91.5,25.86,34.04636968739616
2016-09-01,11.43,29.01,23.63,90.1,25.96,37.13554260293675
2016-09-02,2.56,29.5,23.38,88.69,26.18,38.484486382956035
2016-09-03,9.58,29.46,24.67,88.14,26.61,38.189760033860935
2016-09-04,24.91,28.61,24.48,91.28,26.24,36.024456564154725
2016-09-05,20.76,28.72,23.75,85.32,25.81,35.07467421220424
2016-09-06,2.73,29.88,23.58,82.32,26.51,37.95209698174195
2016-09-07,16.69,29.8,24.73,85.98,26.58,38.748586570328115
2016-09-08,9.71,29.56,23.59,86.49,26.34,38.0750217305325
2016-09-09,8.39,30.21,24.54,86.82,26.8,40.4563218318037
2016-09-10,3.4,29.96,24.27,85.78,26.78,39.2406108158094
2016-09-11,1.99,29.97,23.33,87.33,26.2,39.75507665002647
2016-09-12,11.07,30.47,22.28,81.09,26.52,39.48780243952509
2016-09-13,24.36,27.39,24.57,93.8,25.52,32.38573460685305
2016-09-14,17.36,28.3,23.88,90.26,25.94,34.76434069150803
2016-09-15,10.98,28.31,24.12,91.26,25.83,34.99727686937464
2016-09-16,8.52,28.3,24.25,89.38,25.76,34.59096680144566
2016-09-17,6.54,28.88,23.54,89.84,25.93,36.62119107227491
2016-09-18,6.85,29.36,23.62,88.88,26.19,38.04319784146707
2016-09-19,7.51,29.35,24.44,88.11,26.41,37.79967732944786
2016-09-20,24.16,28.43,24.5,89.21,26.16,34.97730534779467
2016-09-21,10.74,29.75,23.51,85.34,26.51,38.39196226152517
2016-09-22,2.12,30.65,23.63,82.52,26.78,40.565637227226084
2016-09-23,21.25,30.07,24.63,87.84,26.76,40.2791679494102
2016-09-24,13.05,30.13,24.58,91.16,26.67,41.609287892760555
2016-09-25,6.28,31.32,23.84,86.9,27.22,44.69690944724921
2016-09-26,6.48,28.81,24.56,92.6,26.24,37.04066337168594
2016-09-27,8.09,28.54,23.99,91.26,25.8,35.77877783770824
2016-09-28,13.93,28.44,23.85,92.11,25.6,35.617244950427526
2016-09-29,12.41,28.96,23.32,90.51,25.47,37.06254676227391
2016-09-30,12.21,29.7,22.56,85.24,25.78,38.1953227826826
2016-10-01,6.5,29.43,23.98,86.75,26.13,37.70599407767166
2016-10-02,6.81,28.95,23.64,87.21,25.99,36.22856921521968
2016-10-03,3.93,28.8,23.5,89.91,25.84,36.36371217843916
2016-10-04,33.16,29.14,23.98,90.24,25.83,37.629228072347274
2016-10-05,20.35,30.46,23.09,82.22,26.56,39.82069220250625
2016-10-06,22.17,29.6,23.66,89.98,26.02,39.217948997829644
2016-10-07,37.02,26.64,23.63,94.45,24.96,30.092458122823302
2016-10-08,26.57,27.08,23.74,93.79,25.3,31.39199599155159
2016-10-09,11.93,28.04,22.95,90.53,25.37,33.96964550390089
2016-10-10,25.91,28.26,23.58,91.73,25.58,34.92276253640494
2016-10-11,15.55,28.49,23.35,90.62,25.57,35.47053419633684
2016-10-12,22.84,28.52,23.85,87.95,25.58,35.006564746322724
2016-10-13,8.39,29.55,23.59,83.54,26.15,37.23698750386088
2016-10-14,0.59,31.03,21.16,83.39,25.92,42.214324482527395
2016-10-15,25.23,27.67,24.26,93.54,25.82,33.26805081124166
2016-10-16,70.39,26.12,24.9,92.86,25.46,28.475628189480418
2016-10-17,9.44,28.25,24.29,92.42,25.84,35.02617060929387
2016-10-18,0.76,30.98,23.62,85.24,26.86,42.72818822004399
2016-10-19,26.0,28.08,24.35,92.71,25.97,34.50222096627254
2016-10-20,111.87,26.68,24.27,95.08,25.23,30.269502363418198
2016-10-21,5.48,28.21,24.12,92.36,25.75,34.877480470696014
2016-10-22,6.82,28.75,23.76,92.62,25.87,36.82859388187684
2016-10-23,1.05,29.98,23.15,86.57,26.43,39.55387230578589
2016-10-24,0.71,30.11,23.88,89.26,26.45,40.89241300485415
2016-10-25,0.11,31.05,22.39,82.43,26.17,41.92850577300956
2016-10-26,0.09,30.64,21.88,75.89,26.28,38.37962860436554
2016-10-27,0.05,32.03,22.89,78.04,27.12,43.64822256132428
2016-10-28,0.08,31.95,22.73,81.54,26.83,44.84670239100631
2016-10-29,0.53,31.27,22.99,83.73,26.57,43.22235394748417
2016-10-30,1.33,30.65,22.67,85.3,26.05,41.533767140836005
2016-10-31,1.43,31.22,22.75,83.99,26.36,43.139128590572646
2016-11-01,0.77,30.42,22.55,81.46,25.87,39.442310283994765
2016-11-02,2.17,30.22,24.02,79.83,26.52,38.29793082863942
2016-11-03,1.26,31.31,23.2,80.61,26.68,42.15908429061367
2016-11-04,0.48,30.38,22.65,85.54,26.03,40.642665108071824
2016-11-05,0.65,29.8,23.32,83.93,26.2,38.15324108583132
2016-11-06,1.33,29.72,24.16,86.11,26.3,38.51244271730124
2016-11-07,0.47,30.16,22.63,82.04,25.73,38.77242989252213
2016-11-08,0.17,29.59,19.96,76.74,24.81,35.617817028674715
2016-11-09,0.03,29.41,20.03,74.72,24.68,34.667010664875754
2016-11-10,0.01,29.93,19.83,76.2,24.78,36.421767236225826
2016-11-11,0.91,30.78,21.49,81.82,25.51,40.769850818252905
2016-11-12,0.75,31.01,21.76,80.29,25.96,41.01273803684635
2016-11-13,0.09,30.62,20.61,74.66,25.34,37.94634282648114
2016-11-14,0.15,31.41,20.31,81.15,25.52,42.718642725611296
2016-11-15,5.47,30.73,22.56,80.36,26.64,40.10258824442734
2016-11-16,5.9,30.13,24.04,83.28,26.45,39.05256168540625
2016-11-17,3.8,30.6,23.83,85.84,26.56,41.5425819967455
2016-11-18,4.54,29.59,23.16,87.58,25.65,38.485727305966925
2016-11-19,6.73,28.34,22.85,87.09,25.14,34.27128213274355
2016-11-20,0.38,30.12,21.96,83.33,25.76,39.03455862380419
2016-11-21,0.04,31.02,22.08,82.93,25.96,42.007123853164906
2016-11-22,0.18,30.43,20.33,79.83,25.17,38.95895407565481
2016-11-23,0.1,30.53,20.46,76.91,25.45,38.36437013741017
2016-11-24,0.4,30.22,21.42,80.21,25.52,38.41164295408047
2016-11-25,6.05,29.81,22.49,83.42,25.4,38.04025310639461
2016-11-26,18.83,27.28,23.09,88.15,24.46,31.31895342761402
2016-11-27,16.32,28.01,23.7,91.18,25.35,33.98899847170854
2016-11-28,9.03,28.15,23.16,90.71,25.41,34.35974680639166
2016-11-29,4.57,29.73,22.73,85.12,25.67,38.26158297574266
2016-11-30,2.53,29.6,22.93,83.69,25.97,37.43711727020077
2016-12-01,0.23,30.77,22.18,81.95,25.79,40.780790700655224
2016-12-02,0.24,30.2,21.1,81.84,25.2,38.84159498823058
2016-12-03,0.09,30.52,20.94,81.3,25.48,39.72042028717181
2016-12-04,0.5,31.16,21.54,81.03,25.94,41.79518117574249
2016-12-05,1.87,30.35,21.81,80.0,25.97,38.757984146362794
2016-12-06,0.19,30.83,22.35,80.5,25.87,40.48215459155651
2016-12-07,1.94,30.42,22.1,84.53,25.76,40.44610343247658
2016-12-08,2.96,28.11,22.52,88.82,24.76,33.88319589595224
2016-12-09,1.07,29.73,22.31,86.77,25.35,38.73883954021394
2016-12-10,4.48,29.84,23.25,86.4,25.68,39.01146897706092
2016-12-11,6.3,29.36,23.64,83.46,26.0,36.61730198377774
2016-12-12,0.95,30.02,22.98,82.98,26.04,38.59786718927291
2016-12-13,1.21,30.16,23.07,85.73,26.04,39.924036107354105
2016-12-14,13.49,30.41,23.0,83.36,25.97,40.024125936236324
2016-12-15,4.43,28.45,22.85,87.97,24.99,34.788426661264566
2016-12-16,5.69,27.44,21.99,86.31,24.34,31.53170043534812
2016-12-17,0.75,27.13,21.14,83.28,23.36,30.370766283057417
2016-12-18,0.97,28.94,21.3,84.32,24.22,35.52654371977033
2016-12-19,0.09,29.82,20.91,81.1,24.61,37.42094478966502
2016-12-20,0.43,30.34,20.95,83.86,24.97,39.947209400597416
2016-12-21,1.01,30.72,21.65,83.42,25.52,41.12052621084849
2016-12-22,0.06,30.39,21.72,77.87,25.3,38.23309092350772
2016-12-23,0.1,29.21,18.95,80.44,23.68,35.43426690785611
2016-12-24,0.23,29.68,21.72,80.97,24.86,36.95632044878942
2016-12-25,0.91,30.43,21.83,78.77,25.37,38.629880307649074
2016-12-26,3.18,28.87,22.93,86.17,25.48,35.729717782286436
2016-12-27,1.83,29.18,23.3,87.86,25.72,37.15300002346974
2016-12-28,10.23,30.38,22.95,86.18,25.99,40.85853200723571
2016-12-29,15.48,28.49,23.04,87.3,25.5,34.777854476342945
2016-12-30,3.09,28.79,22.4,86.83,25.47,35.6248034944719
2016-12-31,2.88,30.04,21.2,82.65,25.11,38.56494324762519
2017-01-01,2.94,29.0,20.74,82.03,24.5,35.18930525562078
2017-01-02,0.02,30.12,19.59,80.35,24.23,38.13972630598477
2017-01-03,0.04,30.45,20.72,80.65,24.95,39.28187123453014
2017-01-04,0.11,30.3,20.19,81.36,24.64,39.01857341613428
2017-01-05,0.14,30.76,20.36,79.35,24.97,39.86218509292217
2017-01-06,0.2,29.28,19.87,79.93,23.98,35.51548012133682
2017-01-07,0.48,28.47,18.84,78.85,23.2,33.0964519593804
2017-01-08,0.09,29.06,18.58,77.03,23.51,34.26596300364953
2017-01-09,0.08,29.26,19.79,77.11,23.67,34.81176098440302
2017-01-10,7.46,27.48,20.02,86.06,23.8,31.608480877240012
2017-01-11,3.72,27.6,21.27,85.05,23.86,31.798334988954796
2017-01-12,2.07,30.06,20.45,84.56,24.49,39.210201383623684
2017-01-13,0.22,29.99,22.18,82.23,25.35,38.27878824496424
2017-01-14,1.82,30.16,21.32,83.08,25.24,39.09094754419
2017-01-15,4.78,30.12,21.48,82.82,25.1,38.87867458740996
2017-01-16,0.53,29.11,20.81,79.64,24.0,34.96866497046085
2017-01-17,0.82,28.51,19.4,80.05,22.97,33.420522374584834
2017-01-18,0.09,28.87,19.04,78.93,22.95,34.15995602225715
2017-01-19,0.0,29.31,17.89,78.1,23.43,35.17268262473453
2017-01-20,0.01,29.66,19.67,76.22,24.13,35.681547853103645
2017-01-21,0.0,29.32,17.94,75.86,23.26,34.69009509637021
2017-01-22,3.46,28.96,18.83,81.04,23.66,34.85533919253814
2017-01-23,9.82,27.57,21.6,84.19,23.87,31.60058861725816
2017-01-24,6.5,27.53,20.66,83.61,23.36,31.418694296242847
2017-01-25,6.91,27.7,20.61,82.76,23.26,31.74318469710349
2017-01-26,7.32,27.92,20.27,82.95,23.13,32.34890492731325
2017-01-27,0.88,28.79,19.29,79.93,23.24,34.14870016595296
2017-01-28,2.39,29.04,19.17,81.85,23.11,35.265523359929226
2017-01-29,0.28,29.23,18.96,80.69,23.77,35.5503732805095
2017-01-30,4.13,28.25,21.87,87.59,24.41,34.09002374910319
2017-01-31,8.7,28.03,22.6,90.58,24.98,33.94639966134122
2017-02-01,23.4,30.66,22.52,85.22,25.78,41.541723145840734
2017-02-02,9.16,28.84,21.84,84.66,24.69,35.29740804736349
2017-02-03,1.01,29.31,20.77,79.1,24.23,35.405475872202565
2017-02-04,0.3,28.96,20.36,80.84,23.78,34.81178083080086
2017-02-05,0.47,28.12,20.19,82.99,23.68,32.89425059128333
2017-02-06,1.72,27.27,20.41,82.97,23.62,30.68163324503458
2017-02-07,0.04,29.62,19.63,77.19,23.97,35.81110296644482
2017-02-08,0.01,28.9,19.99,77.87,24.19,34.02210547248731
2017-02-09,0.78,28.97,20.93,77.5,24.5,34.129192401439155
2017-02-10,0.39,27.96,19.47,77.53,22.9,31.63129931107525
2017-02-11,0.27,26.67,18.71,76.0,21.98,28.730497521898965
2017-02-12,0.04,27.51,17.49,75.33,21.79,30.345673931483752
2017-02-13,0.08,27.07,17.29,75.02,21.14,29.422272155669035
2017-02-14,0.03,25.8,15.8,74.44,19.74,27.135107123961852
2017-02-15,0.02,26.6,14.24,77.53,19.62,28.703043683540766
2017-02-16,0.07,28.31,15.24,77.05,21.53,32.387293337650746
2017-02-17,0.35,29.83,17.42,78.9,23.4,36.85238592780269
2017-02-18,8.54,30.34,21.12,82.94,24.98,39.650033674444785
2017-02-19,6.1,28.92,21.35,85.2,24.59,35.66529860321222
2017-02-20,3.72,30.09,20.51,82.09,24.75,38.560232776737536
2017-02-21,0.86,31.13,21.42,80.66,25.43,41.55508255624139
2017-02-22,0.05,31.43,20.29,78.89,25.31,41.91929057998075
2017-02-23,0.05,30.91,21.57,79.62,25.78,40.44401915143065
2017-02-24,0.44,31.35,21.48,79.32,26.09,41.80970856111684
2017-02-25,0.37,29.39,22.67,82.47,25.61,36.459901705977515
2017-02-26,1.36,30.19,22.42,80.68,25.51,38.45799834801883
2017-02-27,0.38,31.78,20.36,78.71,25.56,43.051094157357944
2017-02-28,2.84,31.05,21.22,79.54,25.38,40.88011952069077
2017-03-01,1.4,31.03,19.99,76.93,25.1,39.90837251397181
2017-03-02,2.49,30.31,22.17,79.02,25.37,38.33446176981249
2017-03-03,0.96,30.5,21.72,78.27,25.18,38.69207371103377
2017-03-04,3.03,30.78,20.35,78.6,24.84,39.67711398005447
2017-03-05,1.04,29.7,21.88,78.85,25.16,36.45889017708603
2017-03-06,0.01,31.05,21.04,74.86,25.59,39.276173899656115
2017-03-07,0.27,31.79,21.51,74.5,25.96,41.43966100052808
2017-03-08,0.45,31.57,20.91,75.36,25.52,41.06062741588804
2017-03-09,0.55,31.0,21.3,76.04,25.19,39.515548568350525
2017-03-10,0.11,31.63,19.08,72.72,24.9,40.28931286533128
2017-03-11,0.03,32.89,21.41,73.54,26.17,44.66590327045873
2017-03-12,0.0,33.51,20.82,73.56,26.36,46.837017948237914
2017-03-13,0.0,33.1,20.7,71.98,26.42,44.671546228803194
2017-03-14,0.17,32.73,22.84,75.16,26.74,44.842665509229064
2017-03-15,0.54,32.0,22.77,75.38,26.58,42.461819808253416
2017-03-16,0.02,31.87,21.83,72.64,26.14,40.991729608015476
2017-03-17,0.23,32.44,21.67,71.8,26.07,42.44442180694167
2017-03-18,0.25,31.13,19.32,71.81,24.68,38.51901019647797
2017-03-19,0.33,31.95,18.85,72.05,24.71,41.01685248953101
2017-03-20,0.07,32.36,17.77,70.99,24.68,41.86992376998735
2017-03-21,3.25,30.76,20.84,74.99,25.68,38.45507227091471
2017-03-22,3.1,31.78,23.19,78.45,27.02,42.946517494481796
2017-03-23,0.56,33.26,23.71,76.1,27.65,47.18587568051306
2017-03-24,0.55,32.94,23.97,75.12,27.78,45.5605577400653
2017-03-25,0.17,33.56,23.26,71.66,27.89,46.08396850509544
2017-03-26,0.12,34.11,24.44,71.22,28.3,47.787130129187695
2017-03-27,3.05,33.34,23.16,71.87,27.32,45.430915328633674
2017-03-28,0.51,32.79,21.49,70.01,26.39,42.81051810346278
2017-03-29,0.08,32.8,21.25,69.3,26.68,42.54699723967721
2017-03-30,0.03,33.64,22.02,70.55,27.12,45.82252938047278
2017-03-31,0.01,33.49,21.3,72.55,26.74,46.27204539241288
2017-04-01,0.29,32.78,22.51,69.76,27.25,42.675299531745175
2017-04-02,1.37,32.29,20.94,68.86,25.97,40.837936388150176
2017-04-03,0.02,31.7,19.39,64.19,24.83,37.6334245078771
2017-04-04,0.01,33.25,19.34,64.97,25.55,42.11244242132093
2017-04-05,0.07,33.32,20.29,66.71,26.16,43.05115352041632
2017-04-06,0.04,34.14,20.82,66.09,26.89,45.327583052462394
2017-04-07,0.0,34.85,21.64,66.91,27.87,48.092140149211446
2017-04-08,0.41,34.92,22.1,69.69,28.27,49.87065394109721
2017-04-09,0.37,35.09,23.45,69.64,28.76,50.464490851921255
2017-04-10,0.22,35.15,23.81,69.68,28.75,50.70909968464795
2017-04-11,0.1,35.0,25.01,70.3,29.02,50.51343727455555
2017-04-12,1.1,36.24,24.86,65.72,29.27,52.32664151426653
2017-04-13,1.43,36.2,22.21,63.96,28.72,51.0989090496337
2017-04-14,0.25,36.02,22.22,62.83,28.36,49.80571667290427
2017-04-15,0.23,36.32,21.52,61.45,28.62,50.014424135039675
2017-04-16,3.84,34.92,23.29,68.65,28.38,49.286917923406385
2017-04-17,4.18,33.2,23.37,73.51,28.09,45.71979668492265
2017-04-18,2.07,32.21,24.71,77.03,27.76,43.85099814264616
2017-04-19,1.42,36.04,24.61,68.97,29.45,53.639352909757115
2017-04-20,1.05,34.58,25.17,69.41,28.97,48.495613452524886
2017-04-21,0.18,35.63,24.64,66.53,29.35,50.60932245720765
2017-04-22,0.06,35.62,24.78,66.08,29.26,50.30979458112914
2017-04-23,0.18,34.67,24.29,68.95,28.81,48.56518994918804
2017-04-24,3.15,33.82,24.32,71.58,28.51,46.94776131050737
2017-04-25,4.13,34.07,24.17,71.29,28.25,47.681443916345046
2017-04-26,2.26,35.13,24.17,68.89,29.0,50.17856519977919
2017-04-27,0.85,35.96,24.6,65.81,29.36,51.36450493430837
2017-04-28,0.45,35.86,23.83,66.17,28.88,51.22148061256506
2017-04-29,2.62,36.3,23.74,68.6,29.06,54.40724642436237
2017-04-30,4.18,35.89,25.01,67.87,29.46,52.372416492594795
2017-05-01,0.53,36.5,25.57,63.7,29.83,52.003423514100646
2017-05-02,1.13,35.12,25.03,69.71,28.92,50.61568373250881
2017-05-03,4.73,36.05,24.0,68.12,29.45,53.133270682495514
2017-05-04,8.41,35.95,24.69,69.08,29.63,53.36270954190761
2017-05-05,3.97,35.22,24.41,69.79,29.22,51.033399758660636
2017-05-06,1.97,34.49,23.66,68.69,28.74,47.7976240311416
2017-05-07,3.69,35.11,24.23,69.55,29.07,50.48601205117621
2017-05-08,7.74,36.16,24.79,66.3,29.47,52.395870150358455
2017-05-09,1.64,36.59,23.67,65.58,29.63,53.53207907811168
2017-05-10,23.07,34.6,24.84,73.35,28.84,50.761541443607335
2017-05-11,4.23,33.88,23.96,73.55,28.16,48.17009440615469
2017-05-12,0.63,34.98,24.28,70.16,28.85,50.35877002773777
2017-05-13,0.52,35.38,23.9,68.5,29.07,50.86429867124291
2017-05-14,2.86,33.81,24.67,70.29,28.66,46.27380500605707
2017-05-15,0.47,34.26,24.87,71.95,28.87,48.71220509790791
2017-05-16,5.1,33.26,24.98,74.79,28.33,46.54403124363518
2017-05-17,6.38,31.07,24.88,78.42,27.69,40.55082808354819
2017-05-18,6.44,30.74,25.3,81.17,27.3,40.4104213873707
2017-05-19,12.96,30.29,25.15,82.67,27.53,39.396287265821506
2017-05-20,11.66,28.71,24.99,89.62,26.45,35.99171606164264
2017-05-21,17.01,30.54,24.61,82.27,27.0,40.10664308398466
2017-05-22,32.12,29.51,24.92,86.93,26.78,38.02694285408987
2017-05-23,13.09,29.94,24.6,86.01,26.77,39.241375549890584
2017-05-24,12.69,30.75,24.66,85.13,27.13,41.83759001666595
2017-05-25,20.96,30.14,25.06,83.39,27.15,39.119832115885366
2017-05-26,21.6,28.32,24.74,87.54,26.39,34.29647160467925
2017-05-27,29.18,29.93,24.4,86.47,26.69,39.34701824740112
2017-05-28,18.93,30.52,24.23,83.95,27.07,40.6015260452268
2017-05-29,6.19,31.94,25.05,80.4,27.98,44.32066910365971
2017-05-30,20.61,31.63,24.49,82.76,27.64,44.16892314730265
2017-05-31,4.7,30.53,24.28,82.53,27.25,40.15919515650794
2017-06-01,2.65,32.27,24.63,79.6,28.0,45.18174588901502
2017-06-02,5.88,31.81,24.68,82.16,27.85,44.589464149749595
2017-06-03,22.14,30.33,25.25,87.41,27.48,41.09318977969204
2017-06-04,25.98,29.47,24.95,85.91,27.12,37.61313841237229
2017-06-05,5.3,29.83,24.62,84.1,26.77,38.300998054523056
2017-06-06,1.68,30.95,23.81,80.84,27.44,41.00511362005414
2017-06-07,5.2,31.98,25.39,76.85,28.12,42.986067829853724
2017-06-08,2.95,32.04,24.5,80.9,27.78,44.90392551909932
2017-06-09,28.3,29.09,24.75,87.78,26.55,36.82990912690953
2017-06-10,14.42,30.58,23.82,85.0,26.79,41.17506763596197
2017-06-11,7.11,28.81,24.14,90.55,26.2,36.54884387486867
2017-06-12,0.52,30.22,23.6,85.91,26.71,40.194514756294346
2017-06-13,0.23,31.64,23.96,81.53,27.47,43.69824295115408
2017-06-14,1.83,30.85,23.88,83.38,27.31,41.56605234677477
2017-06-15,21.13,29.77,25.0,85.09,27.2,38.387131648813885
2017-06-16,2.81,31.5,24.69,80.32,27.69,42.71210895102686
2017-06-17,0.2,31.4,24.75,81.45,27.65,42.80019880450981
2017-06-18,19.31,30.1,24.05,80.47,27.09,38.11239408145295
2017-06-19,8.17,29.76,23.97,83.09,27.09,37.785434292285764
2017-06-20,4.89,30.56,24.63,83.99,27.43,40.75540092456539
2017-06-21,2.45,28.53,24.96,87.19,26.59,34.880521899540696
2017-06-22,8.89,30.27,23.8,84.19,26.87,39.81303782209064
2017-06-23,18.43,28.47,24.27,89.16,26.02,35.097091294659194
2017-06-24,0.63,31.46,22.97,80.25,27.27,42.54447747394628
2017-06-25,5.19,30.76,24.75,83.91,27.41,41.435577672958246
2017-06-26,8.15,31.73,25.13,81.92,27.93,44.19033268790943
2017-06-27,4.64,31.96,25.42,80.67,28.08,44.50908998489891
2017-06-28,19.16,30.09,23.52,83.95,26.87,39.12430501833865
2017-06-29,8.55,30.83,22.27,80.95,26.33,40.637642207255105
2017-06-30,5.19,29.93,23.8,84.35,26.8,38.70724079900488
2017-07-01,2.08,30.99,24.0,81.95,27.19,41.541434527722956
2017-07-02,22.74,28.87,24.71,89.1,26.43,36.410695289020474
2017-07-03,13.23,29.99,23.97,84.74,26.62,39.02696472490221
2017-07-04,12.36,28.75,23.68,90.15,25.67,36.24869969584821
2017-07-05,13.54,28.31,23.55,88.61,25.64,34.47249386464705
2017-07-06,3.06,29.31,23.45,87.03,26.14,37.37624511804489
2017-07-07,3.02,32.23,23.75,78.46,27.6,44.53522922014738
2017-07-08,17.17,29.9,23.84,86.19,26.52,39.15693454073351
2017-07-09,4.22,31.33,23.57,82.28,27.09,42.87311291748466
2017-07-10,4.84,29.73,23.89,84.88,26.55,38.19306063590978
2017-07-11,9.2,29.34,23.48,85.69,26.06,37.125735088462896
2017-07-12,5.27,31.1,22.9,83.54,26.72,42.52455337587097
2017-07-13,15.52,28.66,23.34,88.23,25.65,35.516704005564044
2017-07-14,7.9,28.85,23.08,88.74,25.66,36.258646887417065
2017-07-15,14.36,28.99,23.35,88.83,25.9,36.7520151351302
2017-07-16,20.45,29.6,23.52,87.37,26.16,38.46065407562883
2017-07-17,2.3,30.85,23.75,85.75,26.83,42.43470631282095
2017-07-18,10.29,30.9,23.85,84.01,26.86,41.974607167582626
2017-07-19,8.99,30.42,23.89,84.18,26.63,40.32944729744656
2017-07-20,15.53,29.21,23.27,87.22,25.8,37.09018218917
2017-07-21,4.87,29.38,23.44,87.73,25.98,37.80050892241733
2017-07-22,9.03,30.14,23.41,88.8,26.54,40.85264748868759
2017-07-23,4.21,28.53,24.65,90.56,26.28,35.59266034155213
2017-07-24,5.79,28.36,24.16,89.04,25.87,34.71676575013014
2017-07-25,15.54,27.19,23.99,90.92,25.53,31.392509726341004
2017-07-26,37.18,27.69,23.97,92.96,25.48,33.24217252190105
2017-07-27,78.93,27.31,23.73,94.09,25.51,32.16491558283079
2017-07-28,74.28,27.64,24.14,94.57,25.72,33.33024822554288
2017-07-29,40.93,27.6,24.18,93.35,25.84,33.007046885687004
2017-07-30,35.65,28.06,24.74,92.76,26.2,34.443674705277814
2017-07-31,20.79,28.59,24.01,92.51,26.22,36.23095763634009
2017-08-01,14.34,29.4,24.66,90.48,26.73,38.62989603419784
2017-08-02,28.41,27.63,24.44,92.7,25.89,33.00539770827433
2017-08-03,8.89,29.21,24.42,88.36,26.26,37.384046149946265
2017-08-04,21.11,28.82,23.13,90.62,25.67,36.60016865613212
2017-08-05,15.08,29.31,23.27,87.96,26.01,37.62188126840069
2017-08-06,18.41,28.79,23.85,90.54,26.17,36.47721305432955
2017-08-07,12.42,29.93,24.18,88.68,26.75,40.03385462303081
2017-08-08,17.42,30.17,24.46,87.74,27.01,40.613275155689884
2017-08-09,5.63,30.19,24.93,85.1,26.96,39.82762632354019
2017-08-10,1.38,30.29,24.19,85.2,26.88,40.21044197431502
2017-08-11,2.42,30.73,24.25,85.36,27.18,41.84752227045199
2017-08-12,8.06,31.09,24.55,82.6,27.65,42.13397963149727
2017-08-13,7.08,31.59,25.14,82.83,27.77,44.048618088964474
2017-08-14,14.26,29.49,24.73,87.62,26.57,38.14957686338252
2017-08-15,0.95,31.05,23.95,82.67,27.53,42.01755763549373
2017-08-16,2.88,30.64,24.97,84.49,27.59,41.2120194604298
2017-08-17,3.95,32.24,23.61,81.47,27.67,45.91048404744919
2017-08-18,19.17,31.48,25.27,83.77,27.55,44.023219952965874
2017-08-19,30.06,29.78,24.9,87.86,26.81,39.23801944722158
2017-08-20,42.71,28.4,24.04,91.39,25.81,35.32813647725865
2017-08-21,36.08,28.58,24.29,91.65,25.99,36.00303189421318
2017-08-22,34.64,28.02,23.78,90.5,25.64,33.899934964095316
2017-08-23,22.26,27.65,23.78,94.38,25.51,33.33405905056882
2017-08-24,12.57,28.09,23.74,91.23,25.7,34.26001553144186
2017-08-25,50.14,26.71,23.9,94.04,24.99,30.270786458508994
2017-08-26,41.94,26.53,22.94,93.53,24.41,29.68923030687376
2017-08-27,8.3,28.06,22.65,87.94,24.72,33.572356416085455
2017-08-28,2.49,30.71,22.71,85.46,26.26,41.810245241138
2017-08-29,2.69,31.2,23.58,83.07,26.94,42.708438367796276
2017-08-30,20.8,28.45,23.78,87.16,26.24,34.624754203142665
2017-08-31,30.81,28.24,24.33,91.68,25.83,34.84536353294083
2017-09-01,36.34,28.81,23.8,93.23,25.88,37.19434481747148
2017-09-02,6.1,29.26,23.66,89.5,26.26,37.85845090863975
2017-09-03,0.21,30.06,23.82,86.46,26.61,39.802626465134594
2017-09-04,13.58,30.14,24.02,83.1,26.73,39.03055993753466
2017-09-05,12.37,25.16,23.0,91.82,24.11,25.98429329578608
2017-09-06,1.2,28.79,22.44,87.32,25.45,35.73503153637651
2017-09-07,0.12,30.87,23.5,81.38,26.66,40.92347173815986
2017-09-08,0.38,31.8,23.7,84.01,27.43,45.349224181761464
2017-09-09,1.57,31.9,25.15,83.92,27.93,45.69903872309083
2017-09-10,2.67,32.37,24.69,81.21,28.17,46.288178514049406
2017-09-11,7.88,30.32,25.01,84.86,27.23,40.20442027669584
2017-09-12,19.49,30.26,25.3,90.03,27.37,41.72847193349342
2017-09-13,14.7,28.07,24.32,90.19,26.09,34.00471177391238
2017-09-14,6.62,28.55,24.38,89.82,26.11,35.50019129262741
2017-09-15,3.36,29.35,23.69,84.22,26.16,36.77918475388418
2017-09-16,2.45,30.17,23.47,88.61,26.5,40.90186119872777
2017-09-17,0.66,29.71,24.62,89.89,26.47,39.59662520657807
2017-09-18,4.06,29.87,24.26,89.47,26.48,40.06060213577493
2017-09-19,17.16,30.12,24.05,87.13,26.52,40.23169236318738
2017-09-20,7.82,29.83,23.53,87.68,26.28,39.36206539882653
2017-09-21,8.54,30.39,23.84,85.43,26.94,40.64144404741224
2017-09-22,18.31,30.22,25.34,86.45,27.29,40.37092357027949
2017-09-23,27.82,27.29,23.65,93.16,25.33,31.97885764337771
2017-09-24,0.24,30.61,22.43,87.53,26.28,42.18551103205408
2017-09-25,11.0,31.55,24.33,84.85,27.26,44.74011743778157
2017-09-26,6.07,30.21,23.71,86.22,26.54,40.259856990262854
2017-09-27,3.76,30.14,23.79,86.36,26.64,40.05527323802015
2017-09-28,10.97,28.87,24.01,88.71,26.07,36.3185339603126
2017-09-29,7.1,28.24,23.73,89.48,25.58,34.41751704008645
2017-09-30,1.41,29.87,24.13,85.65,26.55,38.89098420969627
2017-10-01,12.26,30.38,24.21,84.91,26.67,40.43201828821864
2017-10-02,5.9,30.37,23.16,85.28,26.56,40.51996132165284
2017-10-03,7.44,30.19,24.71,78.42,26.92,37.79108563980922
2017-10-04,2.0,31.74,23.85,80.31,27.19,43.560040344894205
2017-10-05,11.87,30.83,24.73,85.49,27.22,42.26380180884102
2017-10-06,5.52,31.49,22.94,83.48,26.98,43.941969335684036
2017-10-07,1.16,31.86,23.83,80.27,27.25,43.97537013914374
2017-10-08,2.16,29.32,23.49,88.67,25.84,37.84630545257771
2017-10-09,11.46,28.66,24.37,88.99,25.78,35.68393468323418
2017-10-10,11.47,30.81,23.99,85.83,26.72,42.31518015936356
2017-10-11,6.25,30.89,24.49,84.89,27.1,42.263144581526944
2017-10-12,20.35,28.73,24.51,88.27,26.44,35.75382966969225
2017-10-13,25.21,27.48,24.94,95.29,26.09,32.897114204657434
2017-10-14,55.22,27.92,24.62,94.09,25.77,34.207232888645386
2017-10-15,7.2,27.6,23.95,94.79,25.54,33.22894278564818
2017-10-16,6.28,30.36,23.62,88.14,26.55,41.45595868406833
2017-10-17,2.02,31.72,22.88,79.26,27.31,43.06312394884785
2017-10-18,0.47,32.06,23.4,78.65,27.69,44.01022455927896
2017-10-19,0.02,29.77,22.32,83.08,25.89,37.814769379041465
2017-10-20,1.35,30.17,24.01,85.4,26.68,39.853617267324466
2017-10-21,0.28,30.35,24.47,87.23,26.87,41.105795516310145
2017-10-22,2.28,29.71,23.28,87.37,25.82,38.84481047412796
2017-10-23,2.47,29.6,23.23,86.33,25.95,38.16614852624933
2017-10-24,0.64,30.54,22.08,81.81,25.81,39.95431404612988
2017-10-25,2.5,30.07,22.99,82.4,25.76,38.5880565751747
2017-10-26,0.42,28.19,23.05,81.54,25.05,32.83749501791515
2017-10-27,0.21,29.64,21.79,81.95,25.34,37.09487304248783
2017-10-28,0.02,29.57,22.62,84.98,25.62,37.69114912429309
2017-10-29,0.67,29.42,23.59,84.02,25.95,36.94991925622992
2017-10-30,6.52,31.43,22.77,82.31,26.4,43.24776290990327
2017-10-31,2.76,30.63,23.02,82.69,25.99,40.55491957709983
2017-11-01,30.04,28.68,23.54,85.47,25.3,34.98434575473865
2017-11-02,12.74,27.95,22.47,88.46,24.85,33.32707043421674
2017-11-03,4.47,30.17,21.78,84.73,25.81,39.64054887683354
2017-11-04,9.79,29.92,22.57,84.76,25.81,38.79569812848868
2017-11-05,22.81,28.84,23.89,89.36,25.6,36.37062758479205
2017-11-06,3.74,30.15,23.37,85.74,25.99,39.892009098136484
2017-11-07,0.85,31.27,22.9,82.62,26.38,42.788436253373796
2017-11-08,0.67,29.23,22.6,83.37,25.9,36.1920643498618
2017-11-09,5.5,29.58,22.0,82.1,25.5,36.94901000827105
2017-11-10,46.44,27.99,23.79,90.27,25.79,33.76326766507681
2017-11-11,6.14,29.23,23.27,88.1,25.89,37.38488363545988
2017-11-12,1.5,30.78,23.68,82.99,26.49,41.17979950923636
2017-11-13,0.25,30.8,22.27,84.21,26.22,41.68656101261209
2017-11-14,1.48,30.21,23.19,84.35,26.53,39.65780581478079
2017-11-15,2.56,31.4,23.7,82.68,26.92,43.2854435952465
2017-11-16,0.41,30.6,21.9,82.76,26.07,40.4756024387825
2017-11-17,1.13,30.76,23.05,83.02,26.27,41.120320698520835
2017-11-18,2.85,29.03,22.92,86.8,25.92,36.391458536724656
2017-11-19,11.01,29.34,23.73,88.8,25.77,37.95128519139996
2017-11-20,7.89,30.2,23.58,85.15,26.23,39.878524911528956
2017-11-21,8.43,29.78,22.76,84.19,26.02,38.16181044949342
2017-11-22,5.02,30.4,23.87,82.54,26.56,39.723156853977
2017-11-23,1.69,31.0,23.04,79.35,26.49,40.64716658910774
2017-11-24,2.25,30.56,22.45,84.72,25.83,41.00630537764914
2017-11-25,2.0,30.8,23.02,83.53,26.45,41.442280005605625
2017-11-26,0.72,30.63,22.47,82.63,26.27,40.53447918940093
2017-11-27,0.08,30.53,22.06,83.59,25.46,40.51460682550348
2017-11-28,0.02,30.89,21.21,81.91,25.8,41.179707755086355
2017-11-29,0.72,31.2,22.15,82.34,26.33,42.428795791799104
2017-11-30,1.63,29.52,23.77,86.98,26.14,38.074993431240685
2017-12-01,1.91,30.0,22.8,84.61,26.24,39.02147666075061
2017-12-02,0.8,30.84,22.31,81.62,26.19,40.90525338592324
2017-12-03,0.93,30.82,23.01,82.57,26.52,41.17103381597366
2017-12-04,1.14,29.77,23.27,85.44,26.16,38.48844670401425
2017-12-05,0.52,29.73,22.08,83.23,25.56,37.72813502767973
2017-12-06,0.17,30.11,21.07,81.68,25.08,38.50215410954528
2017-12-07,0.3,30.57,22.02,82.77,25.72,40.37604720266731
2017-12-08,0.81,26.75,23.87,90.75,24.94,30.097391467744085
2017-12-09,0.28,29.7,22.98,83.35,25.74,37.6650458850842
2017-12-10,0.65,29.29,22.3,84.97,25.48,36.778802489219565
2017-12-11,0.27,29.97,22.87,84.35,25.88,38.841607649119595
2017-12-12,4.37,27.7,21.13,84.52,24.26,31.993814251353367
2017-12-13,0.49,30.11,21.72,82.61,25.34,38.78198973135138
2017-12-14,0.65,29.04,21.09,80.92,24.52,35.05672646066567
2017-12-15,0.1,27.8,19.61,77.5,22.95,31.256264336795564
2017-12-16,0.01,27.31,19.28,79.32,22.82,30.365142544802193
2017-12-17,0.32,27.2,21.04,80.45,23.22,30.237019068065592
2017-12-18,7.06,27.73,21.41,82.1,24.01,31.72716439469853
2017-12-19,17.19,27.55,22.18,89.46,24.54,32.275739470381914
2017-12-20,13.43,28.91,21.92,85.29,24.5,35.65470403967021
2017-12-21,1.37,28.06,21.23,81.56,23.89,32.498439706088405
2017-12-22,0.09,29.89,20.49,80.88,24.37,37.57630878431747
2017-12-23,0.76,30.39,21.26,81.9,25.39,39.48399378705296
2017-12-24,0.47,30.8,21.9,83.18,25.94,41.31745606723559
2017-12-25,0.37,30.69,23.11,82.63,26.05,40.74107083744121
2017-12-26,1.91,29.63,22.58,84.07,25.52,37.637598684519794
2017-12-27,2.14,29.46,22.98,84.7,25.39,37.25659492302289
2017-12-28,0.56,29.96,22.4,82.53,25.16,38.26972962053819
2017-12-29,0.13,29.67,20.87,80.24,24.45,36.73314948005813
2017-12-30,0.21,28.68,19.61,80.98,23.25,34.0592142893245
2017-12-31,6.36,28.67,18.92,79.91,23.13,33.82042462773967
2018-01-01,4.42,28.28,18.54,82.37,22.81,33.22361334553506
2018-01-02,0.22,28.27,20.61,80.43,23.29,32.85824489351225
2018-01-03,0.28,26.7,20.22,82.66,22.68,29.29431842812187
2018-01-04,0.3,29.85,20.67,83.67,24.36,38.24260042191179
2018-01-05,0.56,30.4,21.59,82.49,25.42,39.706992392960515
2018-01-06,0.24,30.51,21.94,84.53,25.27,40.7634231348491
2018-01-07,0.21,29.92,20.67,80.52,25.05,37.56798672558879
2018-01-08,0.39,30.84,21.23,81.21,25.89,40.76185476816528
2018-01-09,0.76,30.32,23.41,83.48,26.18,39.755824696359554
2018-01-10,0.47,30.03,22.54,81.37,25.64,38.15514699694062
2018-01-11,0.24,29.32,20.65,77.69,24.09,35.10549033903654
2018-01-12,0.24,26.11,18.86,76.94,21.55,27.74749760858508
2018-01-13,0.15,26.11,18.3,76.95,21.09,27.7479256522613
2018-01-14,0.02,28.64,17.85,77.87,22.72,33.350183265032996
2018-01-15,0.01,29.31,19.81,78.16,24.05,35.186550888227956
2018-01-16,2.72,30.46,20.88,79.44,25.04,38.93190850786854
2018-01-17,3.19,28.18,22.38,86.55,24.74,33.68634460312775
2018-01-18,6.18,30.29,21.65,83.03,25.37,39.51036756761229
2018-01-19,0.12,29.86,20.25,77.62,24.25,36.59858021251042
2018-01-20,0.0,30.42,18.23,75.81,24.09,37.709682082557315
2018-01-21,0.31,30.8,19.87,79.89,25.01,40.17430526745619
2018-01-22,0.11,30.6,21.39,80.17,25.41,39.61391109016145
2018-01-23,0.02,30.75,22.48,75.81,25.91,38.68251451072214
2018-01-24,0.34,28.84,21.97,83.76,24.96,35.099549277625556
2018-01-25,0.06,31.12,21.71,80.7,25.82,41.53539208686742
2018-01-26,2.47,30.54,21.64,80.16,25.83,39.416236566278414
2018-01-27,3.31,28.59,22.12,84.77,24.85,34.56660522005237
2018-01-28,1.77,28.73,21.37,83.46,24.33,34.70945397247003
2018-01-29,2.49,29.73,21.83,83.66,25.15,37.84826029046201
2018-01-30,0.9,28.6,22.39,81.07,24.79,33.857123077330236
2018-01-31,0.1,29.65,21.29,80.29,24.81,36.686475063374296
2018-02-01,0.04,30.31,21.81,79.54,25.31,38.49155529413692
2018-02-02,0.02,30.74,21.54,76.99,25.34,39.027299100762235
2018-02-03,0.01,29.93,20.86,75.49,24.49,36.23574541113527
2018-02-04,0.02,30.37,20.28,74.94,24.55,37.314082700739725
2018-02-05,0.1,29.21,19.82,76.21,23.67,34.48077209600166
2018-02-06,0.12,28.35,19.23,73.8,23.17,31.949835506747736
2018-02-07,1.7,28.59,19.08,79.31,23.12,33.492576748848116
2018-02-08,0.66,28.35,20.02,81.19,23.46,33.202695415087675
2018-02-09,0.05,29.72,21.33,79.99,24.61,36.81662620592603
2018-02-10,0.01,30.55,20.86,79.55,24.8,39.25250984420677
2018-02-11,0.8,32.07,21.09,80.15,25.89,44.68866904364066
2018-02-12,0.87,30.76,21.62,75.31,25.2,38.55511316673647
2018-02-13,0.27,29.92,20.06,73.17,23.99,35.616463467212924
2018-02-14,0.4,29.11,19.98,76.23,24.34,34.226170931536245
2018-02-15,0.58,32.31,21.85,77.83,26.22,44.546687751044026
2018-02-16,0.02,32.57,21.45,76.69,26.43,44.9666518313
2018-02-17,0.03,32.7,22.17,76.92,26.66,45.53548353821454
2018-02-18,0.41,33.08,21.49,76.49,26.5,46.7142117980053
2018-02-19,0.31,32.56,20.66,72.69,25.7,43.1972699650527
2018-02-20,0.14,32.51,18.88,73.84,25.61,43.51799454148632
2018-02-21,0.06,32.86,21.5,73.85,26.61,44.70276324397051
2018-02-22,0.06,32.3,21.88,74.81,26.66,43.225543304638094
2018-02-23,0.1,32.73,22.06,73.53,26.56,44.12013440857376
2018-02-24,0.01,32.88,19.77,69.73,25.88,42.975334817865715
2018-02-25,0.03,33.06,20.32,72.54,26.18,44.7908869334322
2018-02-26,7.81,31.47,22.09,78.2,26.03,41.793254067107824
2018-02-27,3.62,31.65,21.9,78.02,26.06,42.33127639309145
2018-02-28,1.1,30.3,22.51,78.34,26.01,38.100484214279625
2018-03-01,1.43,32.47,22.19,76.72,26.68,44.62650306568375
2018-03-02,0.66,31.97,21.51,77.88,26.36,43.37289718454693
2018-03-03,0.37,32.69,21.82,76.72,26.88,45.40799064405417
2018-03-04,0.25,33.97,22.84,73.32,27.14,48.37970539211181
2018-03-05,0.03,34.1,19.9,71.39,26.63,47.83992262372364
2018-03-06,0.03,34.78,22.13,69.04,27.85,49.0039436615949
2018-03-07,0.62,33.39,22.04,74.09,27.23,46.668973867232324
2018-03-08,3.39,32.33,23.28,76.03,27.01,43.840596826437114
2018-03-09,1.55,32.3,22.25,71.83,26.18,42.01548642788143
2018-03-10,0.27,31.55,20.88,67.75,25.17,38.37257175403086
2018-03-11,0.02,31.76,19.82,65.36,24.99,38.156112729984095
2018-03-12,0.04,32.06,19.06,66.54,24.97,39.348166848766844
2018-03-13,0.03,32.31,20.12,67.23,25.69,40.28997691146377
2018-03-14,0.05,32.88,20.24,66.52,26.06,41.65979899307365
2018-03-15,0.23,33.79,21.72,66.71,26.91,44.507399709797724
2018-03-16,2.44,34.1,22.18,70.03,27.35,47.14027032656484
2018-03-17,0.87,34.49,21.48,70.23,27.23,48.617292073617534
2018-03-18,0.13,34.58,21.97,68.76,27.51,48.14751013261596
2018-03-19,0.06,34.22,22.39,69.05,27.6,47.05447844305465
2018-03-20,0.09,34.22,23.42,68.54,27.53,46.795858045209904
2018-03-21,1.34,34.0,20.94,67.88,26.78,45.735747199002304
2018-03-22,2.24,32.46,22.37,72.26,26.36,42.695732056843525
2018-03-23,0.12,31.56,20.41,62.36,25.2,36.74047104832286
2018-03-24,0.0,32.71,20.15,59.67,25.59,38.674573030092006
2018-03-25,0.0,33.19,19.04,62.16,25.55,40.823499873151675
2018-03-26,0.01,32.84,20.29,63.6,26.15,40.41730623330371
2018-03-27,0.04,32.73,21.27,65.4,26.34,40.792656687041735
2018-03-28,0.05,33.04,22.54,65.37,26.79,41.6655708041661
2018-03-29,0.12,32.22,22.38,69.32,26.5,40.80486257846834
2018-03-30,1.77,30.21,23.27,75.31,25.85,36.966525526144224
2018-03-31,1.08,31.62,22.14,70.46,26.03,39.468968071805264
2018-04-01,3.75,29.47,21.25,74.08,24.98,34.67562896337154
2018-04-02,4.02,32.04,22.6,77.0,26.13,43.252062024111815
2018-04-03,2.69,30.5,22.67,77.44,26.13,38.436072555618736
2018-04-04,8.28,31.09,23.02,78.54,26.26,40.658330710306736
2018-04-05,14.71,31.17,23.11,81.85,26.02,42.13656470867117
2018-04-06,3.27,32.6,22.26,77.38,26.45,45.38533037384054
2018-04-07,1.24,34.61,22.62,69.68,27.61,48.7481139647366
2018-04-08,0.17,34.26,21.57,64.03,27.21,44.72723469729104
2018-04-09,0.31,31.25,21.6,70.68,26.52,38.49473319319133
2018-04-10,3.16,33.63,22.74,72.33,27.73,46.654400754360246
2018-04-11,1.07,35.81,22.37,69.1,28.52,52.838544044723136
2018-04-12,0.69,36.46,22.99,67.78,28.93,54.48562291892699
2018-04-13,0.44,36.58,23.13,66.71,28.96,54.23696839021373
2018-04-14,2.76,35.42,22.5,69.87,28.46,51.83166548856681
2018-04-15,9.16,34.95,23.16,72.67,28.15,51.71385021256794
2018-04-16,1.94,35.42,23.29,70.23,28.5,52.05024777271711
2018-04-17,2.49,35.51,23.8,67.61,28.71,50.81361045245975
2018-04-18,2.24,35.05,23.51,70.59,28.4,50.868124394097194
2018-04-19,2.77,35.51,23.59,69.42,28.46,51.89832441695299
2018-04-20,0.38,36.81,22.87,65.19,29.03,54.09966775326919
2018-04-21,0.1,37.17,23.7,62.81,29.7,53.85156402085989
2018-04-22,0.85,36.64,24.57,63.6,29.77,52.442364956451215
2018-04-23,1.0,36.32,23.8,66.13,29.45,52.88071332432113
2018-04-24,2.33,35.8,24.72,67.38,29.38,51.73637273033894
2018-04-25,1.09,35.53,24.41,67.13,29.33,50.60321563276577
2018-04-26,5.84,35.11,25.12,70.93,28.9,51.2937750301744
2018-04-27,4.25,35.69,24.21,69.0,29.07,52.320343634641134
2018-04-28,4.13,37.02,24.11,66.57,29.73,55.84341033074651
2018-04-29,5.38,35.53,24.39,70.28,29.22,52.50151710434616
2018-04-30,4.17,35.2,25.17,71.57,29.22,52.020342103821555
2018-05-01,18.64,35.29,24.02,70.82,28.99,51.9123486080801
2018-05-02,3.08,35.68,24.26,72.32,29.26,54.38475594074788
2018-05-03,1.21,34.51,25.03,70.79,29.09,48.99282519369089
2018-05-04,2.3,34.91,24.31,70.4,29.06,50.23786636427992
2018-05-05,3.07,32.56,24.61,75.63,28.06,44.46111144735254
2018-05-06,4.88,33.69,23.76,73.56,28.27,47.48359841715305
2018-05-07,9.53,32.52,24.67,77.89,28.07,45.32746400903029
2018-05-08,2.15,32.49,24.73,75.93,28.14,44.34980570903129
2018-05-09,13.23,31.18,24.53,79.78,27.57,41.40328677460682
2018-05-10,0.44,35.5,23.52,68.26,28.97,51.16272309841586
2018-05-11,0.24,35.37,23.22,64.86,29.09,48.74808925283626
2018-05-12,7.11,34.0,24.53,72.53,28.66,48.074925840856004
2018-05-13,5.85,33.42,24.64,76.87,28.22,48.172462709326226
2018-05-14,2.85,34.95,24.74,70.87,29.07,50.6569026691873
2018-05-15,11.63,34.34,25.15,71.51,29.0,48.76662046678135
2018-05-16,5.47,33.3,24.71,73.98,28.58,46.29514692156539
2018-05-17,7.68,33.14,24.75,77.89,28.27,47.62642577907645
2018-05-18,2.77,30.69,24.65,82.16,27.36,40.579506468816646
2018-05-19,1.76,33.35,24.83,74.21,28.53,46.58457047883372
2018-05-20,3.49,31.91,24.52,77.6,27.9,43.05139638231393
2018-05-21,6.72,32.99,24.27,76.89,28.36,46.576479303386684
2018-05-22,8.1,31.98,25.16,80.49,27.95,44.50534139434517
2018-05-23,7.04,32.46,25.46,78.78,28.4,45.51180994062521
2018-05-24,5.03,34.28,24.33,75.82,28.79,50.93102630557042
2018-05-25,6.59,32.9,24.65,75.51,28.44,45.59983203702362
2018-05-26,5.64,33.62,24.67,73.21,28.96,47.05583870044292
2018-05-27,7.69,31.97,25.01,80.04,28.16,44.276750617938774
2018-05-28,2.1,34.83,24.8,71.96,29.47,50.83666930762869
2018-05-29,2.69,36.22,24.91,69.57,29.89,54.73591119076714
2018-05-30,4.3,34.36,24.93,75.76,28.86,51.21285594147951
2018-05-31,2.45,33.11,25.51,76.55,28.94,46.85367376988591
2018-06-01,5.1,33.57,25.18,77.32,28.94,48.98115983031688
2018-06-02,16.96,31.1,25.0,83.29,27.47,42.42970567023612
2018-06-03,5.73,31.31,25.34,79.55,27.86,41.75972985940317
2018-06-04,0.16,33.53,24.57,71.29,28.85,45.80338597638777
2018-06-05,7.54,31.53,25.52,81.49,28.06,43.28288069479467
2018-06-06,27.27,31.64,25.06,79.57,27.82,42.907054035474616
2018-06-07,2.83,31.72,25.56,84.44,27.7,45.225095956823886
2018-06-08,16.35,27.43,23.96,88.76,25.64,31.825643921710633
2018-06-09,64.48,28.73,24.1,91.44,26.15,36.47907741124008
2018-06-10,23.52,27.83,25.15,94.18,26.54,33.913673591715394
2018-06-11,19.57,28.05,24.64,92.94,26.14,34.44316402424113
2018-06-12,30.32,28.42,24.74,93.42,26.33,35.82759433218061
2018-06-13,38.64,27.72,24.61,93.47,26.0,33.42334968170244
2018-06-14,47.36,29.19,24.02,89.61,26.37,37.64098758193579
2018-06-15,61.28,28.37,24.2,93.08,26.06,35.578290016391605
2018-06-16,22.35,28.83,24.43,90.87,26.26,36.69467182386712
2018-06-17,22.06,29.29,24.65,91.76,26.44,38.582886897651534
2018-06-18,7.56,28.82,24.46,90.74,26.33,36.62872591348738
2018-06-19,2.61,29.28,24.16,86.64,26.51,37.17429344031337
2018-06-20,7.26,29.75,24.41,87.11,26.51,38.908500638245386
2018-06-21,20.17,28.89,24.17,88.65,26.19,36.3713486299081
2018-06-22,7.07,29.1,23.04,85.88,25.69,36.39504091483055
2018-06-23,16.69,28.34,23.38,87.81,25.87,34.41094417874477
2018-06-24,10.75,29.63,24.59,84.35,26.69,37.71466353962018
2018-06-25,28.74,29.18,24.48,86.06,26.35,36.69804505820872
2018-06-26,15.8,29.7,23.64,84.48,26.21,37.98040504697592
2018-06-27,7.45,29.8,22.61,86.14,25.67,38.79576432820717
2018-06-28,1.32,29.37,23.53,85.47,26.16,37.166494790255534
2018-06-29,4.52,29.26,23.67,87.09,26.12,37.22409430185293
2018-06-30,7.55,28.64,23.63,86.99,25.77,35.18425664262858
2018-07-01,6.07,29.78,22.94,85.74,26.08,38.60975932852689
2018-07-02,6.57,28.7,23.69,87.18,26.05,35.415538994885736
2018-07-03,1.7,29.13,23.71,87.64,26.14,36.9288793814254
2018-07-04,8.51,29.17,23.87,87.42,26.3,37.00728957608052
2018-07-05,3.37,28.94,23.94,88.79,26.15,36.57299971254109
2018-07-06,1.04,28.04,23.71,89.53,25.82,33.79103337738405
2018-07-07,7.0,29.58,23.97,90.95,26.05,39.43111671028257
2018-07-08,27.81,26.93,24.06,92.62,25.37,30.802050234854462
2018-07-09,33.28,29.9,23.62,86.02,26.01,39.10551887378525
2018-07-10,13.21,28.54,22.86,87.74,25.33,35.02638858858716
2018-07-11,10.1,28.34,23.31,89.84,25.82,34.81173525632366
2018-07-12,11.62,28.06,23.81,92.15,25.43,34.33055034921557
2018-07-13,15.55,27.2,23.24,91.73,25.09,31.520025991740063
2018-07-14,20.91,27.65,22.98,91.5,25.22,32.88524825317917
2018-07-15,9.05,29.14,24.21,90.86,26.24,37.79158109602712
2018-07-16,27.04,28.26,24.39,92.76,25.99,35.1287595149556
2018-07-17,39.35,26.75,24.59,94.61,25.59,30.44507218439123
2018-07-18,81.83,27.21,24.05,94.94,25.35,31.948491359971108
2018-07-19,95.81,27.57,23.77,93.02,25.57,32.858953873643706
2018-07-20,118.54,27.09,23.83,95.04,25.56,31.569173609797602
2018-07-21,77.96,27.01,24.57,95.51,25.79,31.362967663306733
2018-07-22,80.04,27.76,24.62,94.34,26.14,33.70134210288771
2018-07-23,23.53,27.27,24.33,93.73,25.6,31.988745861315483
2018-07-24,8.47,27.99,23.9,91.98,25.56,34.06653707296733
2018-07-25,26.25,27.87,23.6,89.56,25.41,33.265203451999106
2018-07-26,18.3,29.61,23.29,83.54,26.28,37.42848441819261
2018-07-27,13.46,30.19,23.28,86.22,26.19,40.18840667615394
2018-07-28,16.28,29.53,23.4,86.17,26.23,37.884878316839064
2018-07-29,6.3,29.14,23.86,88.39,26.23,37.15243446742241
2018-07-30,2.29,30.42,24.17,84.24,26.73,40.34940496799456
2018-07-31,1.89,29.63,23.88,87.5,26.39,38.60245027161889
2018-08-01,5.49,29.74,24.34,88.26,26.64,39.214906822617166
2018-08-02,10.33,28.27,24.59,91.08,26.1,34.82742586887362
2018-08-03,20.83,28.97,23.82,89.71,26.03,36.89965567857601
2018-08-04,16.26,29.78,23.62,85.85,26.44,38.64191493835227
2018-08-05,13.86,29.09,23.7,89.88,25.87,37.35990275179675
2018-08-06,3.41,29.14,22.83,89.77,25.63,37.507011318837414
2018-08-07,9.81,29.08,23.79,91.7,25.89,37.794559476591616
2018-08-08,18.8,27.84,24.37,93.72,25.66,33.868821745373396
2018-08-09,12.42,27.39,24.02,93.81,25.33,32.38711416534366
2018-08-10,32.94,27.53,23.95,94.35,25.39,32.926172446521456
2018-08-11,104.25,26.91,23.76,95.06,25.12,30.992284311863752
2018-08-12,96.06,27.16,23.94,94.56,25.41,31.73856500633754
2018-08-13,87.25,26.98,24.39,94.92,25.48,31.201004746591554
2018-08-14,33.05,27.61,23.88,93.34,25.36,33.038404590513714
2018-08-15,9.8,28.51,23.22,90.91,25.58,35.600349410084824
2018-08-16,18.26,28.14,23.09,91.63,25.39,34.5004830866319
2018-08-17,12.09,27.94,24.04,91.93,25.72,33.89256343400487
2018-08-18,22.25,27.36,23.93,92.89,25.45,32.165412874266536
2018-08-19,36.63,28.46,23.57,92.68,25.69,35.80949564917695
2018-08-20,45.92,27.52,24.02,93.12,25.63,32.71133056328338
2018-08-21,24.17,28.49,23.54,93.11,25.75,36.009373059578124
2018-08-22,20.65,28.06,23.81,93.23,25.63,34.531400161528445
2018-08-23,26.87,28.21,24.04,93.07,25.67,35.01759923163862
2018-08-24,69.93,27.89,23.94,94.13,25.59,34.110981244105034
2018-08-25,58.99,27.11,23.49,94.29,25.19,31.545431303707637
2018-08-26,27.88,26.81,23.65,94.13,24.94,30.58577624665621
2018-08-27,16.97,27.43,23.3,93.73,25.14,32.506240553897726
2018-08-28,11.33,28.69,23.03,88.88,25.62,35.75864628064855
2018-08-29,0.98,29.24,22.9,87.1,25.85,37.159722060185636
2018-08-30,1.01,29.15,22.79,86.28,25.89,36.65518097720293
2018-08-31,7.31,26.87,23.81,89.03,25.1,30.27394927342089
2018-09-01,19.85,29.99,23.0,87.75,26.13,39.959239520583644
2018-09-02,33.37,27.99,23.71,91.75,25.62,34.025380685884834
2018-09-03,34.97,28.17,23.6,91.47,25.4,34.569998519326205
2018-09-04,18.07,28.73,23.31,90.68,25.61,36.302524996979145
2018-09-05,22.09,29.5,23.48,89.13,26.0,38.60920601633912
2018-09-06,15.76,29.54,23.98,86.35,26.26,37.96832327378994
2018-09-07,14.08,28.01,23.68,88.45,25.5,33.508584644820694
2018-09-08,19.05,28.74,23.06,87.76,25.62,35.67226951280486
2018-09-09,2.12,29.41,23.67,86.75,26.07,37.638504331983874
2018-09-10,20.94,29.3,23.85,87.77,26.09,37.53730651338103
2018-09-11,3.41,29.17,23.5,87.98,26.01,37.149823474407185
2018-09-12,11.54,28.95,23.23,88.23,25.77,36.4718317593789
2018-09-13,5.72,30.19,23.47,87.36,26.17,40.56132864912162
2018-09-14,32.2,28.61,24.2,92.37,26.14,36.270137475224125
2018-09-15,226.6,25.68,23.13,94.23,24.72,27.308807413981203
2018-09-16,9.74,27.11,23.35,94.26,25.09,31.54189620764109
2018-09-17,4.01,28.99,23.0,87.32,26.1,36.38577735544028
2018-09-18,0.81,31.66,23.28,80.02,27.1,43.15743483516402
2018-09-19,10.95,31.33,23.26,83.56,26.81,43.3774816636866
2018-09-20,12.78,30.04,23.64,88.09,26.35,40.249839104604725
2018-09-21,24.26,30.56,23.46,85.37,26.57,41.2318662086351
2018-09-22,11.35,31.16,22.99,84.77,26.68,43.220613809713775
2018-09-23,0.55,29.2,24.54,88.33,26.35,37.34200670969497
2018-09-24,0.25,30.26,24.21,85.11,26.58,40.07562004462256
2018-09-25,0.73,28.96,23.73,89.02,25.88,36.696476492330554
2018-09-26,9.43,29.82,23.35,89.38,26.13,39.84715140670461
2018-09-27,1.56,29.92,23.6,86.68,26.2,39.37617614778288
2018-09-28,2.84,29.45,23.44,88.7,25.86,38.31048552638278
2018-09-29,0.11,29.65,23.52,87.0,25.88,38.52818348369786
2018-09-30,1.48,29.79,22.65,86.65,25.66,38.912016313852604
2018-10-01,5.51,28.87,23.11,88.85,25.71,36.35156383512183
2018-10-02,9.8,29.58,23.21,83.51,26.21,37.32453134512535
2018-10-03,1.43,29.66,22.29,81.65,25.53,37.07648859587701
2018-10-04,0.03,29.26,22.02,81.78,25.07,35.89754407393362
2018-10-05,0.02,28.59,20.94,85.12,24.35,34.63827608221824
2018-10-06,0.38,29.42,21.19,79.37,25.11,35.78198632592731
2018-10-07,1.09,30.34,21.88,81.16,26.03,39.086061018175116
2018-10-08,3.27,29.66,23.21,84.24,26.22,37.782168761084776
2018-10-09,2.68,30.66,23.1,83.81,26.48,41.045463601271585
2018-10-10,1.72,30.51,23.77,83.02,26.74,40.25420866533953
2018-10-11,1.08,31.56,24.18,81.99,27.29,43.59367577081173
2018-10-12,1.22,31.83,23.74,81.75,27.37,44.48957428974873
2018-10-13,0.68,32.15,23.94,79.79,27.17,44.82504217473708
2018-10-14,6.16,31.22,23.36,83.83,26.72,43.076543482635
2018-10-15,5.12,31.07,23.26,82.72,26.62,42.107482212259114
2018-10-16,2.47,29.89,24.07,86.83,26.5,39.31631492382913
2018-10-17,11.1,29.87,23.8,84.97,26.17,38.68904912049455
2018-10-18,13.36,29.85,23.65,85.57,26.32,38.798702417640826
2018-10-19,14.2,30.33,23.33,84.68,26.54,40.180367143700046
2018-10-20,1.91,30.92,24.27,81.3,27.04,41.06607163003121
2018-10-21,0.44,31.86,23.68,77.42,27.41,42.807834092062386
2018-10-22,0.0,31.67,21.36,78.2,26.32,42.46961655670396
2018-10-23,0.03,30.31,22.3,80.04,26.05,38.64376603848339
2018-10-24,0.26,30.94,21.63,79.41,26.16,40.470190237959315
2018-10-25,0.43,30.56,22.67,81.57,26.33,39.941930306169326
2018-10-26,0.05,30.68,22.6,79.8,26.31,39.75224079421374
2018-10-27,0.01,30.67,22.39,79.13,26.19,39.50009790691599
2018-10-28,0.05,29.96,19.93,77.29,25.07,36.797560573899574
2018-10-29,0.43,27.82,17.07,80.84,22.85,31.77437797501795
2018-10-30,93.08,26.24,23.19,94.42,24.98,28.89547606312265
2018-10-31,20.37,28.92,23.66,90.81,25.76,36.995980121655094
2018-11-01,2.45,29.51,22.85,88.3,25.74,38.4096985238987
2018-11-02,0.72,30.41,22.54,84.31,26.12,40.337764487594484
2018-11-03,0.16,31.34,23.05,82.21,26.71,42.881881205
2018-11-04,0.11,31.67,23.34,81.4,26.94,43.754283874074375
2018-11-05,0.07,30.81,22.37,80.8,26.08,40.518561189184595
2018-11-06,0.44,30.93,21.58,82.43,25.71,41.505537622146505
2018-11-07,0.24,30.61,21.89,80.62,25.37,39.79412126264285
2018-11-08,0.03,30.73,20.76,78.15,25.08,39.37093890151102
2018-11-09,0.07,30.29,19.89,80.94,24.49,38.85625010500734
2018-11-10,0.02,30.38,20.1,79.11,24.43,38.578829278248534
2018-11-11,0.0,30.34,18.41,78.82,24.02,38.36672020725626
2018-11-12,0.01,30.28,18.51,77.41,24.31,37.76661887627979
2018-11-13,0.03,30.86,20.91,78.47,25.65,39.88948302879591
2018-11-14,0.27,31.3,21.78,82.72,25.94,42.93622281980767
2018-11-15,0.37,31.23,21.94,83.58,25.96,43.015832332324834
2018-11-16,0.31,30.83,22.08,79.71,25.75,40.21167215314247
2018-11-17,0.15,30.62,21.3,78.11,25.43,39.013918891421774
2018-11-18,0.26,30.77,22.17,79.18,25.95,39.83780408526651
2018-11-19,0.34,30.87,21.79,80.22,25.86,40.51888324465298
2018-11-20,0.09,30.57,20.77,78.81,25.27,39.07992994011899
2018-11-21,0.87,28.56,21.19,83.23,24.76,34.169061666019424
2018-11-22,0.93,29.32,23.15,84.26,25.88,36.69430861014443
2018-11-23,1.48,29.96,22.47,85.02,25.71,39.00960988722184
2018-11-24,3.07,30.29,22.7,84.32,25.85,39.923971957042184
2018-11-25,2.02,29.94,22.73,81.67,25.55,37.956855750325744
2018-11-26,0.28,29.98,20.78,79.18,25.1,37.37535658485992
2018-11-27,0.09,30.63,21.89,81.24,25.77,40.06585207105661
2018-11-28,0.09,30.87,21.73,79.33,25.82,40.21313078374827
2018-11-29,0.02,31.4,21.19,76.75,26.13,41.02468864774565
2018-11-30,0.01,30.36,21.06,78.85,24.78,38.43753245158538
2018-12-01,0.04,30.83,20.83,77.75,24.92,39.554273280105924
2018-12-02,0.05,31.24,19.78,78.32,25.01,41.07256167343988
2018-12-03,0.2,31.37,20.31,75.94,25.46,40.63611891861884
2018-12-04,2.88,31.16,22.08,80.14,25.85,41.46711046064288
2018-12-05,0.52,31.69,22.29,80.04,26.4,43.271828247166326
2018-12-06,0.08,31.11,22.32,79.43,25.76,41.04105162398443
2018-12-07,0.22,31.72,21.37,79.48,25.7,43.15169042717844
2018-12-08,0.06,31.52,21.22,78.38,25.35,42.0300203396286
2018-12-09,0.02,31.99,20.87,74.87,25.8,42.22687294721127
2018-12-10,0.01,31.68,21.2,74.69,26.13,41.16180392300598
2018-12-11,0.06,31.57,21.78,79.0,26.09,42.43976084148857
2018-12-12,0.17,31.4,21.34,77.62,25.74,41.34394070071809
2018-12-13,2.38,31.26,21.29,78.9,25.62,41.35030775942341
2018-12-14,1.69,30.95,22.65,78.68,25.67,40.25095704809948
2018-12-15,0.35,30.15,21.79,78.17,24.88,37.59904744042681
2018-12-16,0.19,31.24,21.1,76.55,25.6,40.44038299896715
2018-12-17,0.04,30.47,21.06,77.34,25.36,38.31477144515813
2018-12-18,0.19,30.75,20.21,75.32,24.94,38.52863439956664
2018-12-19,0.14,30.15,19.75,75.81,24.46,36.93556215100999
2018-12-20,0.02,30.44,19.29,75.45,24.48,37.66197762288896
2018-12-21,4.56,31.4,21.33,80.41,25.71,42.39657484619431
2018-12-22,0.79,31.82,22.59,78.73,26.56,43.1985208689898
2018-12-23,10.56,29.31,22.83,83.95,25.47,36.58449260577037
2018-12-24,1.96,30.64,22.61,82.2,25.92,40.42254879042803
2018-12-25,0.56,31.64,22.51,78.54,26.15,42.50033920100078
2018-12-26,0.19,31.31,21.05,79.51,25.7,41.74478210549947
2018-12-27,3.39,31.28,22.86,82.58,26.3,42.80911652883506
2018-12-28,2.65,29.45,22.06,82.58,24.9,36.672295823168554
2018-12-29,5.7,26.23,21.17,77.91,23.17,28.013225885547193
2018-12-30,4.41,25.38,20.95,82.54,22.98,26.527383183097086
2018-12-31,4.37,30.29,21.72,78.26,25.0,38.046405834493726
2019-01-01,13.8,27.96,21.71,85.69,24.43,32.89612094067571
2019-01-02,1.6,30.69,20.85,80.77,24.78,40.108063365186354
2019-01-03,4.33,30.83,20.38,81.41,24.89,40.797646862437254
2019-01-04,1.28,29.51,20.27,80.59,24.04,36.34677233606088
2019-01-05,0.26,30.28,19.73,79.44,24.34,38.367877984983366
2019-01-06,0.05,30.41,20.57,75.56,24.91,37.607593950722666
2019-01-07,0.02,30.11,18.52,77.95,23.64,37.41754353576644
2019-01-08,0.21,29.98,18.87,79.17,23.62,37.372564428054815
2019-01-09,0.25,30.61,19.38,77.92,24.18,38.92264271008679
2019-01-10,0.22,30.52,19.68,76.72,24.21,38.276402986108934
2019-01-11,0.47,30.69,20.17,77.18,24.52,38.93453430327194
2019-01-12,0.11,30.74,19.08,72.82,24.53,37.734221452948816
2019-01-13,0.1,30.8,18.86,74.69,24.57,38.47881244255186
2019-01-14,0.54,30.36,19.5,76.72,24.19,37.801381475366526
2019-01-15,0.32,29.82,17.86,77.84,23.13,36.54181123877918
2019-01-16,0.13,30.09,18.7,73.8,23.84,36.22801068976258
2019-01-17,0.03,30.43,17.87,73.26,23.84,37.003811566148855
2019-01-18,0.23,29.81,18.62,76.89,23.39,36.265618974535165
2019-01-19,0.48,30.57,18.89,76.2,23.94,38.26691133207227
2019-01-20,0.39,31.43,21.12,73.69,25.18,40.026598038696704
2019-01-21,0.02,30.78,19.32,73.61,24.78,38.0865904096099
2019-01-22,0.1,31.18,20.56,72.47,25.24,38.874932358670044
2019-01-23,0.13,31.21,20.68,72.96,25.2,39.12302845648984
2019-01-24,0.05,31.54,20.3,72.32,25.19,39.87865268925899
2019-01-25,0.01,30.98,20.5,72.81,25.02,38.40947567614806
2019-01-26,0.14,30.17,20.21,70.12,24.23,35.485931014088116
2019-01-27,0.08,28.63,18.41,68.8,22.54,31.739174200756207
2019-01-28,0.02,28.85,16.47,68.87,22.19,32.203882733241855
2019-01-29,0.0,28.93,15.65,66.89,21.6,32.02530083449052
2019-01-30,3.64,29.9,15.4,70.44,22.46,34.89991908079752
2019-01-31,12.92,30.52,18.69,77.04,24.04,38.374051038769636
2019-02-01,0.79,30.05,18.96,74.01,23.77,36.17561511449778
2019-02-02,0.3,30.07,16.97,74.38,22.71,36.32709788389099
2019-02-03,1.3,30.97,18.12,76.65,24.02,39.62639568658516
2019-02-04,0.33,31.69,20.0,75.25,25.06,41.403061824734124
2019-02-05,0.0,30.8,19.93,76.0,24.56,38.8930978593956
2019-02-06,0.01,31.55,20.47,73.7,25.13,40.3959255943278
2019-02-07,0.0,31.6,19.9,71.04,24.82,39.610799814512944
2019-02-08,0.0,31.68,18.26,69.72,24.37,39.38657107068483
2019-02-09,0.0,32.2,18.62,71.3,24.76,41.49792356842807
2019-02-10,0.1,32.37,19.23,71.25,25.35,42.00390751519895
2019-02-11,0.04,32.6,20.05,71.2,25.57,42.705644548278755
2019-02-12,0.38,31.76,18.52,69.88,24.75,39.67007375389875
2019-02-13,1.41,31.75,19.96,71.79,24.89,40.316792992003414
2019-02-14,0.13,32.1,18.27,68.38,24.41,40.11101596593717
2019-02-15,0.0,31.95,16.84,67.33,23.82,39.31974323790365
2019-02-16,0.0,32.53,17.93,69.58,24.62,41.83298299098809
2019-02-17,0.02,32.44,19.42,70.37,25.27,41.87120040526611
2019-02-18,0.03,32.21,19.96,70.84,24.79,41.351402169048065
2019-02-19,0.0,32.67,18.52,67.15,24.84,41.294663023125544
2019-02-20,0.02,32.8,18.4,64.73,24.83,40.7338852409594
2019-02-21,0.01,32.09,17.59,65.63,24.36,39.115550810653815
2019-02-22,0.23,32.5,19.21,69.58,25.19,41.74189254842062
2019-02-23,0.32,32.32,20.33,66.28,25.31,39.97217522254197
2019-02-24,0.08,32.39,19.01,65.96,25.03,40.050473662184686
2019-02-25,0.0,32.18,20.12,68.65,25.34,40.439357678737586
2019-02-26,0.05,33.52,20.21,67.84,26.02,44.168646908974736
2019-02-27,0.14,33.31,18.22,64.62,25.35,42.14288279645986
2019-02-28,0.1,33.43,19.74,65.01,25.94,42.65733305181926
2019-03-01,0.01,34.23,21.64,66.12,26.76,45.630675986530065
2019-03-02,0.0,33.82,20.63,62.08,26.01,42.548635067687606
2019-03-03,0.03,33.28,19.6,60.06,25.61,40.2632038666838
2019-03-04,0.0,34.1,19.34,64.15,26.18,44.29189573578768
2019-03-05,0.01,34.56,20.92,64.38,26.97,45.834714029104674
2019-03-06,0.01,34.73,21.75,63.04,27.45,45.7098211147827
2019-03-07,0.24,34.84,21.85,66.42,27.82,47.796857790560026
2019-03-08,0.22,34.2,22.96,66.62,27.68,45.77688237208192
2019-03-09,0.0,34.73,22.64,63.41,27.76,45.8927334990664
2019-03-10,0.01,34.31,22.39,63.04,27.15,44.41756904570808
2019-03-11,0.05,33.88,20.74,66.97,26.23,44.91374949115459
2019-03-12,0.12,35.21,20.26,63.36,27.17,47.40410762584044
2019-03-13,1.68,32.29,22.7,74.58,26.4,43.096865820577996
2019-03-14,1.8,32.8,22.73,66.07,26.99,41.250299277463654
2019-03-15,3.2,31.98,23.4,72.64,26.56,41.33173292641171
2019-03-16,2.36,34.21,21.75,71.0,26.7,48.02787574996335
2019-03-17,0.38,33.83,21.76,66.61,27.03,44.587531126984146
2019-03-18,0.96,34.28,22.23,66.36,27.5,45.90944492857218
2019-03-19,0.48,35.9,22.23,61.94,27.97,48.89407479114839
2019-03-20,0.0,36.01,21.03,60.98,27.93,48.716004297416845
2019-03-21,0.11,35.79,23.24,60.93,28.22,47.97535065707797
2019-03-22,0.24,35.97,22.83,62.14,28.3,49.240155802849614
2019-03-23,0.26,35.67,23.3,63.41,28.33,48.95337841891208
2019-03-24,0.25,35.9,22.99,59.16,28.18,47.36699812092104
2019-03-25,0.07,35.65,21.6,57.6,27.86,45.79739275506616
2019-03-26,0.04,36.8,21.55,56.75,28.04,48.84824168267957
2019-03-27,0.13,36.24,20.96,58.26,28.07,47.94036514015815
2019-03-28,0.08,35.88,22.58,61.75,28.49,48.72135658394714
2019-03-29,0.01,36.34,23.78,61.71,29.15,50.23546499216663
2019-03-30,0.01,36.4,24.4,61.56,29.05,50.34995461230821
2019-03-31,1.66,35.61,24.31,63.47,28.51,48.785471174503286
2019-04-01,5.82,35.6,24.06,67.43,28.32,51.03408186355696
2019-04-02,12.49,33.49,23.22,72.52,26.99,46.25750261724846
2019-04-03,9.66,31.24,22.74,75.79,26.22,40.17421277754864
2019-04-04,2.29,32.87,22.78,70.47,27.22,43.25713588027824
2019-04-05,1.81,34.68,22.64,70.16,28.02,49.26233672461953
2019-04-06,0.2,35.74,22.97,66.71,28.66,51.11222929018228
2019-04-07,0.02,36.45,23.65,64.86,29.19,52.5526764275464
2019-04-08,0.05,37.84,24.08,63.11,29.8,56.56834813934722
2019-04-09,1.25,36.76,23.07,64.88,29.48,53.707890645895084
2019-04-10,0.16,37.93,24.86,60.72,30.44,55.20834580239179
2019-04-11,6.43,36.91,24.22,63.38,29.73,53.27816296982752
2019-04-12,20.01,30.26,25.47,81.13,27.57,38.8181739149758
2019-04-13,5.76,32.22,24.53,76.96,27.91,43.85605030455454
2019-04-14,8.76,30.75,24.08,80.58,27.01,40.243116990169284
2019-04-15,4.96,30.3,24.11,78.6,26.53,38.177897481194414
2019-04-16,0.62,34.7,23.69,68.02,28.7,48.16981069974425
2019-04-17,2.54,35.17,24.26,70.75,28.49,51.41405294111232
2019-04-18,6.38,35.36,24.55,69.59,29.15,51.437422915807424
2019-04-19,0.87,35.18,24.71,69.92,29.32,50.96094130473381
2019-04-20,0.99,35.99,24.2,67.48,29.36,52.50325030153975
2019-04-21,0.23,36.59,22.58,61.78,29.18,51.13289112777188
2019-04-22,0.17,37.41,24.03,63.79,29.95,55.411577198905235
2019-04-23,0.28,37.12,24.45,63.64,29.77,54.222084511506836
2019-04-24,0.36,37.16,23.81,63.91,29.84,54.55306249150788
2019-04-25,0.35,37.49,23.25,61.91,29.56,54.417086089485544
2019-04-26,0.14,37.59,23.88,61.02,29.79,54.17704880367659
2019-04-27,0.03,38.16,23.89,56.65,29.85,53.23809776906876
2019-04-28,0.36,37.74,23.2,58.93,29.76,53.30830624827201
2019-04-29,0.85,34.7,25.48,68.4,29.0,48.373699181243666
2019-04-30,0.07,36.98,24.31,61.21,29.78,52.132844958211116
2019-05-01,0.9,36.18,24.56,66.38,29.44,52.5199598805929
2019-05-02,10.88,34.92,25.18,73.18,28.93,51.90131843209585
2019-05-03,2.15,34.74,25.03,69.75,28.81,49.25227187364123
2019-05-04,3.73,35.16,23.82,68.61,28.66,50.1266374362655
2019-05-05,13.45,34.72,24.89,74.45,28.63,51.871416441569174
2019-05-06,15.11,30.7,24.8,83.52,27.07,41.08518612571115
2019-05-07,6.05,31.61,24.55,81.04,27.34,43.39017538106699
2019-05-08,16.44,32.17,25.42,80.42,28.11,45.17589425644698
2019-05-09,20.65,31.11,24.65,81.7,27.19,41.86933511645236
2019-05-10,7.74,31.55,24.14,79.06,27.47,42.39431989276844
2019-05-11,11.18,31.33,25.25,80.13,27.76,42.04649007006218
2019-05-12,0.99,31.16,25.33,77.22,27.98,40.42081034845574
2019-05-13,0.44,31.9,25.37,77.11,28.31,42.819398679288454
2019-05-14,0.47,34.48,25.22,70.72,29.52,48.84631076961028
2019-05-15,12.67,30.15,26.19,81.38,27.65,38.54068633824019
2019-05-16,0.23,32.95,25.01,75.6,28.47,45.819767168304814
2019-05-17,0.02,34.69,24.54,71.14,29.0,49.84481924059148
2019-05-18,0.09,34.25,25.72,70.89,29.29,48.1124987315288
2019-05-19,0.35,32.64,25.76,75.63,28.81,44.7393565016756
2019-05-20,2.2,31.84,25.89,77.58,28.29,42.803771799625494
2019-05-21,3.77,33.46,24.52,75.26,28.57,47.50378848164914
2019-05-22,3.48,35.57,24.78,70.3,29.45,52.66771327991825
2019-05-23,6.79,34.36,25.33,73.31,29.15,49.82572815645895
2019-05-24,12.58,32.52,25.36,76.86,28.42,44.865229857843445
2019-05-25,10.54,28.34,25.08,89.37,26.41,34.71801904017366
2019-05-26,25.77,30.62,24.77,83.46,27.2,40.78385533909898
2019-05-27,16.53,32.06,24.38,81.0,27.66,45.02201521479
2019-05-28,11.54,31.86,24.33,79.28,28.04,43.564184325432436
2019-05-29,9.3,30.11,25.69,79.22,27.71,37.78005099657328
2019-05-30,1.2,32.7,24.73,73.73,28.69,44.10662378849591
2019-05-31,0.61,34.89,24.63,69.5,29.58,49.65454836388767
2019-06-01,6.21,33.75,25.04,77.26,28.71,49.64941313572703
2019-06-02,8.19,33.43,24.44,75.01,28.83,47.268386846877256
2019-06-03,7.88,32.01,25.44,76.52,28.44,42.95376239517527
2019-06-04,3.43,33.35,24.25,75.3,28.66,47.12025556942417
2019-06-05,4.47,32.7,24.78,78.54,28.19,46.288130962908
2019-06-06,4.58,34.25,23.17,76.2,28.25,51.02945759735788
2019-06-07,3.72,34.41,23.67,72.82,28.86,49.74153145690506
2019-06-08,25.55,33.99,24.99,73.72,29.07,48.66497140293555
2019-06-09,11.29,32.45,24.76,78.41,28.6,45.30794956048541
2019-06-10,6.4,31.02,25.53,83.93,27.94,42.380578981616836
2019-06-11,6.69,31.74,25.01,84.78,27.95,45.4510499784782
2019-06-12,4.53,32.27,25.78,82.05,28.37,46.291232548309154
2019-06-13,14.15,30.25,25.38,85.49,27.69,40.16405755256389
2019-06-14,29.04,30.0,25.2,89.82,27.37,40.66041569102424
2019-06-15,13.9,30.0,25.23,88.05,27.23,40.09073796598611
2019-06-16,6.64,30.3,25.16,83.25,27.65,39.61418609800572
2019-06-17,3.22,28.63,24.81,87.73,26.67,35.311344572462026
2019-06-18,2.13,32.81,24.66,79.47,28.17,47.147239104957876
2019-06-19,1.18,33.56,23.87,75.8,28.6,48.150368752070335
2019-06-20,7.61,33.1,25.39,78.44,28.92,47.748802103030094
2019-06-21,3.27,32.27,25.37,82.68,28.58,46.58284636234662
2019-06-22,6.16,32.45,25.58,83.23,28.53,47.55718518473568
2019-06-23,12.41,31.54,25.14,85.3,27.97,44.89149078293696
2019-06-24,30.14,29.18,23.98,81.64,26.65,35.627453314764914
2019-06-25,9.5,28.37,24.25,86.48,26.15,34.244895754018756
2019-06-26,17.67,31.03,24.28,83.81,27.15,42.37186759116765
2019-06-27,19.79,28.49,23.92,89.79,25.8,35.29460297016054
2019-06-28,21.8,29.67,23.91,87.39,26.21,38.71049577435234
2019-06-29,35.1,30.22,23.24,87.04,26.54,40.565151486387464
2019-06-30,11.59,30.04,25.02,88.82,26.92,40.48555616420394
2019-07-01,29.1,28.31,24.85,92.88,26.43,35.32667991553015
2019-07-02,12.86,27.34,24.53,94.05,25.8,32.25711714467823
2019-07-03,0.58,29.5,23.94,87.77,26.47,38.22603495691118
2019-07-04,2.71,29.79,23.64,85.36,26.62,38.532882670881904
2019-07-05,2.52,30.21,24.09,81.45,27.05,38.75488363919893
2019-07-06,4.29,30.83,24.52,82.7,27.04,41.25208161151748
2019-07-07,3.38,30.16,24.28,83.78,26.94,39.30801008723254
2019-07-08,6.99,29.07,23.95,85.5,26.48,36.20731672344953
2019-07-09,4.72,29.33,23.7,85.03,26.54,36.92271442854698
2019-07-10,8.11,29.76,24.29,83.95,26.8,38.02777283679263
2019-07-11,4.43,30.86,24.35,83.39,27.34,41.60522201685394
2019-07-12,4.09,31.09,24.86,81.19,27.7,41.61153381369821
2019-07-13,4.52,30.7,24.33,81.36,27.48,40.34062098614934
2019-07-14,7.33,29.0,24.78,87.55,26.52,36.474118914225464
2019-07-15,3.52,29.54,23.89,85.3,26.36,37.67968751070177
2019-07-16,38.85,26.5,23.8,92.11,24.95,29.497929997179686
2019-07-17,54.44,25.75,23.43,94.22,24.68,27.500006501185883
2019-07-18,17.08,27.97,23.43,91.99,25.54,34.002136787119035
2019-07-19,19.7,29.02,24.28,91.66,26.51,37.56642371331396
2019-07-20,14.24,29.7,24.54,88.94,26.78,39.27400458455303
2019-07-21,9.46,29.51,24.48,87.29,26.55,38.1268431822408
2019-07-22,24.2,30.11,23.77,84.06,26.56,39.225785698408586
2019-07-23,4.94,29.37,24.07,88.89,26.24,38.081091620428026
2019-07-24,18.0,28.93,24.11,88.04,26.31,36.35984041859055
2019-07-25,9.01,29.79,24.12,87.05,26.56,39.030934406756984
2019-07-26,9.16,29.56,24.28,87.51,26.57,38.36142551805826
2019-07-27,25.34,28.31,24.2,88.51,25.88,34.45303231788801
2019-07-28,13.21,28.83,23.9,85.49,25.86,35.45099043608138
2019-07-29,22.21,27.3,23.39,93.56,25.06,32.062859691559964
2019-07-30,31.47,27.1,23.1,91.92,25.08,31.239309077868086
2019-07-31,8.39,27.1,23.23,93.77,25.25,31.452740193710188
2019-08-01,33.11,28.42,23.58,91.86,26.01,35.495120450211246
2019-08-02,39.94,28.98,24.3,89.13,26.3,36.79148547745732
2019-08-03,39.75,28.62,24.2,93.6,25.77,36.58774412335929
2019-08-04,17.04,29.23,23.8,91.79,26.18,38.36887195081298
2019-08-05,6.24,27.5,23.69,88.2,25.56,31.952706210444564
2019-08-06,34.88,28.23,24.06,89.68,25.98,34.42371896916619
2019-08-07,8.72,28.39,24.31,92.1,26.02,35.44221925209355
2019-08-08,30.3,28.65,24.25,93.54,26.25,36.68307458382527
2019-08-09,41.84,28.03,25.27,93.57,26.31,34.491683470172404
2019-08-10,21.88,28.32,24.72,93.8,26.15,35.55220443648277
2019-08-11,26.39,28.87,24.78,92.43,26.37,37.21660996505745
2019-08-12,38.47,28.74,24.66,92.5,26.28,36.764056885462
2019-08-13,57.35,28.17,24.48,93.48,26.17,34.95946233066572
2019-08-14,31.63,28.87,24.36,91.64,26.41,37.022339495190664
2019-08-15,4.18,28.65,24.47,92.78,26.18,36.50658069291379
2019-08-16,2.67,29.2,23.85,90.46,26.28,37.90115207931259
2019-08-17,3.26,29.12,24.12,90.84,26.4,37.71450909745801
2019-08-18,1.83,29.07,24.39,90.64,26.24,37.48410006410472
2019-08-19,6.05,28.97,24.28,88.68,26.26,36.64768962465194
2019-08-20,13.93,29.26,23.52,89.16,26.22,37.767735233220485
2019-08-21,26.62,29.22,23.42,89.76,26.13,37.786364417205874
2019-08-22,14.87,27.52,22.26,92.3,24.68,32.5917466650086
2019-08-23,26.99,28.15,23.74,92.14,25.44,34.631195413058826
2019-08-24,60.18,27.05,23.49,95.45,25.33,31.486542505226023
2019-08-25,6.58,30.05,23.23,88.02,26.47,40.26397276559168
2019-08-26,8.76,29.82,24.34,88.43,26.36,39.55469402255966
2019-08-27,8.82,29.67,23.71,90.46,26.14,39.62057626193236
2019-08-28,11.26,27.96,23.59,93.66,25.72,34.26760260786976
2019-08-29,8.11,27.37,23.27,92.44,25.06,32.13654170624896
2019-08-30,17.56,28.35,23.32,90.76,25.49,35.03013925705199
2019-08-31,18.41,27.85,23.0,91.19,25.1,33.4732527444641
2019-09-01,24.63,27.45,22.8,93.23,24.82,32.50056215899108
2019-09-02,21.67,29.46,22.79,90.39,25.49,38.823651699202934
2019-09-03,17.83,27.59,23.77,92.98,25.3,32.918028060885774
2019-09-04,7.28,28.53,23.43,90.97,25.75,35.68140331268004
2019-09-05,11.86,28.63,23.35,90.31,25.71,35.876395492156014
2019-09-06,29.53,28.48,23.66,92.11,25.84,35.756169489562744
2019-09-07,37.61,28.1,23.84,93.28,25.69,34.6783147123094
2019-09-08,48.69,28.5,24.07,93.07,25.93,36.0361640301001
2019-09-09,66.9,27.39,24.02,95.04,25.52,32.55795636070306
2019-09-10,29.82,27.83,23.61,90.7,25.32,33.3281407449074
2019-09-11,11.04,28.16,23.26,92.3,25.35,34.695753398459914
2019-09-12,17.17,28.12,23.52,92.27,25.74,34.55469436034625
2019-09-13,11.8,29.35,24.17,89.07,26.52,38.05981735279462
2019-09-14,3.98,28.62,24.1,90.59,25.99,35.90473349912584
2019-09-15,15.94,28.7,23.55,90.38,25.83,36.13057231956384
2019-09-16,17.89,28.96,23.89,89.46,25.91,36.80384766471397
2019-09-17,25.62,27.51,23.92,93.42,25.46,32.7227064523107
2019-09-18,45.75,26.34,23.49,92.97,24.74,29.099895363415687
2019-09-19,37.85,27.54,23.24,93.15,24.86,32.780728124249464
2019-09-20,11.91,27.64,22.61,91.96,24.89,32.92393973748632
2019-09-21,5.18,26.67,22.54,83.81,24.46,29.314681326137322
2019-09-22,0.23,29.11,22.23,84.18,25.4,36.01704596638387
2019-09-23,0.18,30.13,23.04,84.55,26.4,39.44631000288374
2019-09-24,0.5,29.41,24.1,87.29,26.43,37.78419237834315
2019-09-25,2.22,31.55,23.61,83.44,26.97,44.15096416857669
2019-09-26,1.68,30.87,23.39,84.44,26.77,42.023762566305344
2019-09-27,1.59,30.86,23.74,86.34,27.07,42.69320688310776
2019-09-28,8.26,29.79,24.21,88.55,26.67,39.482599487588544
2019-09-29,7.16,28.72,24.47,91.36,26.3,36.425401100178355
2019-09-30,4.15,28.5,23.93,89.38,25.86,35.24118521775972
2019-10-01,4.67,29.76,23.74,86.37,26.47,38.725517391842494
2019-10-02,15.45,28.65,24.11,85.52,26.18,34.903245300944064
2019-10-03,12.97,28.72,23.58,86.35,25.58,35.29750097197955
2019-10-04,16.58,28.99,23.51,85.14,25.73,35.869874240032495
2019-10-05,6.61,29.31,23.72,83.96,26.18,36.58700916214725
2019-10-06,5.44,29.96,23.22,83.13,26.54,38.445638581442296
2019-10-07,0.47,31.86,21.78,78.26,26.7,43.14679633391196
2019-10-08,0.21,31.78,21.07,81.66,26.29,44.26616472927738
2019-10-09,1.7,31.72,23.62,81.93,27.12,44.157510294296
2019-10-10,2.08,31.44,23.12,81.94,26.74,43.13701217956856
2019-10-11,1.05,29.12,24.04,87.35,26.02,36.822836825887926
2019-10-12,0.6,29.83,22.8,83.41,26.18,38.10246657358461
2019-10-13,0.82,31.34,21.54,80.59,26.11,42.256069491091324
2019-10-14,2.92,31.21,22.81,81.14,26.58,42.010333966966584
2019-10-15,0.57,31.16,22.49,80.8,26.44,41.709988604665924
2019-10-16,0.24,31.29,21.29,80.4,26.09,42.01017260294046
2019-10-17,0.11,31.44,22.03,79.2,26.52,42.071131902525124
2019-10-18,0.05,31.67,22.4,78.82,26.95,42.71378957786624
2019-10-19,0.83,31.84,23.7,81.43,27.21,44.39079578361193
2019-10-20,5.97,31.57,23.93,80.13,27.33,42.88357223785319
2019-10-21,4.95,31.13,24.05,80.86,27.23,41.62855875148721
2019-10-22,0.33,29.83,23.88,86.11,26.38,38.89033634904892
2019-10-23,0.62,29.83,23.64,85.23,26.37,38.630300674684825
2019-10-24,0.39,29.12,24.26,79.98,26.52,35.072963203617796
2019-10-25,3.63,31.96,22.74,80.7,26.9,44.52194246464147
2019-10-26,0.55,31.83,22.16,79.63,26.6,43.60198359183706
2019-10-27,0.49,31.86,21.45,77.24,26.7,42.73575974371574
2019-10-28,2.3,31.14,23.6,80.09,26.87,41.380810441841845
2019-10-29,3.58,28.13,23.01,86.69,25.62,33.56243980494157
2019-10-30,4.61,29.91,23.64,85.13,26.2,38.87231572623752
2019-10-31,1.41,31.78,23.79,81.07,27.15,44.01895589263473
2019-11-01,7.76,30.2,24.51,82.68,26.79,39.100143251829266
2019-11-02,10.27,30.19,23.58,85.49,26.28,39.952625426968
2019-11-03,7.94,28.35,23.37,90.11,25.69,34.898695158495634
2019-11-04,33.03,28.27,24.02,89.62,25.96,34.541086857535134
2019-11-05,24.23,28.55,23.89,89.19,26.06,35.365059655861984
2019-11-06,11.32,29.7,23.78,89.11,26.1,39.32485623474609
2019-11-07,8.34,27.82,23.6,89.17,25.43,33.04774089675229
2019-11-08,4.23,29.84,22.82,83.9,26.18,38.276179679113824
2019-11-09,10.82,29.91,22.72,84.54,26.11,38.69653620332833
2019-11-10,9.44,26.22,23.35,91.87,24.52,28.702196704504576
2019-11-11,2.87,27.55,22.77,86.55,24.84,31.868014998885037
2019-11-12,2.23,29.28,22.15,83.83,25.21,36.4604875933
2019-11-13,0.48,29.11,21.33,80.3,24.75,35.116827091018116
2019-11-14,2.08,29.05,22.64,80.61,25.12,35.016117565198684
2019-11-15,0.25,30.96,22.87,80.5,26.44,40.91853559335805
2019-11-16,1.01,30.8,22.46,81.18,26.39,40.616026584594444
2019-11-17,0.55,29.82,23.52,86.74,26.34,39.04345425469965
2019-11-18,0.89,29.13,23.84,87.62,25.96,36.923852312049874
2019-11-19,0.59,30.5,23.03,85.69,26.12,41.12571415601994
2019-11-20,12.89,28.51,23.1,88.78,25.39,35.147775957348635
2019-11-21,0.99,28.77,22.13,86.44,25.06,35.4744409562918
2019-11-22,2.07,29.07,22.05,86.87,25.45,36.53917033410872
2019-11-23,3.42,30.34,23.73,82.2,26.46,39.413812024145116
2019-11-24,2.95,31.14,24.02,81.61,26.95,41.94107211786986
2019-11-25,0.92,30.9,22.81,83.21,26.32,41.68229044976158
2019-11-26,0.39,30.81,22.3,81.36,25.86,40.71225840362938
2019-11-27,2.92,31.3,22.31,81.59,26.04,42.4983135167454
2019-11-28,0.55,30.65,22.68,81.97,25.61,40.378579684774756
2019-11-29,0.02,29.03,20.25,79.61,24.2,34.73968769774464
2019-11-30,0.06,28.66,18.53,78.12,23.15,33.44865517042403
2019-12-01,0.06,28.85,18.54,78.51,23.29,34.02084078104617
2019-12-02,0.07,30.62,20.27,80.55,24.92,39.80388592740749
2019-12-03,18.26,25.67,22.31,81.92,24.06,27.07821151036281
2019-12-04,15.73,28.67,24.35,89.64,25.91,35.861800192488246
2019-12-05,3.97,29.79,23.35,87.27,25.96,39.09661322189136
2019-12-06,1.36,29.11,22.97,88.18,25.48,36.997365382804524
2019-12-07,0.07,29.93,21.14,82.32,25.0,38.11214176140892
2019-12-08,0.03,28.92,20.2,78.96,23.61,34.300506135956866
2019-12-09,0.04,28.94,19.23,79.08,23.48,34.379706693136555
2019-12-10,0.02,28.87,19.5,80.78,23.73,34.54577600761917
2019-12-11,0.0,29.42,20.79,81.74,24.65,36.36743241174681
2019-12-12,0.04,30.44,21.01,81.71,25.39,39.588608546208064
2019-12-13,0.69,30.79,22.33,80.17,25.85,40.23642203357149
2019-12-14,0.66,30.56,21.84,81.58,25.54,39.945233916179234
2019-12-15,0.41,31.03,21.53,83.21,25.43,42.14709082804991
2019-12-16,0.12,30.68,20.76,82.68,25.07,40.723781106857764
2019-12-17,0.03,30.29,20.89,80.4,24.92,38.69045748900603
2019-12-18,0.26,29.38,20.13,78.99,24.19,35.576780933033405
2019-12-19,2.7,30.13,21.46,78.8,25.18,37.71978621604508
2019-12-20,4.69,29.64,21.55,80.64,24.83,36.74813125477019
2019-12-21,1.75,30.12,20.86,81.43,24.89,38.45956200844309
2019-12-22,0.07,30.02,21.21,78.06,25.25,37.18272644713308
2019-12-23,0.03,30.38,20.55,79.05,25.11,38.56047008237555
2019-12-24,0.06,30.32,21.3,77.56,25.35,37.92986842075879
2019-12-25,2.36,30.77,21.22,82.09,25.47,40.82947168531348
2019-12-26,4.48,28.25,23.04,87.36,25.09,34.04685440658998
2019-12-27,4.05,29.49,22.17,85.51,25.41,37.57143418565185
2019-12-28,2.13,30.17,22.16,85.28,25.29,39.815310441756786
2019-12-29,0.53,29.8,21.4,83.84,24.88,38.12749165557328
2019-12-30,0.31,30.34,19.93,80.33,24.65,38.82804223901442
2019-12-31,0.31,30.12,20.19,80.08,24.33,38.0605606728636
2020-01-01,0.14,30.66,20.85,80.85,24.88,40.03536910591328
2020-01-02,0.04,30.17,20.73,79.0,24.58,37.8990837476963
2020-01-03,0.0,28.57,18.56,78.36,22.98,33.26291678915531
2020-01-04,0.4,29.75,17.79,80.91,23.18,37.153740720162574
2020-01-05,0.24,28.76,19.0,81.33,22.76,34.35251167398292
2020-01-06,0.23,29.95,18.65,78.86,23.72,37.19680328141487
2020-01-07,0.11,30.98,19.21,77.7,24.54,40.012162127498144
2020-01-08,0.13,30.36,20.64,76.78,25.01,37.819015747177936
2020-01-09,0.05,30.87,19.39,76.9,24.67,39.39894937754461
2020-01-10,0.23,30.56,20.08,80.6,24.82,39.62376152892662
2020-01-11,0.75,29.78,21.23,82.64,24.88,37.72348444811694
2020-01-12,0.57,29.5,20.41,82.61,24.36,36.83478181345
2020-01-13,0.19,29.45,21.24,79.76,25.0,35.963662454585126
2020-01-14,0.07,30.41,20.54,77.56,24.89,38.20026039549079
2020-01-15,0.09,30.7,19.86,76.8,24.75,38.844474313712034
2020-01-16,0.01,30.68,19.43,76.58,24.72,38.7143374877728
2020-01-17,0.09,30.71,21.27,79.69,25.47,39.81321894324658
2020-01-18,0.04,30.8,22.12,81.14,25.75,40.60220373397985
2020-01-19,0.32,30.21,21.89,78.3,25.38,37.81647344858706
2020-01-20,0.57,30.47,20.33,76.8,24.83,38.15130903387065
2020-01-21,0.71,29.7,19.23,78.09,23.7,36.26302592305336
2020-01-22,0.09,29.59,17.32,72.77,22.89,34.67950500500798
2020-01-23,0.05,29.97,17.3,73.89,23.07,35.930472495341256
2020-01-24,1.77,30.84,18.87,78.58,24.44,39.86232488586875
2020-01-25,3.34,30.94,21.52,81.17,25.54,41.08827178357509
2020-01-26,2.06,30.3,21.81,82.04,25.44,39.231001805870314
2020-01-27,0.57,30.34,20.41,76.41,24.39,37.65205644623373
2020-01-28,2.6,29.53,20.27,76.96,24.06,35.50691421144134
2020-01-29,4.27,28.81,19.79,77.21,23.44,33.656897356270115
2020-01-30,2.2,27.74,18.82,77.74,22.2,31.15116081939891
2020-01-31,0.12,27.46,17.98,74.31,22.25,30.126155430981314
2020-02-01,0.05,27.6,18.02,71.27,22.29,30.056060220376008
2020-02-02,0.07,28.49,17.76,71.86,22.35,31.9434807050648
2020-02-03,0.06,28.49,17.65,72.06,22.34,31.97612299041287
2020-02-04,0.01,28.94,15.36,71.63,21.96,32.89761081437397
2020-02-05,0.02,30.54,17.71,73.64,23.93,37.41731710294357
2020-02-06,0.41,31.2,20.0,74.93,24.98,39.75445601091471
2020-02-07,3.47,31.11,21.52,78.49,25.57,40.70614094642514
2020-02-08,2.87,31.98,22.48,81.2,26.17,44.81129462351046
2020-02-09,1.84,27.98,20.52,79.33,24.06,31.94720372200458
2020-02-10,0.34,29.19,19.46,72.49,23.26,33.64526300959776
2020-02-11,0.07,29.82,17.71,71.31,23.2,34.910185330876416
2020-02-12,0.01,30.4,17.55,72.02,23.6,36.577558754265084
2020-02-13,0.21,30.56,18.2,74.54,23.66,37.73826893937257
2020-02-14,0.41,31.29,18.46,77.82,24.38,41.055759346681334
2020-02-15,0.03,31.76,20.27,74.7,24.93,41.419693581812716
2020-02-16,0.0,32.01,18.86,75.04,24.99,42.35952135582011
2020-02-17,0.08,31.72,21.68,76.28,25.86,41.891893808031256
2020-02-18,1.33,31.08,20.04,69.72,24.56,37.72873598156723
2020-02-19,0.26,30.65,18.57,68.28,24.01,36.19928878142496
2020-02-20,0.22,30.97,17.27,66.45,22.96,36.48721541489929
2020-02-21,2.05,30.72,16.65,73.11,22.78,37.7651172452419
2020-02-22,0.38,30.44,16.32,70.97,22.42,36.395721712651756
2020-02-23,1.65,31.35,16.85,74.15,23.59,39.943647631747424
2020-02-24,1.36,32.28,19.89,73.45,25.44,42.60127204423364
2020-02-25,0.69,31.73,20.65,72.35,25.5,40.458483019060395
2020-02-26,1.01,32.51,17.9,72.11,24.93,42.79426637733859
2020-02-27,0.34,32.4,20.12,72.86,25.23,42.74877010668875
2020-02-28,0.0,32.58,17.83,67.31,24.76,41.09469096754841
2020-02-29,0.0,33.08,19.5,70.41,25.62,43.90512963486954
2020-03-01,0.0,33.13,20.95,71.69,26.14,44.64052660317272
2020-03-02,0.07,33.85,20.95,70.76,26.51,46.64293921886466
2020-03-03,0.73,33.1,21.3,68.67,26.21,43.213280203720345
2020-03-04,1.39,32.86,21.44,71.58,26.24,43.70156652037801
2020-03-05,0.67,34.0,21.58,69.01,26.74,46.28788452099539
2020-03-06,90.62,33.75,20.74,74.12,26.32,47.9889076481046
2020-03-07,25.71,31.34,22.58,79.68,26.45,41.910963292174834
2020-03-08,0.0,31.8,23.25,79.92,26.77,43.61451178719835
2020-03-09,0.12,32.42,22.96,77.8,27.36,44.92660939494913
2020-03-10,2.87,32.19,23.79,77.99,27.31,44.18997718272073
2020-03-11,2.57,33.06,22.7,78.54,26.86,47.64576385847842
2020-03-12,0.12,32.73,21.91,74.82,26.34,44.69042618559444
2020-03-13,0.05,33.26,20.6,72.57,26.63,45.48564576520388
2020-03-14,0.06,33.35,23.14,72.27,27.43,45.65339995441319
2020-03-15,2.43,28.08,23.52,86.29,25.26,33.3445629753592
2020-03-16,0.81,31.41,22.07,75.76,25.83,40.69825571411718
2020-03-17,1.3,31.9,21.08,71.8,25.53,40.77176309824691
2020-03-18,0.58,32.44,21.62,72.15,26.31,42.58680129979654
2020-03-19,0.04,33.79,21.16,69.89,26.93,46.01084508827447
2020-03-20,0.0,34.3,21.37,67.42,27.47,46.50087946197138
2020-03-21,0.01,34.22,22.08,70.69,27.34,47.90095037377356
2020-03-22,0.0,34.31,21.49,69.72,27.47,47.71087867298703
2020-03-23,0.07,34.57,22.54,70.42,27.87,49.00775167723351
2020-03-24,5.4,32.08,23.27,75.87,26.72,42.925295583362185
2020-03-25,1.5,33.08,21.85,73.1,26.46,45.11464563745631
2020-03-26,0.27,33.53,20.65,69.13,26.28,44.78893737449103
2020-03-27,1.79,33.96,21.31,70.76,27.01,47.02422251912334
2020-03-28,2.75,34.05,22.98,68.94,28.01,46.421679332077765
2020-03-29,3.09,34.38,23.17,71.89,27.8,49.11859365469589
2020-03-30,0.0,35.05,21.71,69.83,27.74,50.426929698872385
2020-03-31,0.03,35.3,22.96,67.22,28.28,49.832774704780185
2020-04-01,0.12,35.78,22.42,67.95,28.44,52.0112281014543
2020-04-02,0.44,35.18,23.18,69.08,28.42,50.47059505567032
2020-04-03,0.01,36.01,21.3,62.25,27.96,49.43701927258516
2020-04-04,0.11,35.72,22.01,65.04,28.31,50.05582789460763
2020-04-05,2.02,35.14,23.46,66.93,28.11,49.1056292631622
2020-04-06,0.98,33.67,22.26,70.58,27.42,45.938643228144784
2020-04-07,0.49,33.95,22.94,70.54,27.54,46.87875569363557
2020-04-08,4.87,34.85,22.98,69.99,28.08,49.78495643722239
2020-04-09,6.83,33.28,24.38,72.97,27.87,45.742880414267944
2020-04-10,4.35,33.38,24.04,72.68,27.79,45.951818593739226
2020-04-11,1.21,34.83,22.69,70.07,28.12,49.75705393274368
2020-04-12,1.15,34.3,23.95,69.78,27.91,47.7072212957213
2020-04-13,3.02,33.49,23.66,72.94,27.44,46.46173264462714
2020-04-14,0.62,32.29,21.91,68.92,26.14,40.8605224800215
2020-04-15,9.43,33.61,22.94,75.04,27.09,47.94596575020125
2020-04-16,2.11,33.61,23.72,73.58,27.96,47.20521280332639
2020-04-17,4.53,34.38,23.14,71.45,28.09,48.879593418848074
2020-04-18,29.85,32.97,23.78,76.67,27.72,46.397817790578316
2020-04-19,3.11,32.71,24.04,77.07,27.82,45.64053073250798
2020-04-20,1.97,32.38,23.72,78.52,27.7,45.1027371397024
2020-04-21,0.18,34.85,23.14,70.62,28.64,50.14174860401236
2020-04-22,3.23,35.31,23.87,73.29,28.93,53.514554231848514
2020-04-23,7.07,30.32,25.16,84.56,27.17,40.106161368616796
2020-04-24,11.34,33.23,24.4,77.34,28.05,47.69183517258393
2020-04-25,9.0,34.1,23.35,77.23,27.92,51.018734269746595
2020-04-26,4.1,32.67,24.05,76.25,27.84,45.123136550285864
2020-04-27,3.87,34.4,24.38,75.91,28.17,51.45860063807798
2020-04-28,6.93,33.41,22.66,76.84,27.05,48.119192038803575
2020-04-29,4.8,33.71,21.01,74.89,27.12,48.23980757983392
2020-04-30,4.5,34.44,23.32,73.58,28.13,50.28034031279007
2020-05-01,4.45,33.83,23.26,74.7,27.92,48.58791017358149
2020-05-02,1.63,35.17,23.57,70.97,28.53,51.54509921666567
2020-05-03,1.64,34.81,24.51,72.46,29.07,51.051124230630684
2020-05-04,1.82,35.13,25.06,74.03,29.5,53.25317498412638
2020-05-05,0.64,36.04,25.01,72.27,29.87,55.82108472303898
2020-05-06,0.86,35.46,24.88,71.89,29.74,53.231848552792115
2020-05-07,3.24,32.86,26.16,77.58,29.22,46.42726133966773
2020-05-08,2.41,33.35,25.64,77.26,29.04,48.10613424121837
2020-05-09,10.85,34.28,25.26,78.63,28.98,52.56864349721795
2020-05-10,13.41,33.22,25.55,80.22,28.64,49.12808241221979
2020-05-11,3.32,32.33,25.14,79.43,28.34,45.32678243541828
2020-05-12,2.25,34.87,24.56,73.48,29.2,51.88477831981351
2020-05-13,7.73,33.54,25.82,71.59,29.23,45.98145925154758
2020-05-14,2.88,33.35,24.62,78.01,28.63,48.49107731910304
2020-05-15,22.31,32.09,25.47,78.45,28.13,44.031931013685906
2020-05-16,49.88,29.4,24.9,85.88,26.93,37.372942845786945
2020-05-17,1.03,31.09,24.35,84.19,27.67,42.735844182158324
2020-05-18,0.9,31.68,25.59,82.03,28.07,44.051278615983854
2020-05-19,5.96,31.77,25.84,77.36,28.29,42.47874978720731
2020-05-20,6.82,31.92,25.53,78.77,28.38,43.565428253553286
2020-05-21,5.32,31.97,25.19,80.74,28.36,44.57588636581003
2020-05-22,9.17,32.22,25.0,80.25,28.28,45.28616082714185
2020-05-23,9.18,31.44,24.38,82.93,27.69,43.532627564705564
2020-05-24,7.39,30.9,24.98,85.8,27.46,42.6405887454185
2020-05-25,0.78,32.75,24.65,78.1,27.98,46.266646549766826
2020-05-26,1.05,32.75,24.71,75.78,28.5,45.19288447173699
2020-05-27,4.26,31.95,24.98,79.6,28.15,44.018419308759725
2020-05-28,2.15,30.51,25.16,79.36,27.99,39.064886683814684
2020-05-29,4.47,33.61,24.26,74.8,28.74,47.82305284339647
2020-05-30,2.48,32.49,25.29,81.74,28.03,47.001359450088884
2020-05-31,1.72,33.47,24.69,75.74,28.43,47.78354685170906
2020-06-01,5.49,33.04,23.31,74.97,27.95,45.84449171190639
2020-06-02,14.34,33.21,24.48,78.36,28.48,48.13055752000609
2020-06-03,5.78,32.5,25.53,80.3,28.17,46.36098029573634
2020-06-04,3.5,32.53,25.35,76.54,28.53,44.7583232798334
2020-06-05,7.7,32.86,25.74,77.56,28.75,46.4177515866015
2020-06-06,4.2,34.01,24.93,75.16,28.98,49.51464348795581
2020-06-07,2.06,33.53,24.83,76.64,28.75,48.47162589845199
2020-06-08,11.96,32.23,24.63,79.84,28.04,45.1409843632093
2020-06-09,5.24,33.44,25.01,77.45,28.75,48.54797434386631
2020-06-10,4.23,33.74,24.82,74.84,28.86,48.32546668594534
2020-06-11,12.99,32.65,25.03,77.53,28.12,45.634840161137966
2020-06-12,57.97,27.67,24.35,91.18,25.81,32.89925131818276
2020-06-13,18.22,30.12,24.16,85.73,26.73,39.783330435699675
2020-06-14,22.2,31.63,23.96,83.0,27.18,44.268911062832586
2020-06-15,7.68,32.02,23.46,79.61,27.41,44.27469042688024
2020-06-16,6.48,31.18,24.35,80.99,27.62,41.849761837416196
2020-06-17,3.7,32.08,23.98,79.92,28.0,44.625660293628975
2020-06-18,6.08,33.21,24.39,79.13,28.31,48.5238493506686
2020-06-19,19.75,32.04,25.08,81.19,28.02,45.03057395541418
2020-06-20,11.71,30.45,24.43,81.59,27.3,39.58300955949657
2020-06-21,3.14,31.35,24.48,81.97,27.66,42.82418046274371
2020-06-22,2.46,30.81,25.27,81.96,27.9,40.921549479584215
2020-06-23,7.43,30.67,25.46,83.31,27.87,40.90677138642565
2020-06-24,12.98,30.32,25.08,83.39,27.45,39.726869865838616
2020-06-25,7.88,30.35,24.54,82.72,27.27,39.61312094229565
2020-06-26,15.07,31.64,23.91,81.44,27.36,43.66141757065842
2020-06-27,8.68,30.37,23.88,84.96,26.61,40.41336030520891
2020-06-28,14.09,30.25,23.85,84.51,26.73,39.846880054070624
2020-06-29,16.93,29.58,23.73,87.32,26.14,38.37702777465255
2020-06-30,4.28,30.31,23.43,87.39,26.43,41.01241590175807
2020-07-01,0.85,30.47,23.61,84.63,26.96,40.65590107358417
2020-07-02,2.72,30.98,23.69,82.26,27.47,41.619250768684765
2020-07-03,9.08,31.4,24.09,82.64,27.39,43.26952890645139
2020-07-04,31.61,29.55,23.71,85.93,26.3,37.885896971478765
2020-07-05,30.87,29.28,23.61,86.08,26.21,37.02984070236997
2020-07-06,9.99,30.81,23.32,82.48,27.16,41.10440643050171
2020-07-07,0.91,32.55,23.91,79.28,28.09,46.07455069982845
2020-07-08,4.82,30.77,24.59,80.15,27.21,40.16364385205475
2020-07-09,2.37,30.07,24.09,79.07,27.39,37.61568746937376
2020-07-10,23.51,30.32,24.44,84.58,27.12,40.11269920469076
2020-07-11,8.32,29.37,24.81,86.49,26.54,37.43488219738575
2020-07-12,2.28,30.17,24.33,87.83,26.86,40.64297431367281
2020-07-13,29.31,27.81,23.92,92.53,25.98,33.56709719652223
2020-07-14,7.99,29.66,23.44,85.31,26.4,38.08130660997766
2020-07-15,3.28,31.74,24.53,77.9,27.99,42.59012352478393
2020-07-16,3.33,31.49,24.02,81.73,27.22,43.2343356160681
2020-07-17,11.52,30.21,23.94,85.07,26.91,39.88777161046734
2020-07-18,14.44,32.29,24.27,79.68,27.66,45.29114442911401
2020-07-19,11.01,31.64,23.69,80.9,27.21,43.441466436299834
2020-07-20,2.91,30.66,23.1,81.28,26.51,40.17943983299566
2020-07-21,12.94,32.53,23.31,76.29,27.42,44.64756989194885
2020-07-22,1.65,31.98,24.6,81.17,27.58,44.798303537507806
2020-07-23,5.73,30.78,24.58,83.92,27.45,41.51056056224629
2020-07-24,7.84,31.14,24.22,82.38,27.2,42.22963663079362
2020-07-25,11.76,30.6,23.69,82.97,27.21,40.54689238642786
2020-07-26,8.81,30.88,24.66,82.42,27.46,41.326960775427985
2020-07-27,7.27,32.42,24.34,80.2,27.93,46.01192393662863
2020-07-28,28.82,29.56,24.82,87.42,26.74,38.33599641592538
2020-07-29,26.7,29.27,23.95,88.11,26.15,37.524388531625014
2020-07-30,28.41,29.12,23.55,89.27,25.98,37.30837100365809
2020-07-31,27.32,27.24,24.09,91.67,25.5,31.634446479313812
2020-08-01,9.25,27.62,23.23,89.53,25.18,32.496151728183236
2020-08-02,5.63,27.65,22.84,90.73,25.2,32.7677708442935
2020-08-03,3.39,28.97,23.38,88.9,25.99,36.70122507782275
2020-08-04,6.08,30.54,23.84,86.58,26.66,41.58303151693532
2020-08-05,7.8,30.78,23.36,85.42,26.71,42.05319950713337
2020-08-06,9.52,31.04,24.07,82.46,27.21,41.90419075134117
2020-08-07,29.57,30.6,23.36,85.79,26.42,41.52489423871001
2020-08-08,10.7,29.67,23.48,87.74,26.36,38.81239799744634
2020-08-09,30.33,27.56,24.84,94.23,26.13,33.00833691719074
2020-08-10,14.44,28.87,24.34,91.56,26.28,37.00277328091334
2020-08-11,8.11,29.93,23.72,87.2,26.57,39.57164519935525
2020-08-12,13.16,30.36,23.82,86.76,26.64,40.982491059673485
2020-08-13,16.14,29.61,24.12,87.62,26.3,38.56702118662565
2020-08-14,39.67,27.47,24.19,92.42,25.59,32.44992847369195
2020-08-15,66.36,26.67,23.45,92.55,24.96,30.0227224003887
2020-08-16,23.58,29.36,23.85,85.25,26.19,37.07660480307754
2020-08-17,11.63,29.14,23.46,87.65,26.05,36.96492437615734
2020-08-18,6.86,28.51,23.51,86.14,25.98,34.603796243828214
2020-08-19,21.29,30.62,23.85,83.33,26.91,40.73919831555971
2020-08-20,21.74,29.94,24.24,85.05,26.58,38.95047826503237
2020-08-21,20.34,28.52,23.81,89.03,25.91,35.232878006727084
2020-08-22,3.83,29.61,23.17,87.7,26.25,38.58998292097819
2020-08-23,1.11,29.86,23.59,87.28,26.62,39.347248039065896
2020-08-24,1.59,29.39,24.5,87.5,26.53,37.772662013170006
2020-08-25,0.99,29.37,24.02,86.63,26.6,37.472010723355915
2020-08-26,2.66,30.08,24.06,85.59,26.76,39.599157417270334
2020-08-27,1.72,29.57,24.2,86.45,26.53,38.097836873705134
2020-08-28,0.44,29.7,24.12,84.81,26.71,38.07344622660694
2020-08-29,4.85,29.1,24.12,84.93,26.28,36.165330220497935
2020-08-30,24.44,28.9,24.05,91.27,26.13,37.03837590162708
2020-08-31,4.66,29.37,23.41,88.58,26.03,37.996461795004564
2020-09-01,4.12,29.71,23.05,88.02,26.12,39.03634027795725
2020-09-02,4.14,30.17,22.99,86.91,26.48,40.34106426163879
2020-09-03,10.85,30.89,24.24,83.77,27.12,41.85059986632834
2020-09-04,5.21,30.59,24.31,86.72,26.83,41.81855930296019
2020-09-05,10.21,30.22,24.36,88.35,26.75,41.00194709375765
2020-09-06,5.57,29.92,23.95,87.84,26.59,39.73429269859813
2020-09-07,9.33,30.82,24.48,84.86,27.11,41.995316450588184
2020-09-08,11.93,28.62,24.88,86.57,26.56,35.032212292579594
2020-09-09,3.44,32.08,24.78,76.98,27.82,43.38100390716355
2020-09-10,7.99,29.2,24.14,88.38,26.5,37.35495492528981
2020-09-11,1.67,30.85,24.12,85.23,26.95,42.24166579463127
2020-09-12,12.37,30.17,24.35,87.32,26.68,40.47515072362293
2020-09-13,2.96,30.74,24.14,84.28,27.11,41.495966776699284
2020-09-14,7.55,30.8,25.21,84.72,27.54,41.8713019519632
2020-09-15,27.66,29.31,24.5,85.53,26.96,36.98647733173706
2020-09-16,12.75,29.49,24.72,88.2,26.75,38.31138999983878
2020-09-17,8.45,28.54,24.14,91.52,25.92,35.83569076308733
2020-09-18,8.65,29.95,23.44,87.26,26.18,39.66163755342569
2020-09-19,5.74,31.49,22.42,84.37,26.53,44.30859010260107
2020-09-20,5.35,32.17,24.36,82.2,27.76,45.97391294059933
2020-09-21,2.94,31.31,24.68,84.64,27.62,43.734365473929614
2020-09-22,5.28,30.68,24.7,86.97,26.98,42.24666025407831
2020-09-23,16.86,29.28,24.64,88.51,26.36,37.664595160366716
2020-09-24,10.98,30.64,24.62,88.42,26.96,42.62653107867162
2020-09-25,55.75,29.28,25.12,91.54,26.59,38.48496006445772
2020-09-26,35.23,30.14,23.65,85.43,26.78,39.758208956037954
2020-09-27,11.2,28.78,25.02,85.47,26.96,35.29171609802533
2020-09-28,8.33,29.21,24.5,86.09,26.51,36.80328130329295
2020-09-29,17.39,30.6,23.39,86.3,26.53,41.705877151164984
2020-09-30,20.32,30.39,24.38,87.75,27.01,41.433549953382595
2020-10-01,29.67,29.33,24.62,88.47,26.54,37.82729954516299
2020-10-02,10.67,29.92,22.83,83.15,26.26,38.32073202656975
2020-10-03,9.44,28.25,24.43,90.64,25.89,34.6745991858877
2020-10-04,3.12,31.2,23.19,78.99,27.26,41.18271786454755
2020-10-05,10.76,31.81,24.57,83.0,27.35,44.949505248301506
2020-10-06,3.23,31.14,23.45,84.26,27.18,42.94759795094418
2020-10-07,5.78,28.34,24.9,91.15,26.25,35.075877234628194
2020-10-08,8.2,31.82,23.31,84.35,27.05,45.57623425377844
2020-10-09,7.2,30.03,23.5,86.74,26.19,39.78430636214717
2020-10-10,20.57,29.07,24.26,90.15,26.14,37.35865284017548
2020-10-11,51.44,26.32,23.37,95.3,24.7,29.183467174194714
2020-10-12,28.07,27.72,23.45,92.29,25.14,33.2334543540545
2020-10-13,3.35,30.51,22.93,84.55,26.12,40.77024036060724
2020-10-14,6.04,30.02,22.67,84.28,26.31,38.988972326589966
2020-10-15,20.34,30.44,23.3,86.22,26.16,41.0902617594375
2020-10-16,11.74,30.41,22.31,86.33,26.1,41.01860104612802
2020-10-17,56.96,28.0,23.53,91.35,25.55,33.98674621603967
2020-10-18,16.66,30.11,24.2,86.19,26.62,39.89426361235687
2020-10-19,2.1,31.32,23.6,83.17,27.18,43.186057710536346
2020-10-20,34.32,29.69,25.21,86.09,26.97,38.404279146341445
2020-10-21,43.23,27.57,24.59,95.62,26.1,33.254842048570424
2020-10-22,31.26,28.45,24.46,94.17,26.01,36.098390695672855
2020-10-23,18.34,28.8,24.71,91.04,26.44,36.63022718985547
2020-10-24,14.94,28.58,24.44,89.29,26.12,35.485323448323626
2020-10-25,9.82,29.83,24.11,88.83,26.29,39.713943866330254
2020-10-26,14.68,28.16,24.35,89.46,26.07,34.15814771188942
2020-10-27,5.01,27.38,23.71,93.01,25.28,32.24530259053896
2020-10-28,24.91,28.85,24.24,90.21,26.09,36.60640794663849
2020-10-29,12.31,31.28,24.0,85.0,27.06,43.76518942711405
2020-10-30,7.55,31.18,24.07,84.61,27.12,43.23292625720998
2020-10-31,6.19,31.08,22.85,80.87,26.28,41.46006354491782
2020-11-01,21.45,27.28,21.46,86.72,24.62,31.146095282067368
2020-11-02,1.16,26.95,24.19,90.77,25.35,30.67128428947632
2020-11-03,1.55,29.37,23.46,86.82,26.05,37.52251180249007
2020-11-04,16.23,29.33,23.26,87.01,26.05,37.43825573286215
2020-11-05,5.67,29.17,22.58,85.41,25.46,36.50441933299968
2020-11-06,0.08,29.76,23.56,86.43,26.24,38.74311331814177
2020-11-07,2.84,30.8,23.91,81.62,26.77,40.7686104423957
2020-11-08,13.3,29.77,23.31,88.81,26.22,39.48900814261144
2020-11-09,22.25,28.81,24.33,89.53,26.36,36.30883879367427
2020-11-10,6.96,29.63,23.86,86.77,26.13,38.39330713287814
2020-11-11,15.99,29.96,24.03,83.94,26.09,38.685508086802834
2020-11-12,54.23,26.95,24.81,86.46,25.97,30.239848965422887
2020-11-13,5.26,28.45,23.85,89.44,25.9,35.08986998612389
2020-11-14,1.21,30.16,22.86,87.27,26.2,40.422345451365004
2020-11-15,1.75,31.27,22.32,86.57,26.34,44.3634945603926
2020-11-16,1.47,31.17,22.46,86.84,26.08,44.08120131991451
2020-11-17,0.21,30.66,21.62,84.59,25.73,41.31878594857761
2020-11-18,0.12,30.83,22.27,84.44,26.13,41.87841279663636
2020-11-19,0.15,30.91,23.59,82.1,26.64,41.316910470842814
2020-11-20,0.29,31.57,23.19,81.01,26.91,43.23433874934956
2020-11-21,0.69,30.79,22.02,82.24,26.39,40.95073187904817
2020-11-22,0.94,29.99,21.09,80.91,24.73,37.895992568884544
2020-11-23,27.18,28.83,20.85,83.38,23.97,34.9871372232321
2020-11-24,24.16,29.4,21.46,81.52,24.5,36.25218318896549
2020-11-25,3.38,29.41,20.34,81.86,24.08,36.36735039233466
2020-11-26,5.53,30.5,19.74,80.19,25.21,39.296780361578776
2020-11-27,5.05,30.79,23.42,83.61,26.42,41.435346316160484
2020-11-28,16.65,30.31,23.69,86.21,26.28,40.61559336417281
2020-11-29,4.36,30.54,23.2,82.02,26.3,40.02373009789771
2020-11-30,1.78,29.72,21.3,80.77,25.03,37.024546157572324
2020-12-01,0.65,29.79,20.17,77.02,24.91,36.24299450327998
2020-12-02,0.42,31.23,21.85,79.6,26.29,41.50655247966777
2020-12-03,16.48,27.37,23.62,91.26,25.1,31.97895696197145
2020-12-04,6.54,28.9,23.39,87.16,25.69,36.05408316058358
2020-12-05,11.87,29.55,23.51,83.49,26.11,37.22364192585772
2020-12-06,3.64,31.09,23.16,84.93,26.59,43.020556383255936
2020-12-07,6.19,29.36,23.16,86.24,26.16,37.33555068909529
2020-12-08,5.88,29.08,23.51,86.7,25.84,36.53031322758258
2020-12-09,1.64,30.96,22.37,82.47,26.24,41.625440636210335
2020-12-10,3.41,29.14,23.78,85.14,26.06,36.342561656273475
2020-12-11,1.24,30.32,22.79,83.6,26.13,39.79448854714555
2020-12-12,2.3,30.43,23.58,85.88,26.34,40.93755811729487
2020-12-13,21.33,29.32,23.12,85.07,26.1,36.900749194092924
2020-12-14,15.13,30.35,23.38,85.76,26.4,40.60902081123146
2020-12-15,9.84,29.46,22.42,86.33,25.58,37.69333933690246
2020-12-16,15.23,28.8,21.74,84.92,25.05,35.23252852148719
2020-12-17,5.66,29.35,22.31,83.24,25.13,36.53059793535676
2020-12-18,6.74,29.93,22.36,84.37,25.51,38.713189099801916
2020-12-19,25.19,26.85,22.66,86.46,24.36,29.98120161739235
2020-12-20,9.04,25.53,22.64,87.43,23.71,26.86027770133408
2020-12-21,5.43,29.0,22.12,85.89,25.07,36.07748490284985
2020-12-22,0.7,30.51,23.4,82.73,26.29,40.15765205846651
2020-12-23,1.6,29.82,22.64,87.65,25.64,39.317301168390514
2020-12-24,3.97,29.72,23.43,87.36,25.91,38.87697696783953
2020-12-25,4.03,30.95,22.96,85.17,26.25,42.58989700872291
2020-12-26,7.59,30.58,22.71,84.69,26.24,41.06732475529838
2020-12-27,9.5,28.63,23.64,84.45,25.55,34.620067550934124
2020-12-28,1.76,26.83,23.2,91.64,24.76,30.408626541697963
2020-12-29,1.27,29.15,22.9,86.0,25.79,36.5857919428295
2020-12-30,7.7,27.54,22.21,91.41,25.02,32.52566872798316
2020-12-31,1.58,25.48,19.67,82.33,21.87,26.716887709142995
2021-01-01,0.34,25.84,19.33,84.79,21.99,27.49334582230281
2021-01-02,0.14,28.1,20.59,82.6,23.53,32.77484449779242
2021-01-03,1.48,30.13,21.14,82.83,24.94,38.91473303202039
2021-01-04,1.05,30.11,21.85,81.98,25.44,38.59201329148166
2021-01-05,0.21,30.79,21.86,83.58,25.75,41.42463316740278
2021-01-06,0.69,30.49,21.74,86.93,25.25,41.52069517976501
2021-01-07,0.18,29.98,20.83,82.48,24.73,38.319760808496575
2021-01-08,0.05,29.91,20.54,81.02,24.41,37.6777531460021
2021-01-09,0.11,27.5,19.07,79.1,22.34,30.77362541740286
2021-01-10,0.14,27.3,18.11,79.97,21.77,30.41475847405139
2021-01-11,0.01,27.35,17.12,77.67,22.01,30.270475307458792
2021-01-12,0.0,26.75,17.66,77.68,22.09,29.012652171457418
2021-01-13,0.06,28.49,19.09,80.83,23.35,33.5125932223352
2021-01-14,0.26,29.61,20.38,81.69,24.5,36.93325030563912
2021-01-15,0.16,29.06,21.44,83.01,24.76,35.589869475947694
2021-01-16,0.12,27.78,21.45,81.23,24.47,31.730152740701953
2021-01-17,0.51,30.17,20.68,79.16,24.78,37.94574874816141
2021-01-18,0.2,26.71,21.43,81.68,23.3,29.239908781561333
2021-01-19,0.54,29.02,20.45,81.42,24.15,35.11091490213919
2021-01-20,7.11,29.04,22.49,82.58,25.25,35.431382940073846
2021-01-21,12.46,28.11,22.59,89.98,25.07,34.09460913193229
2021-01-22,26.31,27.29,22.5,89.17,24.85,31.472869972860444
2021-01-23,14.83,27.14,22.77,90.26,24.72,31.16774961267999
2021-01-24,2.52,29.57,22.47,85.0,25.71,37.69662733659807
2021-01-25,5.42,30.43,22.12,85.08,25.71,40.66612154814808
2021-01-26,11.86,30.33,22.53,86.37,25.63,40.741434764745776
2021-01-27,6.19,29.38,22.57,84.52,25.31,36.951881316664064
2021-01-28,2.2,28.52,21.45,84.31,24.32,34.26702899043748
2021-01-29,0.14,27.12,19.07,79.99,22.27,30.007295742756654
2021-01-30,0.04,25.74,16.83,78.98,20.51,27.148025488826818
2021-01-31,0.12,26.43,16.07,80.6,20.51,28.559272969643757
2021-02-01,0.07,28.03,16.57,77.51,22.21,31.792786179326495
2021-02-02,0.01,29.26,18.71,78.93,23.56,35.225912559593716
2021-02-03,0.03,29.06,19.26,80.79,23.53,35.08476234077923
2021-02-04,0.05,29.43,19.0,79.55,23.48,35.8544806008764
2021-02-05,0.03,29.99,19.07,78.04,24.27,37.08907615238567
2021-02-06,0.27,29.28,20.74,83.14,24.64,36.28942735399058
2021-02-07,0.14,31.2,21.49,80.11,25.72,41.59251693119943
2021-02-08,0.15,30.27,21.12,80.6,25.01,38.68793933350678
2021-02-09,1.96,29.26,21.73,80.66,24.67,35.63024213922281
2021-02-10,5.69,28.13,21.94,85.28,24.45,33.3144889473251
2021-02-11,1.51,29.04,22.11,85.71,24.83,36.16212798173591
2021-02-12,0.35,29.46,21.09,86.04,24.2,37.614921926749275
2021-02-13,5.99,27.99,20.83,85.0,23.75,32.86815597831315
2021-02-14,2.6,27.99,21.28,83.57,23.89,32.635564814918965
2021-02-15,0.25,28.76,20.84,81.91,24.12,34.47239610627675
2021-02-16,0.87,29.23,20.14,78.94,24.19,35.14469236760455
2021-02-17,0.72,28.69,21.02,81.79,24.16,34.249940038007516
2021-02-18,0.24,28.66,20.12,78.4,23.56,33.50200939384934
2021-02-19,0.02,27.03,17.42,75.52,21.56,29.389349284005554
2021-02-20,0.01,26.53,16.46,72.95,21.01,28.272927612867072
2021-02-21,0.01,28.86,16.14,74.0,22.47,33.15929137309448
2021-02-22,1.37,30.27,20.3,81.28,24.58,38.89659215538901
2021-02-23,10.28,29.37,21.53,84.7,24.96,36.96635867602589
2021-02-24,2.05,30.98,21.66,81.24,25.98,41.25033878390363
2021-02-25,0.56,30.47,20.93,79.99,25.64,39.13685046202336
2021-02-26,0.09,30.72,20.75,76.84,25.44,38.91816296558264
2021-02-27,0.04,30.91,21.69,78.16,25.89,39.94496235353685
2021-02-28,0.83,31.55,22.24,80.38,26.32,42.91201432584776
2021-03-01,7.6,31.14,22.29,84.23,26.13,42.93599168580494
2021-03-02,1.53,31.7,23.7,78.42,26.8,42.658885958709135
2021-03-03,2.77,31.63,22.48,81.77,26.19,43.760050397915855
2021-03-04,0.52,31.46,21.72,79.26,26.07,42.162506703932024
2021-03-05,0.11,31.41,22.16,76.33,25.94,40.90414504577154
2021-03-06,0.06,31.65,20.48,77.49,25.51,42.12567259807819
2021-03-07,0.05,32.16,21.93,75.27,26.07,42.94809124536021
2021-03-08,0.06,32.43,19.25,72.85,25.61,42.84163995879964
2021-03-09,0.06,31.96,19.96,73.01,25.59,41.41015216545852
2021-03-10,0.0,31.81,18.92,73.96,24.78,41.299200839957344
2021-03-11,0.09,31.94,20.38,74.43,25.46,41.89275068809662
2021-03-12,0.36,32.38,20.47,75.44,25.87,43.76036223842847
2021-03-13,2.44,31.26,22.34,76.57,26.04,40.51101681489798
2021-03-14,1.36,31.49,21.81,76.08,25.95,41.069597527190744
2021-03-15,1.94,31.7,21.86,78.6,26.29,42.7301653794984
2021-03-16,0.99,30.08,23.88,83.17,26.25,38.852798883068736
2021-03-17,1.64,30.8,23.91,80.79,26.59,40.48159795015449
2021-03-18,4.98,30.03,23.94,83.11,26.37,38.66957446645327
2021-03-19,4.55,30.03,23.17,83.66,26.34,38.834864196601956
2021-03-20,5.15,30.75,23.08,84.0,26.49,41.43195372973612
2021-03-21,10.19,31.24,23.65,82.19,26.8,42.51464795255558
2021-03-22,7.84,29.9,22.3,82.15,25.85,37.96732785350563
2021-03-23,2.3,31.6,21.88,78.31,25.8,42.274228632535596
2021-03-24,3.35,32.39,21.92,78.56,26.26,45.15693149468612
2021-03-25,1.1,33.19,22.12,75.51,26.91,46.64060621930409
2021-03-26,4.65,33.28,20.48,76.71,26.59,47.563922650620476
2021-03-27,2.29,33.17,22.78,76.09,27.45,46.849919585210394
2021-03-28,2.41,31.76,23.79,80.33,26.84,43.63999171553965
2021-03-29,0.14,32.91,23.94,76.09,27.71,45.905981795090966
2021-03-30,0.02,33.83,22.77,74.45,27.75,48.45641379284943
2021-03-31,0.01,34.3,23.25,73.44,28.09,49.671588158083345
2021-04-01,0.01,33.9,22.97,73.6,27.64,48.26960042471649
2021-04-02,0.01,33.86,21.88,72.08,27.25,47.341183718141224
2021-04-03,0.0,33.96,21.56,71.87,27.31,47.58947161851766
2021-04-04,0.06,34.11,22.22,70.4,27.63,47.36400300028508
2021-04-05,0.09,33.89,23.08,70.05,28.05,46.42852398871582
2021-04-06,0.02,33.39,23.52,71.56,27.79,45.4552403433934
2021-04-07,3.0,33.49,21.73,69.99,27.09,45.05601914459615
2021-04-08,5.84,31.91,22.47,76.5,26.62,42.60888873714509
2021-04-09,4.9,32.06,22.96,77.6,26.6,43.56939939545998
2021-04-10,0.59,33.32,21.97,69.74,27.15,44.38431148873063
2021-04-11,0.84,33.62,21.01,68.39,27.0,44.739259665668655
2021-04-12,0.62,33.84,20.6,67.44,26.96,45.00589257277519
2021-04-13,0.32,33.96,22.17,71.98,27.72,47.6460349302256
2021-04-14,0.44,33.92,23.94,72.05,28.34,47.53931777327393
2021-04-15,0.11,33.25,25.03,73.57,28.17,45.922806920359285
2021-04-16,0.38,32.47,24.33,73.69,27.6,43.32202774481823
2021-04-17,0.43,35.12,24.05,69.56,28.71,50.52861102400047
2021-04-18,0.79,34.57,22.15,68.2,27.93,47.816092799926054
2021-04-19,1.0,33.91,22.11,68.13,27.55,45.56072310344595
2021-04-20,3.67,33.63,22.27,71.39,27.35,46.19413590988456
2021-04-21,1.36,33.16,23.88,77.05,27.71,47.28447385861592
2021-04-22,0.36,33.28,23.78,74.81,27.67,46.62568002268865
2021-04-23,0.11,33.22,23.08,71.08,27.26,44.66314235053446
2021-04-24,0.09,32.95,22.55,68.76,26.9,42.78572265379624
2021-04-25,1.32,32.5,22.66,67.97,26.87,41.115049320332524
2021-04-26,4.09,31.27,22.72,75.72,26.31,40.24352982352055
2021-04-27,3.08,32.94,22.54,75.77,26.61,45.86364129816414
2021-04-28,1.04,33.14,22.64,74.07,27.12,45.773802036934
2021-04-29,0.0,33.86,23.47,70.77,27.68,46.6824503481902
2021-04-30,0.01,34.81,23.2,70.69,28.46,50.03383214777302
2021-05-01,0.03,36.0,22.98,67.36,28.97,52.465562574640416
2021-05-02,0.1,36.48,22.87,65.71,28.99,53.20630185501515
2021-05-03,0.09,36.67,22.18,63.59,29.01,52.54401873089775
2021-05-04,0.26,35.93,22.85,67.76,29.07,52.45367077097845
2021-05-05,0.44,35.15,23.65,68.67,29.12,50.124849340489995
2021-05-06,0.41,37.05,23.29,68.43,29.65,57.27859912033185
2021-05-07,0.89,36.38,24.02,67.63,29.74,54.07776216876525
2021-05-08,3.1,33.52,24.92,72.76,29.07,46.47930082629522
2021-05-09,0.83,36.29,25.17,69.35,29.89,54.866265941755806
2021-05-10,0.99,33.84,25.06,71.39,28.95,46.922535110841274
2021-05-11,1.12,34.26,24.8,69.79,29.11,47.57282838362746
2021-05-12,5.19,35.52,24.24,68.53,29.53,51.39803020588509
2021-05-13,1.02,36.71,24.16,66.88,29.61,54.850160977556975
2021-05-14,0.2,36.98,23.76,63.11,29.93,53.35654220958544
2021-05-15,1.6,35.86,24.55,68.11,29.73,52.40919412833693
2021-05-16,0.43,37.68,24.36,65.99,30.32,58.04632357962357
2021-05-17,0.63,38.38,24.59,63.28,30.72,58.80051865033571
2021-05-18,7.28,34.08,25.16,72.87,29.29,48.54537162380906
2021-05-19,4.98,35.93,25.13,70.31,29.77,54.07681005677546
2021-05-20,4.91,36.17,24.86,69.05,29.75,54.196235643748565
2021-05-21,16.42,35.57,24.99,75.48,29.08,56.01525804640599
2021-05-22,25.1,33.48,24.88,79.04,28.4,49.541394985894286
2021-05-23,16.37,33.72,25.03,75.82,28.8,48.76423094246228
2021-05-24,16.46,33.61,24.26,75.86,28.56,48.36931809290913
2021-05-25,2.55,34.68,25.14,72.55,29.3,50.607764507726046
2021-05-26,1.58,33.56,24.94,76.35,28.75,48.43491780865308
2021-05-27,0.56,33.92,26.18,74.85,29.32,49.005575433601564
2021-05-28,5.31,35.01,25.78,73.59,29.66,52.502827666415754
2021-05-29,5.17,33.17,25.92,79.76,28.78,48.69080767703068
2021-05-30,2.87,32.6,26.01,81.64,28.49,47.38452204235576
2021-05-31,2.77,32.32,25.93,82.25,28.43,46.578071593427154
2021-06-01,2.39,32.74,26.25,79.16,28.91,46.73194814778817
2021-06-02,9.03,34.26,26.26,73.3,29.49,49.44433602866759
2021-06-03,11.43,29.34,25.53,87.83,27.12,37.690110521852475
2021-06-04,5.43,30.76,24.96,83.19,27.42,41.180232186539634
2021-06-05,9.59,31.89,24.5,82.3,27.8,44.950399190229206
2021-06-06,11.14,30.1,25.38,82.64,27.52,38.75826064203538
2021-06-07,19.22,30.31,25.03,83.85,27.07,39.84093863714568
2021-06-08,14.83,30.17,24.19,83.82,26.58,39.35432331582415
2021-06-09,21.04,28.17,24.25,84.69,26.04,33.325946066308425
2021-06-10,6.25,30.14,23.72,85.78,26.28,39.86956346647426
2021-06-11,4.58,30.77,23.74,84.89,26.49,41.82372212261967
2021-06-12,5.98,31.23,23.91,83.58,26.96,43.015832332324834
2021-06-13,11.15,31.43,23.79,84.16,26.79,43.99404928015386
2021-06-14,16.41,29.49,24.26,87.67,26.31,38.16347714427137
2021-06-15,2.32,30.56,23.78,83.16,26.74,40.4732334554087
2021-06-16,0.32,31.42,23.99,78.9,27.39,41.889162010206526
2021-06-17,1.97,32.24,24.48,77.48,27.73,44.1476736801544
2021-06-18,0.57,31.5,24.29,80.11,27.28,42.6299176110518
2021-06-19,3.29,29.99,24.19,83.8,26.76,38.743657106686584
2021-06-20,4.51,30.43,24.27,83.64,26.98,40.185064409915206
2021-06-21,12.75,29.27,24.35,89.15,26.36,37.80012260596014
2021-06-22,12.78,30.32,24.05,84.68,26.36,40.14541572319868
2021-06-23,12.54,30.64,23.8,83.91,26.45,41.009645751358434
2021-06-24,13.73,28.72,23.97,82.36,26.1,34.45151142394908
2021-06-25,9.28,28.44,24.34,83.08,26.19,33.79830810449548
2021-06-26,10.81,30.18,23.76,81.84,26.7,38.77660025876504
2021-06-27,3.1,31.11,24.25,76.94,27.47,40.16422826648429
2021-06-28,4.21,30.85,24.8,84.49,27.2,41.969328684881766
2021-06-29,0.82,31.26,24.42,81.25,27.28,42.227077836762405
2021-06-30,0.27,30.22,24.78,83.14,27.03,39.31002448451681
2021-07-01,5.83,30.2,24.62,83.13,26.91,39.239938298180654
2021-07-02,8.5,31.25,24.75,81.37,27.51,42.23743312360594
2021-07-03,22.67,31.66,24.91,83.38,27.48,44.54156618892474
2021-07-04,6.21,30.59,24.63,82.61,27.43,40.390584160422385
2021-07-05,20.12,29.14,24.02,88.99,26.2,37.30581513725057
2021-07-06,29.56,27.76,24.12,92.43,25.49,33.38644265239786
2021-07-07,7.74,31.12,23.12,83.32,26.89,42.513595120387826
2021-07-08,3.43,31.65,25.25,79.49,27.88,42.91020254049462
2021-07-09,6.48,31.61,24.94,79.8,27.82,42.893329558523305
2021-07-10,4.55,30.69,24.42,80.38,27.39,39.97749967832306
2021-07-11,2.24,32.54,23.75,75.31,27.81,44.25187060189588
2021-07-12,6.41,32.28,24.42,78.78,27.87,44.85534217027092
2021-07-13,13.49,31.0,25.11,81.79,27.43,41.51813875305842
2021-07-14,3.34,31.05,25.0,83.31,27.26,42.256520222550606
2021-07-15,5.0,28.82,24.36,89.3,26.26,36.288904751568104
2021-07-16,9.6,30.84,24.34,83.26,27.17,41.4873923744517
2021-07-17,7.7,30.41,24.6,86.76,26.85,41.165979820349804
2021-07-18,13.77,29.69,23.95,87.32,26.31,38.760097997584346
2021-07-19,11.57,30.09,23.2,85.16,26.31,39.49928304776461
2021-07-20,35.54,29.3,24.3,90.58,26.42,38.29400562969633
2021-07-21,53.43,28.55,24.99,93.34,26.3,36.27518686786722
2021-07-22,76.53,27.87,24.93,94.33,26.25,34.07718985121167
2021-07-23,80.66,27.63,25.25,94.7,26.43,33.31679488006472
2021-07-24,66.46,27.86,24.63,94.14,26.18,34.00962731017842
2021-07-25,37.51,28.01,24.81,93.54,26.1,34.417334871797294
2021-07-26,21.5,29.22,24.74,91.54,26.6,38.263976390492566
2021-07-27,34.7,29.13,24.35,91.89,26.53,38.02740693839732
2021-07-28,75.09,28.53,25.18,93.59,26.57,36.2592647314438
2021-07-29,45.95,27.97,25.18,94.08,26.46,34.378228843846856
2021-07-30,22.68,29.12,24.93,92.67,26.7,38.19825368114629
2021-07-31,13.59,28.46,25.05,93.67,26.48,36.024910928398896
2021-08-01,48.59,28.49,24.69,93.69,26.38,36.13726476748876
2021-08-02,47.81,28.76,24.5,93.19,26.45,37.001481669310124
2021-08-03,30.91,28.54,25.12,92.93,26.46,36.14754138624563
2021-08-04,18.62,28.17,25.15,93.68,26.41,34.998731597321495
2021-08-05,28.45,28.89,24.9,92.61,26.59,37.3340836033546
2021-08-06,16.78,29.06,24.6,92.02,26.53,37.80501595039448
2021-08-07,11.29,29.44,24.0,91.27,26.4,39.00211754899275
2021-08-08,15.98,29.27,24.0,91.79,26.38,38.51697292614587
2021-08-09,11.32,30.0,24.28,90.08,26.69,40.745213552657766
2021-08-10,14.7,29.7,24.15,84.96,26.25,38.11587891341835
2021-08-11,15.64,27.24,23.92,91.78,25.2,31.648088322511683
2021-08-12,0.42,29.0,23.35,82.35,26.13,35.261123059274304
2021-08-13,0.89,29.65,24.19,83.96,26.48,37.67218795411392
2021-08-14,1.65,29.89,23.51,83.48,26.52,38.318713977412024
2021-08-15,6.29,28.98,24.05,88.61,25.96,36.66442988639767
2021-08-16,9.86,27.73,24.07,92.87,25.71,33.35939454149256
2021-08-17,1.84,30.89,23.3,85.59,26.92,42.524255024098544
2021-08-18,11.7,29.13,24.26,88.47,26.65,37.1386797399566
2021-08-19,12.67,26.88,24.24,92.95,25.56,30.684434719263088
2021-08-20,11.53,29.99,23.98,86.25,26.54,39.48987145143067
2021-08-21,17.84,27.98,24.4,91.68,25.93,33.97999487377032
2021-08-22,8.26,30.03,23.61,86.9,26.57,39.83473247661142
2021-08-23,7.29,28.63,24.4,89.3,26.22,35.65295912178246
2021-08-24,6.27,28.32,23.92,86.84,25.88,34.16213130983547
2021-08-25,6.66,30.37,24.21,82.7,26.87,39.67392235043937
2021-08-26,8.11,30.9,23.41,83.15,26.74,41.660499398576015
2021-08-27,5.7,29.07,22.47,77.16,26.29,34.31971616467293
2021-08-28,12.18,31.72,23.62,81.42,27.3,43.94518445907643
2021-08-29,8.4,30.1,24.46,85.1,26.68,39.51511364237841
2021-08-30,20.53,30.4,23.37,84.97,26.63,40.52272376670758
2021-08-31,13.6,28.38,24.37,89.99,26.01,34.97308531114451
2021-09-01,16.02,26.66,23.94,92.57,25.11,29.995133559892924
2021-09-02,17.45,27.46,24.14,92.81,25.53,32.473272440056284
2021-09-03,14.48,27.61,24.05,93.01,25.54,32.98782161963395
2021-09-04,5.66,28.86,23.39,87.95,25.78,36.10736084077988
2021-09-05,14.63,28.28,23.64,91.35,25.6,34.914515599904206
2021-09-06,8.8,28.22,23.87,90.53,25.7,34.554628470028355
2021-09-07,9.54,31.35,24.06,85.18,27.01,44.10566100262741
2021-09-08,33.79,28.74,24.73,89.72,26.19,36.115736836731
2021-09-09,6.31,28.66,24.44,91.96,26.22,36.353236615523265
2021-09-10,32.16,28.24,24.18,92.09,25.92,34.92638859476156
2021-09-11,55.02,27.33,24.26,93.99,25.53,32.21655634492384
2021-09-12,25.43,27.7,24.1,95.57,25.6,33.697876057344075
2021-09-13,1.89,28.45,23.82,89.19,26.14,35.038202969561425
2021-09-14,3.4,30.69,23.33,85.37,26.77,41.70464389572545
2021-09-15,2.06,30.88,24.9,84.19,27.46,41.96829665505028
2021-09-16,16.64,30.29,24.54,88.26,26.97,41.23385911258678
2021-09-17,4.47,31.43,23.05,82.27,27.15,43.231841535105424
2021-09-18,2.5,30.67,24.19,83.11,27.34,40.83751175690718
2021-09-19,2.45,30.01,24.19,86.1,26.7,39.5135141721731
2021-09-20,4.53,30.57,24.25,82.07,27.02,40.14144731831013
2021-09-21,5.98,31.01,24.52,82.68,27.27,41.87907702243584
2021-09-22,4.46,30.04,23.3,87.93,26.3,40.198479199285984
2021-09-23,3.96,30.33,23.41,86.08,26.63,40.64422988524595
2021-09-24,5.29,31.3,23.67,77.99,26.94,41.15041982254829
2021-09-25,1.82,31.32,22.2,81.05,26.64,42.361855878658545
2021-09-26,1.59,31.83,23.96,81.56,27.41,44.408912228530916
2021-09-27,2.56,31.97,24.05,81.85,27.84,45.056472537869354
2021-09-28,12.22,30.25,24.92,87.78,27.11,40.922010354289455
2021-09-29,6.86,30.44,24.78,87.42,27.15,41.505842346038854
2021-09-30,3.81,31.37,24.16,83.09,27.36,43.33839923442395
2021-10-01,5.28,29.45,24.64,87.56,26.97,37.994924578997505
2021-10-02,16.26,31.12,24.59,84.35,27.33,42.90824065264075
2021-10-03,4.1,30.93,23.87,83.55,26.8,41.913705406381936
2021-10-04,9.37,30.23,23.87,81.7,27.13,38.89621968015251
2021-10-05,12.18,29.85,25.21,84.26,27.11,38.413709160985015
2021-10-06,6.0,27.58,23.94,91.6,25.5,32.67911912975185
2021-10-07,3.53,28.14,23.11,90.35,25.35,34.2597415921301
2021-10-08,9.27,29.13,23.83,89.64,26.18,37.43832621545383
2021-10-09,4.58,29.77,24.05,85.44,26.56,38.48844670401425
2021-10-10,4.45,29.88,24.27,89.56,26.67,40.126154484424035
2021-10-11,83.37,26.75,24.98,94.45,25.56,30.430413043718445
2021-10-12,93.65,26.09,24.58,95.72,25.28,28.51843986124263
2021-10-13,11.82,27.82,23.6,91.03,25.61,33.3507415897888
2021-10-14,6.96,27.9,23.23,91.23,25.31,33.64094212676754
2021-10-15,22.03,29.38,22.51,88.05,25.31,37.88713749848439
2021-10-16,5.83,30.87,22.51,85.53,26.21,42.42726114676429
2021-10-17,9.2,30.92,23.51,82.68,26.92,41.56084117554119
2021-10-18,0.23,31.51,22.89,82.05,26.8,43.43531215740168
2021-10-19,0.19,31.79,22.94,82.26,26.93,44.557147992496645
2021-10-20,0.51,31.52,22.31,85.74,26.53,44.99973656784853
2021-10-21,7.43,28.93,24.41,89.42,26.16,36.691313058318066
2021-10-22,1.54,31.19,23.93,84.4,26.98,43.18804943310517
2021-10-23,2.23,31.22,23.12,82.7,26.83,42.638519613994674
2021-10-24,4.92,28.65,23.28,87.48,25.6,35.321356804454105
2021-10-25,2.0,29.21,22.84,85.12,25.36,36.56048602746513
2021-10-26,2.33,30.07,21.77,84.95,25.53,39.36491402978683
2021-10-27,7.57,31.54,23.48,78.95,27.0,42.317346422374705
2021-10-28,0.74,30.75,21.55,80.85,25.6,40.33484962121382
2021-10-29,0.03,30.71,20.65,79.69,25.47,39.81321894324658
2021-10-30,0.01,30.95,21.35,78.16,25.97,40.073019949290966
2021-10-31,0.06,30.48,21.05,76.79,25.64,38.178125727922406
2021-11-01,0.24,31.1,22.08,78.07,26.32,40.52559259651164
2021-11-02,0.13,30.89,21.67,79.43,26.12,40.31281101258239
2021-11-03,0.01,30.67,19.95,79.95,25.12,39.76928246579693
2021-11-04,0.02,31.63,21.68,77.77,26.26,42.16667848399479
2021-11-05,3.41,31.85,21.26,82.02,26.26,44.67939648028179
2021-11-06,9.84,30.28,24.12,85.6,26.77,40.30629744578323
2021-11-07,22.88,31.45,24.16,82.75,27.05,43.497097828906
2021-11-08,2.43,31.0,23.86,81.0,27.06,41.23272572044448
2021-11-09,0.72,31.42,22.56,83.26,26.27,43.591420914695185
2021-11-10,1.34,30.51,22.35,83.74,25.94,40.495662234152874
2021-11-11,1.09,30.87,22.58,80.79,26.13,40.71682986462574
2021-11-12,1.62,30.12,22.59,81.3,26.07,38.420794482878655
2021-11-13,3.21,30.24,23.64,82.56,26.49,39.195404543878766
2021-11-14,13.23,30.41,23.66,84.76,26.51,40.48779416882255
2021-11-15,17.05,31.07,23.39,85.84,26.37,43.298480179112715
2021-11-16,2.63,31.26,23.74,82.32,26.86,42.63636151350049
2021-11-17,0.68,31.52,22.69,82.05,26.74,43.471802184027574
2021-11-18,0.58,31.55,23.75,81.92,27.01,43.52875469047131
2021-11-19,0.62,31.72,23.81,80.39,27.26,43.52110070210403
2021-11-20,0.17,31.91,23.47,78.26,27.18,43.32047548690156
2021-11-21,0.32,30.71,22.73,82.42,25.93,40.73753823137159
2021-11-22,6.47,29.25,23.67,86.88,26.01,37.13643723212488
2021-11-23,1.62,31.05,23.17,82.81,26.75,42.069645391107684
2021-11-24,0.93,31.01,23.72,84.1,26.62,42.408019105391276
2021-11-25,1.05,30.06,23.13,82.94,26.37,38.71731721371114
2021-11-26,5.06,28.08,23.69,87.39,25.56,33.53635122234937
2021-11-27,1.71,30.32,23.2,82.09,26.15,39.312750093033436
2021-11-28,2.55,29.52,22.64,85.59,25.81,37.692525857587334
2021-11-29,1.36,30.61,22.98,82.93,26.64,40.56778745771637
2021-11-30,1.22,29.95,24.33,85.55,26.61,39.13596248954713
2021-12-01,0.18,29.17,20.94,82.68,25.35,35.84327189891165
2021-12-02,0.07,28.68,19.59,79.22,23.55,33.71236443789314
2021-12-03,1.01,27.2,20.05,81.43,22.9,30.34184839595487
2021-12-04,0.19,27.31,18.82,79.32,21.99,30.365142544802193
2021-12-05,0.07,27.5,17.14,78.62,21.88,30.715186438229605
2021-12-06,0.1,28.39,19.18,78.95,23.31,32.90996505721815
2021-12-07,0.11,29.45,19.92,79.71,23.61,35.951361110510554
2021-12-08,0.07,27.92,18.18,78.99,22.21,31.750367787390832
2021-12-09,0.01,27.98,18.5,78.07,22.46,31.75814605012531
2021-12-10,0.0,28.57,18.77,79.45,22.91,33.46647969376356
2021-12-11,0.5,30.65,19.88,81.59,24.68,40.25020417134493
2021-12-12,0.16,30.29,21.53,80.04,25.44,38.580662266872935
2021-12-13,0.03,29.99,21.42,79.95,24.79,37.622214227030526
2021-12-14,0.01,28.53,19.9,78.91,23.35,33.261709726973535
2021-12-15,0.23,30.11,18.94,79.24,24.16,37.785815794721245
2021-12-16,0.08,30.61,19.75,79.53,24.9,39.438046039130796
2021-12-17,3.5,29.87,22.0,83.47,25.43,38.25030345544569
2021-12-18,2.69,27.46,22.77,85.94,24.71,31.538125127826763
2021-12-19,0.42,28.56,22.13,83.3,24.76,34.18292862639337
2021-12-20,2.45,29.03,22.62,86.74,25.2,36.37698306330681
2021-12-21,2.4,27.68,23.01,88.35,25.29,32.499830858960244
2021-12-22,1.93,28.86,23.39,88.35,25.48,36.20066689698631
2021-12-23,2.81,29.07,22.68,87.21,25.48,36.62248007440318
2021-12-24,2.05,30.24,22.49,83.56,25.78,39.50963191962849
2021-12-25,0.44,30.73,21.82,82.23,25.72,40.7406430118818
2021-12-26,0.9,30.11,21.49,80.15,24.72,38.049951671725104
2021-12-27,0.9,27.54,21.25,80.13,23.53,30.99519000672671
2021-12-28,0.11,27.68,20.63,79.28,23.21,31.217048624022077
2021-12-29,0.13,29.38,20.1,79.97,23.74,35.81245562403774
2021-12-30,0.04,28.98,18.75,78.92,22.8,34.45417303654665
2021-12-31,0.33,27.84,17.54,79.03,21.97,31.563645302006258
2022-01-01,0.32,28.21,18.36,79.25,22.24,32.50579052456958
2022-01-02,0.02,27.75,17.83,78.78,21.79,31.314943925435607
2022-01-03,0.0,28.32,18.16,77.72,22.34,32.52358031736674
2022-01-04,0.32,28.16,18.18,78.12,22.7,32.19862746313471
2022-01-05,1.64,28.69,19.14,79.53,23.31,33.79945986488681
2022-01-06,0.69,27.73,20.56,79.2,23.85,31.324836285744045
2022-01-07,0.16,29.16,20.12,74.83,24.39,34.057385984080305
2022-01-08,0.73,29.53,21.09,76.88,24.88,35.48765178859023
2022-01-09,0.34,28.83,21.78,82.59,24.31,34.816933201689444
2022-01-10,0.01,29.23,20.53,82.13,23.94,35.89209140005544
2022-01-11,0.07,27.88,18.43,80.03,22.75,31.805445014298446
2022-01-12,0.19,28.86,18.68,76.15,23.38,33.57487525215001
2022-01-13,0.17,26.95,20.16,81.19,23.13,29.738807182404635
2022-01-14,0.05,29.21,19.35,75.67,23.65,34.363452967748216
2022-01-15,0.03,29.16,18.27,75.14,22.96,34.12278702102118
2022-01-16,0.43,29.29,17.09,78.23,22.45,35.14766982900029
2022-01-17,0.33,28.74,16.71,74.44,22.4,32.95691790592835
2022-01-18,0.12,29.36,17.62,70.09,23.24,33.548840873806476
2022-01-19,0.12,29.87,18.45,74.24,23.87,35.75345818430253
2022-01-20,0.46,29.75,21.17,78.19,24.71,36.432127553907705
2022-01-21,2.53,30.23,20.9,80.19,24.87,38.437084990732174
2022-01-22,5.63,29.61,21.02,80.64,24.76,36.65800423365678
2022-01-23,0.46,30.95,20.27,79.34,25.15,40.47882279547644
2022-01-24,0.24,31.45,22.52,80.18,26.06,42.482356496964066
2022-01-25,0.53,31.67,21.76,75.11,26.0,41.28659746751603
2022-01-26,3.86,31.13,21.19,80.47,25.34,41.48547931514283
2022-01-27,3.12,29.16,22.98,83.14,25.36,35.92249415279127
2022-01-28,17.01,30.01,22.36,84.22,25.62,38.937072590916756
2022-01-29,10.01,29.84,21.91,82.62,25.44,37.90954993268994
2022-01-30,40.98,27.61,22.3,89.2,24.65,32.41761239621818
2022-01-31,4.49,30.01,20.41,80.0,24.25,37.69772538904426
2022-02-01,0.39,30.63,19.7,76.66,24.61,38.588332487679
2022-02-02,0.05,30.62,19.91,76.86,24.44,38.62043256156292
2022-02-03,0.02,30.63,19.96,75.33,24.87,38.17841402567401
2022-02-04,0.2,31.0,21.31,77.61,25.59,40.0451347661179
2022-02-05,0.22,31.13,20.39,76.77,25.01,40.16872908875633
2022-02-06,1.67,30.1,19.97,78.21,24.08,37.461427893565215
2022-02-07,2.19,30.73,20.18,79.11,24.92,39.68577628147149
2022-02-08,0.73,30.98,22.2,78.94,25.77,40.43842412591673
2022-02-09,0.35,31.64,20.29,78.42,25.47,42.45336105810781
2022-02-10,0.19,31.84,20.4,76.67,25.51,42.44183566682719
2022-02-11,0.11,31.69,19.8,76.99,25.19,42.06615403528269
2022-02-12,0.48,31.52,19.89,74.74,25.23,40.67673399109229
2022-02-13,2.88,30.13,22.62,80.94,25.51,38.345500509590124
2022-02-14,5.08,29.86,22.1,80.46,25.22,37.36709458056313
2022-02-15,1.08,31.38,21.66,80.54,25.77,42.376677695399465
2022-02-16,1.41,30.53,22.09,79.19,25.58,39.074359424040104
2022-02-17,2.81,31.13,21.77,79.59,25.53,41.165636967068195
2022-02-18,3.63,31.16,22.7,77.62,26.22,40.56141493163469
2022-02-19,0.25,32.29,22.38,75.91,26.62,43.65272559545261
2022-02-20,0.83,32.18,22.27,76.58,26.32,43.55783499134946
2022-02-21,2.41,31.78,22.11,75.57,26.18,41.815373245719904
2022-02-22,11.78,30.3,21.48,80.83,25.33,38.85445870601126
2022-02-23,1.27,31.42,21.74,77.82,25.81,41.4841454973401
2022-02-24,1.8,32.49,21.02,76.96,26.13,44.80331127467178
2022-02-25,4.06,31.51,20.6,76.77,25.49,41.38937501365321
2022-02-26,0.85,31.72,20.72,75.6,25.65,41.632056592784245
2022-02-27,0.19,32.29,20.26,74.39,25.87,43.01840036477299
2022-02-28,0.24,32.31,20.54,74.81,25.83,43.25894746086053
2022-03-01,0.04,32.49,19.45,72.63,25.46,42.94489788134551
2022-03-02,0.03,33.31,20.19,71.52,26.05,45.16606247385507
2022-03-03,0.09,33.48,19.32,73.45,25.92,46.6760147822718
2022-03-04,0.03,33.07,20.8,74.12,26.36,45.552148028111525
2022-03-05,0.02,33.08,21.21,75.13,26.7,46.062410928982494
2022-03-06,0.07,34.13,22.39,72.26,27.13,48.40443102680237
2022-03-07,0.01,31.95,20.99,74.76,25.77,42.05361321264351
2022-03-08,0.06,33.01,21.59,71.85,26.51,44.31327080378107
2022-03-09,0.04,32.95,20.62,68.67,26.12,42.74804015636859
2022-03-10,0.08,32.58,20.44,68.99,26.1,41.75043964191086
2022-03-11,0.76,33.02,22.8,73.63,27.18,45.152004122015875
2022-03-12,1.49,32.23,23.61,78.53,27.04,44.56565920162009
2022-03-13,1.88,30.94,24.53,82.13,26.83,41.432175179932216
2022-03-14,5.81,33.39,23.67,77.22,27.59,48.23795331307056
2022-03-15,7.98,32.81,23.07,78.01,27.31,46.44648459452567
2022-03-16,15.44,33.43,23.72,78.9,27.59,49.26871538713758
2022-03-17,5.18,31.88,23.19,79.63,27.12,43.78026755993201
2022-03-18,1.86,29.7,24.09,83.99,26.23,37.84304119854755
2022-03-19,4.53,29.1,23.84,85.73,26.01,36.35857247102284
2022-03-20,2.95,31.96,23.39,79.15,26.98,43.86520615488826
2022-03-21,1.73,33.16,21.95,77.61,26.97,47.56248240853852
2022-03-22,0.56,34.18,22.59,73.45,27.97,49.22693742338537
2022-03-23,3.36,32.52,23.73,80.42,27.51,46.493288541180675
2022-03-24,2.88,31.85,24.06,81.05,27.12,44.266831426392535
2022-03-25,0.54,34.17,22.3,73.42,27.71,49.17332271348394
2022-03-26,0.16,34.49,22.73,70.92,28.23,48.99121663728616
2022-03-27,0.29,35.27,23.94,72.08,28.85,52.60319113993739
2022-03-28,0.64,34.87,23.45,72.73,28.35,51.43993157868187
2022-03-29,1.06,32.17,23.21,73.87,27.17,42.414298641139354
2022-03-30,1.66,34.22,22.62,72.67,27.83,48.953056319383776
2022-03-31,0.64,34.62,24.16,69.62,28.67,48.751163346729626
2022-04-01,7.46,33.98,23.74,71.65,28.07,47.54758969093265
2022-04-02,2.76,32.6,22.52,76.65,26.81,45.05519795294462
2022-04-03,1.44,32.02,22.6,73.41,26.67,41.75256998298021
2022-04-04,2.31,34.06,21.62,72.33,26.93,48.18744187845832
2022-04-05,25.06,33.52,22.92,77.38,27.1,48.81953771710415
2022-04-06,8.99,31.89,23.75,79.44,26.86,43.736951387736354
2022-04-07,18.51,31.48,23.09,81.21,26.63,42.99167768529707
2022-04-08,13.22,31.67,23.21,80.28,26.78,43.29775985896336
2022-04-09,8.89,31.81,23.07,79.69,26.77,43.55552392324199
2022-04-10,14.89,32.19,22.93,77.46,27.07,43.963773102884915
2022-04-11,2.38,31.14,23.88,76.57,27.04,40.13113003331366
2022-04-12,0.69,31.62,24.26,78.61,27.2,42.45922241820262
2022-04-13,1.86,31.25,23.92,79.93,26.76,41.696671451956036
2022-04-14,0.84,31.94,22.64,78.57,26.67,43.55300614490727
2022-04-15,4.62,32.23,23.6,78.34,27.14,44.4831373153101
2022-04-16,1.7,31.72,23.83,76.72,27.07,42.06149364738576
2022-04-17,3.34,32.84,23.1,76.76,27.04,45.96711183218268
2022-04-18,2.14,32.35,22.89,76.57,26.95,44.14108230572054
2022-04-19,0.75,33.79,22.56,70.94,27.28,46.525025809886216
2022-04-20,0.95,34.1,20.22,72.72,26.88,48.53898233216203
2022-04-21,1.18,34.58,23.22,71.31,28.46,49.53435913585092
2022-04-22,4.6,33.75,23.37,75.29,28.07,48.59845908344232
2022-04-23,0.47,34.74,23.2,70.81,28.21,49.84363629256361
2022-04-24,0.58,34.88,22.91,70.68,28.39,50.286993344422946
2022-04-25,2.61,33.18,24.01,75.69,28.16,46.691669285087045
2022-04-26,8.93,33.36,23.93,76.51,27.91,47.76292475295387
2022-04-27,6.65,33.1,23.87,77.99,27.86,47.524534445660436
2022-04-28,2.33,31.69,23.2,78.34,27.22,42.593002116619544
2022-04-29,5.85,35.29,23.83,73.51,28.69,53.57257573628293
2022-04-30,4.85,33.15,24.67,76.34,28.33,46.89852478838903
2022-05-01,6.44,33.09,24.24,77.82,27.85,47.40243799930558
2022-05-02,11.76,32.91,23.74,76.22,27.94,45.966971362911096
2022-05-03,39.63,31.8,24.21,79.68,27.44,43.51586039490071
2022-05-04,3.67,32.59,22.76,75.59,27.38,44.54757538783171
2022-05-05,1.12,32.87,23.25,75.34,27.97,45.41508359627577
2022-05-06,0.46,33.54,23.47,74.14,28.22,47.23337091590638
2022-05-07,0.92,35.01,22.66,74.41,28.26,53.00486469883435
2022-05-08,0.63,34.74,23.87,73.34,28.54,51.295560700223945
2022-05-09,1.26,34.23,22.98,73.92,28.02,49.67207846337922
2022-05-10,1.26,34.2,22.76,73.11,28.06,49.11697827027654
2022-05-11,1.11,33.55,23.8,74.82,28.08,47.612443418435845
2022-05-12,2.08,34.42,23.22,73.27,28.5,50.03012429188803
2022-05-13,2.09,32.53,24.64,78.58,28.05,45.67787920078935
2022-05-14,4.46,32.22,25.48,77.01,28.39,43.87726109839175
2022-05-15,7.7,31.38,24.97,81.94,27.83,42.920393933462506
2022-05-16,9.33,30.14,24.7,85.75,26.97,39.85999780300605
2022-05-17,14.84,30.24,24.44,82.85,26.82,39.28606978252294
2022-05-18,40.01,29.85,23.92,85.34,26.46,38.73060181569962
2022-05-19,42.4,29.36,23.91,86.92,26.04,37.5154417809289
2022-05-20,26.59,28.06,22.88,85.4,25.5,33.13397101442956
2022-05-21,6.97,28.57,23.07,84.49,25.71,34.450291323942075
2022-05-22,11.99,29.14,23.57,85.88,26.03,36.52385518362397
2022-05-23,7.99,30.81,22.88,84.55,26.61,41.84586232538317
2022-05-24,1.13,30.76,24.02,81.85,27.36,40.71190993873828
2022-05-25,9.0,30.74,24.99,80.55,27.71,40.199771119897704
2022-05-26,4.46,30.15,24.68,84.18,27.34,39.398935068101224
2022-05-27,9.65,30.24,24.83,82.21,27.35,39.086482178989655
2022-05-28,8.36,29.4,23.72,86.99,26.28,37.669248813507934
2022-05-29,3.04,30.46,23.01,83.12,26.66,40.11620868895234
2022-05-30,1.74,30.16,23.99,85.18,26.98,39.748593668071166
2022-05-31,1.32,30.31,24.13,83.65,26.82,39.7764537563061
2022-06-01,3.75,31.12,23.33,80.4,26.99,41.425733961704935
2022-06-02,4.52,29.85,23.97,84.72,26.81,38.548100575132466
2022-06-03,0.65,30.48,24.09,82.09,26.94,39.845295558459135
2022-06-04,0.93,30.77,24.57,79.21,27.4,39.84781092999511
2022-06-05,0.43,30.95,24.76,80.0,27.53,40.7089510078429
2022-06-06,0.78,31.9,24.12,80.59,27.59,44.255330137342014
2022-06-07,4.99,29.47,24.76,84.53,26.87,37.243884096835885
2022-06-08,12.84,29.38,24.83,81.96,27.15,36.30164188614501
2022-06-09,4.16,30.19,24.75,81.16,27.32,38.60255280724111
2022-06-10,8.05,29.97,24.15,82.71,27.04,38.35480333008216
2022-06-11,1.78,31.15,23.44,80.41,27.41,41.53194149014998
2022-06-12,9.49,30.72,24.92,82.63,27.61,40.8447608356471
2022-06-13,2.32,30.55,24.56,83.83,27.32,40.66574417298188
2022-06-14,5.42,30.98,24.31,81.75,27.51,41.434115379158015
2022-06-15,7.93,32.35,24.02,78.03,27.85,44.777282564242654
2022-06-16,4.57,31.01,23.96,81.58,27.41,41.47661565292336
2022-06-17,2.83,31.39,24.52,79.29,27.79,41.93461922346222
2022-06-18,4.21,30.41,24.88,79.25,27.67,38.71555556102828
2022-06-19,2.08,30.72,25.4,80.87,27.64,40.24153176577128
2022-06-20,5.54,31.39,23.84,81.08,27.65,42.62048191664486
2022-06-21,11.48,30.2,24.01,85.83,26.73,40.09756532598297
2022-06-22,26.03,30.68,23.13,84.47,26.59,41.348189986680026
2022-06-23,17.64,32.47,23.4,79.78,27.19,46.00640368619779
2022-06-24,5.67,30.96,23.01,81.88,26.91,41.41160941859077
2022-06-25,4.16,31.45,23.78,81.29,27.53,42.916014644783075
2022-06-26,14.06,31.83,24.8,82.78,27.58,44.93066444707645
2022-06-27,15.86,31.06,23.51,83.56,26.78,42.38673533132768
2022-06-28,18.04,27.98,23.71,91.12,25.52,33.880760010355885
2022-06-29,27.12,28.22,23.87,89.95,25.6,34.44315702996274
2022-06-30,12.92,29.51,23.88,87.75,26.33,38.255196758013426
2022-07-01,13.99,27.75,24.27,93.08,25.75,33.459646129258516
2022-07-02,4.11,28.64,24.26,89.91,25.94,35.82120107867278
2022-07-03,0.13,29.69,23.56,85.49,26.4,38.2328572785335
2022-07-04,7.44,30.35,23.87,85.72,26.8,40.59564165489639
2022-07-05,13.94,30.26,23.42,80.33,26.75,38.5740160160038
2022-07-06,18.54,30.81,24.06,85.82,26.73,42.31148152902036
2022-07-07,15.44,30.65,23.3,85.23,26.57,41.50892585569637
2022-07-08,14.75,31.2,24.73,84.32,27.56,43.19401698399051
2022-07-09,19.32,30.08,24.78,88.67,27.04,40.585590791887576
2022-07-10,8.75,31.49,24.03,84.5,27.36,44.3625217373563
2022-07-11,10.7,29.85,24.3,87.76,26.91,39.457942282572645
2022-07-12,25.68,30.78,24.2,86.11,27.2,42.30660811745847
2022-07-13,3.7,28.77,23.95,89.11,26.04,36.07678551901608
2022-07-14,3.4,30.14,23.5,86.04,26.54,39.95263075115108
2022-07-15,3.95,30.99,24.11,79.42,27.39,40.63863781074185
2022-07-16,17.96,30.04,24.85,87.18,27.06,39.95918718197681
2022-07-17,11.6,29.58,23.71,86.05,26.36,38.02006624516323
2022-07-18,13.64,30.63,23.75,84.93,26.77,41.330574517540754
2022-07-19,3.53,29.26,23.11,87.64,26.11,37.367089156250195
2022-07-20,5.92,30.12,23.66,86.69,26.89,40.08985930933796
2022-07-21,6.13,30.69,24.39,83.59,27.35,41.074459621298644
2022-07-22,4.49,30.89,23.84,82.48,27.62,41.38341641873879
2022-07-23,1.41,31.87,25.45,82.87,28.17,45.12187843031863
2022-07-24,4.62,30.36,25.34,86.06,27.61,40.7456729421489
2022-07-25,6.7,30.69,24.79,86.14,27.33,41.98209317920625
2022-07-26,6.09,30.05,24.39,88.45,26.76,40.40274609505704
2022-07-27,24.1,29.87,24.63,88.32,26.59,39.70220136640464
2022-07-28,3.93,29.51,23.8,87.36,26.5,38.1463243568902
2022-07-29,14.3,29.26,25.33,89.23,26.96,37.7863791906544
2022-07-30,19.09,28.74,24.48,89.76,26.23,36.124904486683626
2022-07-31,17.1,29.52,23.63,88.7,26.15,38.55826185299261
2022-08-01,15.83,28.67,23.39,89.98,25.67,35.93802835629596
2022-08-02,17.59,29.36,23.73,87.48,26.11,37.66482825059983
2022-08-03,6.31,28.08,24.29,86.6,26.15,33.398337678562555
2022-08-04,15.43,31.08,24.22,83.7,26.99,42.51245068589763
2022-08-05,41.83,30.32,24.34,85.57,26.94,40.43860004075507
2022-08-06,12.18,28.26,23.77,90.4,25.65,34.66058318026597
2022-08-07,1.77,27.9,23.55,90.65,25.23,33.54212169624722
2022-08-08,6.48,26.59,22.93,90.32,24.49,29.61582895253418
2022-08-09,2.14,27.51,22.94,91.17,25.14,32.39776958094891
2022-08-10,3.15,27.94,23.55,92.86,25.57,34.056567686745844
2022-08-11,3.2,27.91,23.62,93.03,25.53,33.985657204602326
2022-08-12,4.02,30.23,23.37,85.11,26.53,39.970527052820785
2022-08-13,16.26,28.55,24.13,91.66,26.03,35.90107583879084
2022-08-14,39.3,28.85,23.98,90.49,26.18,36.67339457226825
2022-08-15,31.04,28.46,24.24,91.34,25.81,35.52204614815818
2022-08-16,2.69,28.72,23.37,87.96,25.9,35.651990779028004
2022-08-17,9.52,28.5,23.39,90.81,25.6,35.544931615580445
2022-08-18,42.08,26.74,23.56,94.45,24.89,30.399525233412664
2022-08-19,4.72,28.57,23.36,90.24,25.57,35.6581760827667
2022-08-20,3.72,30.76,23.2,84.93,26.76,41.80175608857338
2022-08-21,8.75,28.83,22.97,87.85,25.86,35.98576283564275
2022-08-22,23.71,27.23,24.66,92.03,25.76,31.648425167464705
2022-08-23,65.95,26.4,24.03,95.09,25.33,29.411376595041773
2022-08-24,37.53,27.37,23.86,93.98,25.26,32.345335016085606
2022-08-25,7.05,29.5,23.47,85.99,26.51,37.734922018914034
2022-08-26,6.45,31.16,24.67,84.3,27.43,43.03732830798857
2022-08-27,3.21,31.52,23.9,82.01,27.59,43.45566934091893
2022-08-28,7.66,31.85,24.05,83.15,27.59,45.167245010088905
2022-08-29,19.18,28.95,24.88,90.05,26.55,36.91403012250046
2022-08-30,3.33,30.51,23.59,82.95,26.65,40.23086532907795
2022-08-31,17.75,29.24,24.41,89.94,26.19,37.90524277472938
2022-09-01,23.55,29.33,23.78,89.35,26.19,38.06543958387223
2022-09-02,38.93,27.69,24.39,93.94,25.78,33.39872110463672
2022-09-03,62.42,27.26,24.21,94.83,25.46,32.09855130641449
2022-09-04,12.23,28.94,23.6,92.94,26.14,37.60070434855506
2022-09-05,16.35,28.85,24.06,91.21,26.01,36.84674268141606
2022-09-06,8.06,29.55,23.59,85.22,26.52,37.690876628083
2022-09-07,2.41,31.11,23.51,85.11,27.29,43.16544392129287
2022-09-08,8.36,29.74,24.59,89.79,26.82,39.6772600901439
2022-09-09,7.98,30.98,25.31,86.68,27.4,43.280675860214615
2022-09-10,7.49,29.26,24.19,83.31,26.35,36.26973383412597
2022-09-11,2.65,28.84,23.67,88.12,25.94,36.080966935288366
2022-09-12,3.91,28.68,23.51,90.01,25.78,35.978609643177805
2022-09-13,0.2,29.4,22.75,87.81,25.77,37.89100215278482
2022-09-14,9.21,29.61,22.8,86.37,25.7,38.211428634048076
2022-09-15,0.12,29.78,23.15,83.77,25.86,38.0420877707155
2022-09-16,8.59,28.07,23.45,89.5,25.43,33.88025533079771
2022-09-17,7.7,28.77,23.14,88.21,25.57,35.871387536381654
2022-09-18,5.2,29.4,23.32,84.72,26.03,37.068049425977705
2022-09-19,13.79,29.32,23.97,86.85,26.05,37.36255196974406
2022-09-20,9.57,29.31,23.28,85.49,25.8,36.97619201366682
2022-09-21,8.24,28.78,23.0,86.24,25.56,35.46158622464701
2022-09-22,9.23,27.45,23.16,90.61,25.04,32.135221346074765
2022-09-23,7.5,29.51,23.02,85.61,25.9,37.664775584552075
2022-09-24,12.72,30.07,23.93,84.16,26.35,39.12124994295731
2022-09-25,34.04,28.25,24.36,90.48,26.18,34.64337307926888
2022-09-26,31.9,28.48,24.41,90.05,26.12,35.31624648655774
2022-09-27,5.5,27.31,23.83,92.9,25.44,32.00834108642596
2022-09-28,19.11,28.97,23.67,90.57,26.05,37.112612199749556
2022-09-29,7.3,28.05,24.36,89.71,25.83,33.85465621580593
2022-09-30,7.78,29.05,23.69,87.96,25.88,36.74053594167296
2022-10-01,2.88,29.82,23.39,85.15,26.29,38.5730165393139
2022-10-02,1.86,29.46,23.53,83.82,26.28,37.02486726548175
2022-10-03,1.03,31.98,24.21,80.54,27.49,44.526784700446946
2022-10-04,4.06,30.25,24.59,86.64,26.72,40.54174884543944
2022-10-05,2.56,30.3,24.1,80.69,26.85,38.811320390017684
2022-10-06,3.28,31.6,23.28,82.05,27.2,43.76476675536
2022-10-07,3.83,31.39,23.73,83.39,26.94,43.532277988235556
2022-10-08,8.6,31.53,23.91,83.6,27.21,44.14175331077493
2022-10-09,9.43,30.14,23.45,81.06,26.82,38.4129695788217
2022-10-10,3.92,31.04,23.76,79.26,27.1,40.747787729334725
2022-10-11,4.91,31.22,23.65,83.09,27.13,42.788907336339975
2022-10-12,28.23,28.52,24.33,90.25,26.17,35.49232111724634
2022-10-13,8.07,30.87,23.83,85.98,26.85,42.59561487467136
2022-10-14,17.75,30.02,24.49,87.34,26.77,39.93792964082637
2022-10-15,24.3,29.25,23.68,89.08,25.84,37.711483217168386
2022-10-16,38.6,28.16,23.93,91.9,25.65,34.61889856390592
2022-10-17,4.96,28.49,23.51,90.62,25.77,35.47053419633684
2022-10-18,4.21,29.08,23.57,90.29,25.95,37.42972814902411
2022-10-19,48.17,30.29,23.67,85.41,26.34,40.27932212164987
2022-10-20,6.43,29.98,24.4,83.12,26.81,38.508225858371624
2022-10-21,5.34,29.0,24.45,87.84,26.28,36.54431579204136
2022-10-22,1.02,30.0,23.48,87.46,26.59,39.90379055677547
2022-10-23,22.56,30.69,24.53,85.43,27.0,41.726158279912426
2022-10-24,5.0,31.92,24.03,82.49,27.5,45.14666800601464
2022-10-25,14.43,31.17,23.96,83.07,27.32,42.59955358794704
2022-10-26,0.15,31.5,22.48,81.11,26.56,43.023574553217166
2022-10-27,0.26,31.71,21.81,79.64,26.57,43.18101468999665
2022-10-28,3.28,31.22,24.41,84.49,27.44,43.335608843736395
2022-10-29,49.24,28.46,25.13,87.37,26.48,34.69825928927877
2022-10-30,68.21,27.49,24.84,91.4,25.81,32.368354201516915
2022-10-31,19.04,28.24,24.73,93.6,25.99,35.228293030398476
2022-11-01,5.49,28.32,23.54,92.71,25.69,35.32652524988541
2022-11-02,0.23,29.34,22.82,86.55,25.84,37.35058442679322
2022-11-03,0.37,30.12,23.41,83.3,26.39,39.025357634654185
2022-11-04,14.46,30.62,23.09,85.54,26.21,41.50953945713594
2022-11-05,3.37,30.59,23.01,80.29,26.4,39.62055335024547
2022-11-06,0.4,30.93,23.67,79.43,26.89,40.444204848921345
2022-11-07,0.72,31.54,23.27,80.72,27.1,43.01141217273387
2022-11-08,0.47,29.92,24.25,84.98,26.63,38.861435444385705
2022-11-09,0.18,30.01,23.89,83.15,26.3,38.615684133364454
2022-11-10,0.85,31.8,23.64,78.06,27.13,42.85907101002591
2022-11-11,0.73,31.46,23.55,84.5,26.85,44.247785626478134
2022-11-12,5.98,31.7,23.59,83.09,27.15,44.57052419869286
2022-11-13,1.75,31.57,23.88,82.63,27.33,43.891844966689256
2022-11-14,0.63,31.19,24.19,82.89,27.19,42.603026921420025
2022-11-15,0.5,31.22,23.26,82.89,26.87,42.71168158486127
2022-11-16,0.67,30.86,22.71,82.15,26.14,41.161156591963845
2022-11-17,3.64,30.43,21.68,85.17,25.48,40.69650901688624
2022-11-18,1.19,30.53,22.15,82.32,26.03,40.08941942418535
2022-11-19,4.23,30.92,22.25,81.9,26.24,41.279980523913416
2022-11-20,8.66,28.95,24.05,89.19,25.92,36.70377879876984
2022-11-21,5.17,29.09,23.36,88.16,25.71,36.924735854340796
2022-11-22,3.36,30.27,22.81,86.52,26.1,40.57432857449219
2022-11-23,1.29,31.14,23.78,81.54,27.03,41.9149973012515
2022-11-24,0.51,30.8,22.99,86.43,26.15,42.50029885812903
2022-11-25,0.25,30.68,22.75,84.54,25.84,41.372928591970876
2022-11-26,0.23,30.86,22.48,83.12,26.12,41.50786209102336
2022-11-27,0.19,30.09,21.6,81.83,25.17,38.48257516257635
2022-11-28,0.66,31.14,19.97,81.92,25.46,42.05686348609814
2022-11-29,0.27,31.48,22.81,83.76,26.55,44.019117486384886
2022-11-30,0.18,31.78,24.05,79.38,27.39,43.32245731445452
2022-12-01,0.22,30.06,23.6,81.45,26.28,38.27392886147056
2022-12-02,0.22,30.0,22.43,80.4,25.69,37.78099718311104
2022-12-03,1.91,28.92,22.88,82.22,25.33,34.99837140467766
2022-12-04,3.43,31.23,21.87,79.46,26.29,41.455041348883796
2022-12-05,1.37,30.39,21.92,84.77,25.81,40.42065423406055
2022-12-06,1.57,30.93,23.7,84.19,26.57,42.149857997751866
2022-12-07,3.15,30.59,22.45,87.05,25.96,41.936752910295475
2022-12-08,0.89,30.91,22.28,79.62,26.1,40.44401915143065
2022-12-09,1.26,28.97,21.76,85.45,25.06,35.8793600311092
2022-12-10,0.16,29.33,23.39,85.8,25.72,37.121552204714135
2022-12-11,2.66,29.28,23.12,84.99,25.51,36.75181345515024
2022-12-12,3.31,28.63,23.04,85.6,25.21,34.858984650404786
2022-12-13,1.24,29.46,22.77,85.07,25.86,37.35487614664506
2022-12-14,1.74,30.31,22.92,82.74,26.3,39.48534360214171
2022-12-15,1.91,30.32,23.49,83.27,26.43,39.68832083523522
2022-12-16,1.66,30.16,23.44,85.5,26.29,39.85050758706299
2022-12-17,0.78,30.89,23.72,81.42,26.76,41.00592293311076
2022-12-18,0.32,27.15,20.61,81.35,23.66,30.215873746630823
2022-12-19,0.22,28.3,20.3,79.99,23.61,32.86026962696685
2022-12-20,0.77,29.18,21.65,82.47,24.78,35.823444063816645
2022-12-21,0.42,29.42,21.98,83.93,25.09,36.92656805544324
2022-12-22,0.02,28.67,19.48,80.51,23.89,33.93847341549747
2022-12-23,0.1,27.97,19.29,78.28,22.83,31.765529666589526
2022-12-24,0.13,26.74,18.38,78.43,21.67,29.050477400848038
2022-12-25,0.12,25.64,17.46,77.93,20.68,26.949919322994376
2022-12-26,0.08,26.08,16.92,78.66,20.97,27.764722588517706
2022-12-27,0.04,26.71,17.89,78.7,21.63,29.0094993496929
2022-12-28,0.11,28.08,19.47,79.5,22.78,32.220801025543935
2022-12-29,2.22,28.68,20.63,82.66,24.19,34.39859149528395
2022-12-30,0.31,30.25,21.97,81.93,25.23,39.03245942123804
2022-12-31,1.77,30.91,21.25,80.72,25.49,40.82727710986208
2023-01-01,3.49,28.54,22.1,87.6,25.09,34.99716198103502
2023-01-02,7.78,30.32,23.45,83.81,26.1,39.86230816377185
2023-01-03,4.6,30.1,22.36,84.46,25.32,39.31568561818012
2023-01-04,1.94,29.37,21.43,81.45,24.5,36.14504224517293
2023-01-05,21.1,29.39,21.79,84.84,24.71,37.067076115741
2023-01-06,22.76,27.05,22.37,87.81,24.42,30.64349346811608
2023-01-07,2.66,28.74,20.79,82.79,23.86,34.59826226485279
2023-01-08,1.1,28.31,19.08,81.47,22.73,33.14537578913234
2023-01-09,0.02,28.74,17.65,77.67,22.93,33.56758563650806
2023-01-10,0.06,28.72,19.16,79.2,23.77,33.81439728661098
2023-01-11,0.18,29.12,20.82,78.04,24.34,34.64238351287599
2023-01-12,0.14,28.96,19.34,81.42,23.56,34.93844838596615
2023-01-13,0.13,29.7,19.63,79.38,24.19,36.59682092863933
2023-01-14,0.38,29.85,20.87,83.26,24.62,38.12453013835372
2023-01-15,2.41,30.1,22.07,83.58,25.43,39.04436958118966
2023-01-16,1.06,29.15,22.65,82.39,25.2,35.714741801576665
2023-01-17,0.64,28.08,21.97,82.1,24.45,32.63888738124682
2023-01-18,0.31,29.02,21.99,82.57,24.76,35.36983525193628
2023-01-19,0.05,30.04,21.04,81.0,24.73,38.07888264475814
2023-01-20,0.18,30.36,21.14,79.82,24.81,38.73414660553225
2023-01-21,1.29,29.66,21.19,80.3,24.35,36.718988134533824
2023-01-22,0.47,29.87,20.97,82.39,24.61,37.94011518988815
2023-01-23,0.04,30.69,21.04,77.92,25.39,39.17123141419044
2023-01-24,0.14,30.37,20.77,75.41,25.04,37.449118371336155
2023-01-25,0.04,27.36,18.51,74.76,22.07,29.973327076178414
2023-01-26,0.03,29.09,17.02,73.73,22.98,33.65785550109152
2023-01-27,0.07,29.79,19.85,77.23,24.2,36.297225639458446
2023-01-28,0.07,27.39,18.71,75.27,22.38,30.0899107113122
2023-01-29,0.08,27.39,18.05,75.68,22.2,30.135075478411636
2023-01-30,0.04,29.62,18.93,75.93,23.16,35.50223662512426
2023-01-31,0.0,29.55,19.45,75.79,23.5,35.280892616664545
2023-02-01,0.04,30.93,19.02,78.0,24.61,39.95469049667645
2023-02-02,0.47,31.81,21.54,81.73,25.73,44.40681072265998
2023-02-03,0.33,31.12,21.76,78.17,25.81,40.625742869797826
2023-02-04,0.08,30.83,20.22,76.19,24.92,39.04496561190204
2023-02-05,0.15,30.9,18.62,76.44,24.42,39.340359932381126
2023-02-06,0.53,30.76,21.41,79.82,25.37,40.019547051393516
2023-02-07,2.31,31.83,21.8,77.83,25.98,42.86980119898548
2023-02-08,7.12,31.17,20.42,81.07,25.2,41.84477928217083
2023-02-09,0.49,30.68,18.06,78.18,23.86,39.22368774819018
2023-02-10,0.03,31.46,20.61,73.84,25.21,40.170430094330555
2023-02-11,0.04,31.63,19.33,76.58,24.87,41.710794704856816
2023-02-12,0.03,31.92,18.98,77.4,24.83,43.00458309312614
2023-02-13,0.09,31.14,18.57,74.85,24.49,39.54475800109604
2023-02-14,0.0,31.62,18.91,70.01,24.21,39.31521211925015
2023-02-15,0.18,29.97,18.29,75.4,23.45,36.322343946953694
2023-02-16,0.25,30.07,19.36,72.59,23.78,35.86023940325103
2023-02-17,0.3,29.66,17.24,71.06,22.82,34.46204312292094
2023-02-18,0.56,30.36,19.54,76.94,24.38,37.86612137929298
2023-02-19,8.04,29.12,21.74,82.08,25.09,35.55316455799341
2023-02-20,9.85,30.98,22.34,82.72,25.97,41.78740113156506
2023-02-21,1.69,30.53,21.5,76.34,25.63,38.190746845764025
2023-02-22,0.07,31.39,20.39,72.11,25.17,39.3649910341439
2023-02-23,0.03,30.9,20.39,77.02,24.87,39.531764876114245
2023-02-24,0.23,31.74,20.98,78.29,25.9,42.744723395464334
2023-02-25,0.63,32.72,22.63,78.12,26.76,46.165094964016916
2023-02-26,0.14,30.86,22.09,71.13,25.44,37.55943690951093
2023-02-27,0.05,30.43,20.61,67.94,24.53,35.56829139717952
2023-02-28,0.0,30.71,18.63,69.72,24.19,36.7510810029239
2023-03-01,0.03,31.47,19.95,74.0,25.29,40.257457170668914
2023-03-02,0.04,31.83,20.38,69.78,25.72,39.836166997699735
2023-03-03,0.02,30.96,18.18,66.66,24.17,36.52160089360868
2023-03-04,0.04,31.12,19.38,67.77,24.81,37.247192317260485
2023-03-05,0.04,30.14,19.58,66.25,24.22,34.475041834676404
2023-03-06,0.0,30.78,18.63,64.32,24.12,35.45861606607272
2023-03-07,0.0,31.19,17.91,65.44,24.02,36.741473713700344
2023-03-08,0.0,31.64,18.98,67.01,24.96,38.37367257510238
2023-03-09,0.0,31.62,20.78,69.19,25.6,39.03808887196851
2023-03-10,0.12,32.47,21.32,69.88,25.91,41.7691626662652
2023-03-11,0.64,31.97,19.33,68.55,25.0,39.80183188828849
2023-03-12,1.11,31.77,20.56,71.57,25.38,40.297433514719
2023-03-13,0.38,31.5,20.68,70.78,25.46,39.23398747239989
2023-03-14,0.02,32.21,19.83,66.05,25.43,39.58681027833904
2023-03-15,0.01,33.28,20.07,67.76,26.23,43.380997834323665
2023-03-16,0.0,34.27,20.95,67.56,26.94,46.4711616974792
2023-03-17,0.09,33.74,21.37,68.05,26.69,44.96905955427744
2023-03-18,0.07,33.82,21.65,71.0,26.73,46.658420566056186
2023-03-19,0.18,33.37,21.76,69.55,26.76,44.46070536551585
2023-03-20,0.14,34.29,21.13,67.74,26.81,46.62820909552347
2023-03-21,0.01,34.25,21.02,68.42,26.94,46.836745115271164
2023-03-22,0.02,35.86,21.0,64.26,27.5,50.08878314589436
2023-03-23,0.02,35.58,21.04,65.17,27.8,49.64355412804817
2023-03-24,0.38,35.74,21.3,68.08,28.11,51.94205225289488
2023-03-25,0.35,35.51,23.35,68.71,28.53,51.46906485618172
2023-03-26,0.23,35.63,22.42,66.3,28.56,50.47410625341425
2023-03-27,0.12,36.41,23.91,64.55,28.99,52.212036740293115
2023-03-28,0.42,35.69,23.18,66.33,28.66,50.70606111875524
2023-03-29,0.42,34.08,23.78,67.79,27.89,45.955332667832764
2023-03-30,0.01,35.57,22.74,64.77,28.63,49.381097282790456
2023-03-31,0.01,35.2,24.31,65.76,28.97,48.66536765614257
2023-04-01,0.03,35.5,24.43,65.35,29.13,49.46890530325691
2023-04-02,4.13,35.32,24.86,66.51,28.98,49.499594370075414
2023-04-03,0.86,35.15,23.38,69.25,28.42,50.45919986637838
2023-04-04,0.22,33.9,23.96,70.63,27.74,46.75089148007852
2023-04-05,0.04,34.83,23.07,65.54,27.94,47.30020385103291
2023-04-06,0.06,36.25,22.27,62.73,28.41,50.534055321607305
2023-04-07,0.04,35.76,23.6,63.71,28.71,49.427748249251806
2023-04-08,0.53,36.57,22.8,61.15,28.82,50.681921101399354
2023-04-09,0.58,36.23,22.78,60.37,28.91,49.08999584004768
2023-04-10,0.28,35.31,23.28,63.45,28.48,47.77895843382938
2023-04-11,0.1,36.0,23.62,62.63,28.96,49.622099210960116
2023-04-12,1.45,36.09,24.09,64.83,28.99,51.23620500041435
2023-04-13,7.46,31.32,24.97,78.05,27.47,41.238277011591464
2023-04-14,2.74,32.7,24.61,77.86,27.55,45.96998844625799
2023-04-15,0.73,32.84,23.69,73.71,27.75,44.57183173983279
2023-04-16,3.2,35.52,24.2,71.03,28.95,52.928655244382675
2023-04-17,3.56,34.22,24.38,74.42,28.52,49.91040169783253
2023-04-18,2.03,36.13,23.88,68.26,29.42,53.52823825939143
2023-04-19,0.16,36.14,24.07,66.11,29.45,52.203597522778246
2023-04-20,0.12,35.99,25.12,65.92,30.05,51.53976486172101
2023-04-21,0.52,35.57,25.39,65.48,29.87,49.78647790588597
2023-04-22,0.7,34.83,25.36,66.71,29.77,47.917073898300714
2023-04-23,4.18,35.05,25.56,67.98,29.69,49.37518992248805
2023-04-24,25.1,34.1,24.96,75.24,28.56,49.903762089098855
2023-04-25,7.69,34.48,23.79,72.46,28.39,49.80326035303006
2023-04-26,1.29,34.36,24.41,72.16,28.55,49.1923177211415
2023-04-27,2.07,36.1,23.95,69.12,28.84,53.969151692359894
2023-04-28,0.45,36.5,23.56,67.03,29.26,54.14279411853395
2023-04-29,0.09,37.43,23.97,64.71,30.08,56.13311930758232
2023-04-30,16.52,34.35,25.53,72.63,29.09,49.41263096607965
2023-05-01,8.55,34.81,25.59,73.85,28.98,51.86972769750575
2023-05-02,1.58,35.93,24.67,69.84,29.33,53.77273886865833
2023-05-03,0.26,36.74,22.41,66.38,29.15,54.62898197611518
2023-05-04,2.68,35.44,25.34,70.57,29.32,52.334555976013945
2023-05-05,1.44,36.44,23.13,68.8,29.2,55.09019232044201
2023-05-06,0.45,36.54,23.91,66.58,29.74,53.99867517213894
2023-05-07,0.36,37.39,23.56,65.11,30.14,56.2612676521608
2023-05-08,7.76,32.99,26.28,78.66,28.56,47.43808010663016
2023-05-09,1.94,35.01,25.62,73.38,29.51,52.3752485247325
2023-05-10,3.73,31.55,25.25,81.09,27.74,43.19464792827145
2023-05-11,2.46,32.47,24.93,79.14,28.01,45.71260179916505
2023-05-12,23.79,33.72,24.7,77.43,28.52,49.6238860423317
2023-05-13,12.62,33.56,24.57,79.05,28.34,49.86590603359487
2023-05-14,2.44,34.49,25.42,76.2,29.06,51.989207496294625
2023-05-15,2.87,34.5,24.51,73.31,28.65,50.35639181115104
2023-05-16,4.41,32.12,25.13,77.95,28.27,43.92603712547009
2023-05-17,2.63,34.51,24.64,73.44,28.71,50.46829725333492
2023-05-18,1.29,34.28,25.0,72.48,29.07,49.07151899006161
2023-05-19,4.38,34.18,25.7,74.56,29.11,49.835076202926096
2023-05-20,16.01,30.67,26.2,81.42,27.99,40.26011140268268
2023-05-21,1.74,31.87,25.55,77.87,28.36,43.02328300441463
2023-05-22,6.47,31.07,25.44,81.38,27.82,41.61184523520673
2023-05-23,3.07,31.17,25.92,79.4,28.08,41.23113735030251
2023-05-24,19.76,30.66,26.18,79.51,28.2,39.59221677244152
2023-05-25,6.19,30.79,25.6,81.54,27.86,40.70676472852139
2023-05-26,20.24,31.5,25.01,82.78,27.66,43.69379172175986
2023-05-27,13.72,32.69,24.21,79.34,27.99,46.62871670352246
2023-05-28,1.72,33.17,24.5,76.72,28.29,47.15884872537716
2023-05-29,4.22,31.82,25.2,80.57,27.97,43.955897733651945
2023-05-30,24.12,30.67,25.07,82.29,27.43,40.55560116152037
2023-05-31,37.27,28.91,25.63,89.84,27.01,36.72440935090031
2023-06-01,10.74,31.16,25.53,83.82,27.7,42.8513754906169
2023-06-02,8.55,30.69,25.33,83.93,27.79,41.19362467241055
2023-06-03,12.97,31.47,25.49,82.38,28.17,43.42184620882639
2023-06-04,41.09,28.19,24.51,90.44,26.38,34.43926587233217
2023-06-05,5.75,31.63,23.31,82.19,27.29,43.9328082465261
2023-06-06,9.68,29.8,24.61,86.57,26.92,38.92306523055035
2023-06-07,21.05,28.08,24.59,90.03,26.26,34.00771853573471
2023-06-08,1.68,32.03,24.99,81.35,27.93,45.063213025600504
2023-06-09,9.37,30.75,24.85,86.32,27.3,42.27165564244938
2023-06-10,26.71,30.17,24.89,88.33,27.06,40.808619184648
2023-06-11,25.64,29.94,23.95,89.1,26.68,40.203787997755676
2023-06-12,29.54,28.23,24.71,94.25,26.29,35.324305509424605
2023-06-13,25.29,29.14,24.67,91.73,26.7,38.02156835296081
2023-06-14,6.37,30.31,24.6,89.33,27.13,41.678577648560015
2023-06-15,5.05,30.1,25.08,86.55,27.4,39.97350739971634
2023-06-16,5.29,30.93,24.83,86.37,27.35,42.97015584315763
2023-06-17,4.25,31.88,24.45,82.69,27.64,45.08170218002994
2023-06-18,2.08,32.36,23.24,80.53,27.61,45.937041071457315
2023-06-19,1.39,31.64,24.0,83.49,27.41,44.51204216969344
2023-06-20,5.36,30.43,24.4,85.56,27.07,40.82862498076807
2023-06-21,6.17,32.35,24.87,78.61,28.29,45.033918486115475
2023-06-22,16.85,31.46,25.69,84.5,28.11,44.247785626478134
2023-06-23,6.83,32.84,25.21,80.12,28.34,47.58036885898434
2023-06-24,10.29,30.39,24.53,85.44,27.11,40.6448048496591
2023-06-25,15.81,31.17,23.46,83.42,27.04,42.73386609296978
2023-06-26,5.33,30.69,24.26,83.57,27.11,41.06746766573363
2023-06-27,10.81,31.66,24.41,80.63,27.61,43.403767268137784
2023-06-28,36.28,28.82,24.96,91.29,26.55,36.76016894796605
2023-06-29,9.34,29.0,23.97,88.39,26.48,36.67818748689438
2023-06-30,10.77,29.64,24.19,87.73,26.77,38.70390114795355
2023-07-01,5.61,29.78,25.3,86.02,27.16,38.691705299289175
2023-07-02,25.22,28.96,25.13,85.29,26.96,35.81084249031401
2023-07-03,5.12,32.18,24.63,79.64,27.69,44.86917010007117
2023-07-04,0.41,32.98,23.81,75.95,28.05,46.092048549007046
2023-07-05,0.54,31.7,23.84,77.97,27.95,42.48153017802761
2023-07-06,0.33,32.1,24.01,79.44,28.35,44.49107407064496
2023-07-07,11.45,31.03,24.49,82.62,27.92,41.927911942291686
2023-07-08,4.52,32.6,24.3,81.69,28.02,47.4087233902907
2023-07-09,2.74,32.6,24.24,80.14,28.24,46.66642929573018
2023-07-10,2.81,33.2,25.07,79.55,28.44,48.70082621088172
2023-07-11,8.81,31.65,24.81,81.26,27.97,43.624181989071495
2023-07-12,3.38,32.03,25.83,81.91,28.32,45.30940527160586
2023-07-13,34.65,29.08,24.91,88.37,26.56,36.9434376815506
2023-07-14,43.46,28.12,24.68,94.06,25.9,34.89761680348912
2023-07-15,64.92,28.02,25.03,94.96,26.21,34.71634990678681
2023-07-16,53.76,29.3,24.69,91.67,26.48,38.59499440817148
2023-07-17,16.5,28.45,24.91,93.47,26.38,35.945427897048845
2023-07-18,10.04,29.74,24.33,88.54,26.82,39.29882672610372
2023-07-19,30.08,30.99,24.14,86.87,27.18,43.392997871698384
2023-07-20,10.63,32.64,24.44,81.33,28.0,47.39137622419568
2023-07-21,16.94,30.98,24.71,86.31,27.32,43.13768311539194
2023-07-22,20.2,30.74,25.09,85.66,27.39,41.993090525729784
2023-07-23,17.08,31.31,24.97,85.81,27.54,44.20860550555796
2023-07-24,9.49,30.47,24.73,88.29,27.25,41.925637701063664
2023-07-25,42.73,28.22,25.33,92.72,26.44,34.98277885582382
2023-07-26,96.16,26.07,25.0,93.42,25.52,28.361240962729166
2023-07-27,104.75,28.46,24.8,93.47,26.54,35.98118405977509
2023-07-28,57.36,28.44,24.98,94.39,26.56,36.110292431218596
2023-07-29,28.5,28.46,24.6,92.14,26.15,35.693087358079524
2023-07-30,35.09,27.87,24.44,94.42,25.95,34.092952766658236
2023-07-31,10.13,28.36,24.26,93.06,26.18,35.53893406848441
2023-08-01,19.03,28.16,24.92,94.58,26.27,35.14093633095021
2023-08-02,66.5,28.71,24.64,95.02,26.45,37.25774524862112
2023-08-03,23.13,28.41,24.78,93.46,26.36,35.800584529438275
2023-08-04,4.97,29.06,24.06,91.16,26.34,37.58214193988729
2023-08-05,11.27,28.9,24.12,92.19,26.33,37.26587348530305
2023-08-06,6.62,29.09,24.42,91.8,26.46,37.85718529997531
2023-08-07,6.37,29.63,24.35,90.3,26.72,39.423677562288624
2023-08-08,6.2,29.85,24.55,90.96,26.96,40.456375375872234
2023-08-09,3.0,29.45,25.08,91.01,26.91,38.96452207455248
2023-08-10,2.18,29.91,24.68,88.69,27.07,39.96352177272635
2023-08-11,6.37,29.73,24.38,88.51,26.81,39.25379019827492
2023-08-12,1.87,30.13,25.06,86.1,27.08,39.93640423035919
2023-08-13,0.72,29.42,24.7,88.44,26.83,38.13296013859565
2023-08-14,4.53,29.94,24.93,86.88,26.98,39.50831998961362
2023-08-15,9.9,30.46,24.62,87.21,27.1,41.50711328080363
2023-08-16,4.51,30.55,24.58,86.13,27.17,41.46143672691777
2023-08-17,5.7,29.55,24.72,87.69,26.75,38.37752086651974
2023-08-18,0.93,30.44,24.48,85.21,27.14,40.7457025739798
2023-08-19,4.56,30.02,24.24,89.44,26.78,40.61220549138179
2023-08-20,4.47,30.21,24.22,88.28,26.82,40.9410698514516
2023-08-21,10.39,29.76,24.4,88.9,26.64,39.4799298844762
2023-08-22,5.97,28.44,24.84,91.69,26.3,35.52790596885662
2023-08-23,8.53,28.86,23.75,88.86,26.27,36.32034149617502
2023-08-24,9.11,29.11,24.41,88.21,26.48,37.004918225104795
2023-08-25,23.07,29.4,24.5,89.42,26.4,38.33346761620298
2023-08-26,35.53,27.15,24.8,92.2,25.67,31.42382835102669
2023-08-27,43.01,28.62,25.25,91.88,26.66,36.19433757452518
2023-08-28,10.77,28.06,25.39,93.47,26.52,34.57638549506486
2023-08-29,23.97,28.13,24.62,92.55,26.02,34.641835224749215
2023-08-30,51.27,27.99,23.98,93.06,25.87,34.26131337552451
2023-08-31,28.85,29.23,24.37,92.01,26.4,38.4290174069033
2023-09-01,60.82,28.68,24.8,93.77,26.47,36.84683690984144
2023-09-02,64.39,28.34,24.77,94.36,26.49,35.7413756471459
2023-09-03,36.47,28.64,25.38,94.08,26.72,36.7726217033943
2023-09-04,27.98,28.47,25.02,93.72,26.48,36.07184150020802
2023-09-05,20.55,29.09,24.62,91.96,26.56,37.8991738384516
2023-09-06,18.29,28.9,24.54,91.6,26.28,37.11967665796449
2023-09-07,3.9,29.8,24.53,87.38,26.69,39.16488638252562
2023-09-08,7.3,30.09,24.45,88.65,26.88,40.61627963726741
2023-09-09,4.78,30.31,24.13,84.44,26.97,40.03222852538462
2023-09-10,6.88,30.03,24.29,87.39,26.67,39.98984101169391
2023-09-11,4.24,30.57,23.67,85.21,26.71,41.21222164334805
2023-09-12,18.59,29.3,23.85,87.85,26.3,37.55846602979407
2023-09-13,18.0,29.48,23.99,87.34,26.41,38.037527721923475
2023-09-14,2.07,28.29,24.3,89.4,26.09,34.56268961824916
2023-09-15,7.84,29.26,23.64,89.06,26.18,37.74113051030406
2023-09-16,3.27,30.25,24.2,84.96,26.96,39.991987926842306
2023-09-17,12.46,30.41,24.79,86.18,27.09,40.96739202437737
2023-09-18,6.69,29.99,24.69,88.28,27.03,40.12735312552628
2023-09-19,7.62,30.02,24.86,88.96,27.08,40.45643260024518
2023-09-20,1.77,30.76,24.79,87.27,27.08,42.66147720984052
2023-09-21,4.71,31.24,25.35,84.87,27.7,43.56144797172221
2023-09-22,21.23,30.42,24.86,88.33,27.04,41.74938356773018
2023-09-23,23.99,28.13,24.66,91.88,26.1,34.51443140075329
2023-09-24,25.83,27.87,24.05,93.42,25.6,33.91872970016649
2023-09-25,7.96,30.33,23.87,87.19,26.98,41.018368164826
2023-09-26,10.73,30.13,24.29,87.86,26.9,40.50560676178953
2023-09-27,26.38,28.85,25.06,91.4,26.66,36.89275070232522
2023-09-28,30.45,30.09,24.49,87.61,26.91,40.27791459279529
2023-09-29,14.16,30.7,24.91,86.13,27.28,42.01562965971893
2023-09-30,7.16,30.35,25.26,88.89,27.3,41.678695361122784
2023-10-01,10.1,29.11,25.32,90.47,26.92,37.58247958852622
2023-10-02,9.57,29.08,25.02,90.32,26.72,37.43742252052991
2023-10-03,16.01,28.37,24.81,93.18,26.34,35.59934618801512
2023-10-04,7.3,28.46,24.64,92.21,26.22,35.7081338790816
2023-10-05,19.81,29.28,24.13,87.74,26.13,37.46122758645846
2023-10-06,12.75,27.41,23.7,90.19,25.41,31.957510294070744
2023-10-07,1.41,29.99,22.72,83.61,26.28,38.68684583214672
2023-10-08,2.94,30.39,23.06,86.39,26.66,40.96619119217067
2023-10-09,3.88,32.22,24.36,81.83,27.66,45.997822242968084
2023-10-10,1.67,32.55,24.58,80.98,27.99,46.87302460824716
2023-10-11,0.79,31.66,24.16,78.39,27.62,42.50998352465305
2023-10-12,0.69,32.4,23.89,77.47,27.81,44.70916124022627
2023-10-13,1.03,31.85,24.51,83.86,27.74,45.477750446389514
2023-10-14,9.63,29.24,25.06,88.26,26.75,37.46086866009185
2023-10-15,17.35,30.5,24.02,86.76,26.53,41.49818258889556
2023-10-16,5.72,29.72,24.1,84.18,26.71,37.96170442021331
2023-10-17,4.71,31.38,24.07,84.4,27.16,43.902491171429126
2023-10-18,0.61,31.91,24.1,78.67,27.8,43.48898067172557
2023-10-19,5.16,31.93,23.58,83.39,27.28,45.58075687324296
2023-10-20,7.82,31.4,24.2,86.84,27.13,44.98989306981062
2023-10-21,11.91,28.67,24.59,90.12,26.11,35.96951250750367
2023-10-22,3.84,30.32,24.25,82.67,27.08,39.49655985521181
2023-10-23,1.24,29.63,24.6,85.86,26.49,38.13546849020425
2023-10-24,1.5,31.91,23.95,81.61,27.28,44.727593842016425
2023-10-25,2.11,32.26,24.65,81.45,27.63,45.977706559479046
2023-10-26,11.27,31.6,23.89,84.84,27.15,44.929943077703
2023-10-27,16.03,27.91,23.85,89.95,25.82,33.455142991744715
2023-10-28,2.49,31.24,23.77,82.58,27.12,42.66453125530604
2023-10-29,1.77,31.74,23.97,82.6,27.02,44.51387262603508
2023-10-30,0.48,31.78,22.48,79.06,26.88,43.19251362103637
2023-10-31,0.08,31.03,21.79,79.82,26.09,40.91277352985081
2023-11-01,0.83,30.35,23.02,81.29,26.6,39.15931467102356
2023-11-02,3.68,29.64,24.17,86.16,26.61,38.25408404137812
2023-11-03,3.84,31.5,24.61,82.15,27.51,43.43907296591689
2023-11-04,3.66,30.93,24.84,85.25,27.53,42.54564727839176
2023-11-05,3.85,30.45,24.98,85.99,27.19,41.04767229339571
2023-11-06,5.11,31.83,24.32,83.47,27.49,45.229756891260394
2023-11-07,0.71,31.92,24.46,79.15,27.78,43.72304081065098
2023-11-08,1.04,30.83,23.75,85.33,26.91,42.20471467324796
2023-11-09,0.24,31.61,24.31,81.63,27.35,43.62973903579066
2023-11-10,0.19,32.0,22.79,80.99,26.99,44.79459299532818
2023-11-11,0.21,32.04,23.48,80.98,27.34,44.9388102370873
2023-11-12,0.32,31.69,23.71,77.41,27.38,42.228903122435526
2023-11-13,0.29,31.57,23.19,80.98,26.45,43.222306648879965
2023-11-14,2.65,29.37,23.16,85.21,25.75,37.09867872824472
2023-11-15,0.67,30.63,22.49,82.92,25.79,40.63343683717293
2023-11-16,0.3,31.51,21.55,80.76,26.06,42.92063957072982
2023-11-17,0.12,30.77,21.73,77.18,25.67,39.1808561302403
2023-11-18,0.28,30.88,21.24,80.93,25.07,40.79952223221169
2023-11-19,0.01,29.72,20.12,77.79,24.51,36.243113356575016
2023-11-20,0.01,30.46,19.59,77.58,24.95,38.357529745566346
2023-11-21,0.01,30.93,21.68,79.36,25.9,40.419996337273865
2023-11-22,0.01,30.12,22.25,80.13,25.88,38.075197035053584
2023-11-23,0.64,30.61,22.75,81.23,26.39,39.995907721707184
2023-11-24,0.94,31.86,23.91,83.08,27.15,45.17506666728372
2023-11-25,1.62,30.95,22.71,82.18,26.3,41.48514971898634
2023-11-26,0.92,31.28,21.92,84.24,26.05,43.46144958672086
2023-11-27,0.46,31.82,23.38,80.61,26.96,43.972590491349514
2023-11-28,5.14,30.89,23.12,84.09,26.09,41.96781270578332
2023-11-29,1.52,31.48,23.04,81.59,26.9,43.142425593244965
2023-11-30,0.87,30.52,23.37,81.04,26.58,39.63577264431523
2023-12-01,1.95,31.23,22.65,82.93,26.31,42.763416115216415
2023-12-02,1.61,31.43,22.81,83.48,26.35,43.717480765505925
2023-12-03,6.15,31.12,21.49,84.02,25.43,42.781181168170086
2023-12-04,1.29,31.53,21.25,80.97,25.99,43.07516491580247
2023-12-05,0.6,31.39,23.62,82.44,26.98,43.15365619039669
2023-12-06,6.45,29.43,23.62,89.22,25.98,38.38470824982984
2023-12-07,0.85,30.28,24.36,86.32,26.58,40.544050403259185
2023-12-08,1.6,31.1,23.33,84.96,26.58,43.069625749127425
2023-12-09,1.41,30.42,23.33,86.31,26.17,41.04821325099465
2023-12-10,0.25,31.39,22.08,80.64,26.31,42.45021613590536
2023-12-11,0.69,31.29,23.72,80.42,26.78,42.0177150813315
2023-12-12,0.35,31.75,22.17,76.71,26.83,42.157261532774214
2023-12-13,1.06,31.52,22.97,81.28,26.55,43.162865441926336
2023-12-14,0.39,30.45,21.72,79.44,25.02,38.900334141055495
2023-12-15,0.59,30.5,20.81,81.49,25.22,39.71613607879795
2023-12-16,2.02,30.91,22.31,81.25,26.06,41.01416385780703
2023-12-17,0.57,29.75,21.85,80.62,24.93,37.07540356257405
2023-12-18,4.94,30.95,22.87,81.52,25.82,41.24754851620034
2023-12-19,4.34,30.29,23.02,82.43,26.07,39.32055959286512
2023-12-20,1.03,30.52,21.74,81.67,25.84,39.84143509875915
2023-12-21,2.64,29.51,23.34,81.44,26.03,36.56333274566993
2023-12-22,3.16,26.68,21.12,81.25,23.66,29.14012603133999
2023-12-23,0.28,28.54,20.62,78.05,23.93,33.12954235774434
2023-12-24,0.21,31.05,21.53,79.8,25.51,40.972627790110465
2023-12-25,0.13,30.56,22.21,78.03,25.36,38.80261255075876
2023-12-26,1.21,30.93,22.04,80.47,25.71,40.80686045488679
2023-12-27,1.22,31.02,21.88,79.55,25.93,40.78381360604074
2023-12-28,0.48,31.37,21.72,78.64,25.95,41.62282365054367
2023-12-29,0.27,31.66,21.15,79.33,25.85,42.88144516920392
2023-12-30,0.56,31.72,22.29,81.21,26.38,43.85820715883571
2023-12-31,0.7,31.53,23.33,79.6,26.91,42.535391402798055
2024-01-01,0.28,31.95,23.24,78.49,27.03,43.55499000955224
2024-01-02,0.11,31.57,23.79,82.15,26.76,43.695437111881105
2024-01-03,0.16,30.99,23.79,82.85,26.63,41.87066648572145
2024-01-04,0.08,31.75,23.16,77.95,26.55,42.64401668718104
2024-01-05,0.02,31.49,21.26,74.66,25.72,40.554331699298416
2024-01-06,0.0,31.19,20.56,76.59,25.42,40.295920678320144
2024-01-07,0.0,31.29,20.5,74.05,25.3,39.727392164162445
2024-01-08,0.22,31.49,20.73,78.99,25.48,42.1616663192313
2024-01-09,0.07,31.98,22.67,78.47,26.55,43.652044338568814
2024-01-10,0.04,31.35,22.7,78.33,26.37,41.440799586693295
2024-01-11,0.07,31.03,21.52,73.63,25.45,38.81534928245092
2024-01-12,0.06,30.29,19.79,73.2,24.49,36.60599770361077
2024-01-13,0.03,30.96,19.72,72.63,24.47,38.29600391709858
2024-01-14,0.02,30.46,19.39,72.37,24.22,36.83518598525597
2024-01-15,0.12,30.36,19.27,74.1,24.11,37.04749077068032
2024-01-16,0.3,28.73,18.84,74.25,22.78,32.89837582728293
2024-01-17,0.09,28.68,18.29,72.62,22.47,32.49085605621765
2024-01-18,1.16,29.89,17.92,76.14,23.7,36.294481851775316
2024-01-19,0.7,31.32,21.04,77.94,25.3,41.19803113064414
2024-01-20,0.1,30.79,21.59,76.28,25.42,38.95240970238763
2024-01-21,0.04,31.6,22.16,75.24,26.07,41.111819534004255
2024-01-22,0.13,31.91,21.14,76.92,25.75,42.77696734302591
2024-01-23,6.69,29.54,21.93,80.7,25.06,36.46403789416075
2024-01-24,0.89,29.54,20.65,74.22,24.03,34.886507387006596
2024-01-25,0.09,30.06,19.36,70.95,23.96,35.419524519986666
2024-01-26,0.01,29.37,18.61,69.69,22.95,33.489479342980474
2024-01-27,0.03,28.82,17.07,72.01,22.21,32.69696243525272
2024-01-28,0.15,29.1,16.74,75.28,21.85,34.001016524959425
2024-01-29,0.07,29.55,17.09,75.06,22.32,35.10830816907727
2024-01-30,0.04,30.43,17.62,71.93,23.49,36.632545462639165
2024-01-31,0.07,31.32,18.27,75.23,24.13,40.22778602123573
2024-02-01,0.25,31.16,19.1,75.25,24.6,39.740950845912806
2024-02-02,0.17,32.17,19.33,72.69,25.26,41.946034633271
2024-02-03,0.75,32.65,20.81,74.59,25.78,44.31372991219415
2024-02-04,0.32,32.91,20.01,72.6,25.62,44.31375559484047
2024-02-05,0.29,33.61,20.84,73.21,26.2,47.02013624561444
2024-02-06,0.05,33.06,21.08,70.16,26.18,43.731127504009216
2024-02-07,0.0,32.52,19.73,71.32,25.42,42.50202605649268
2024-02-08,0.02,31.29,21.34,73.1,25.37,39.40506857939321
2024-02-09,0.03,32.45,21.19,72.85,26.0,42.906415732626634
2024-02-10,0.02,32.18,22.07,70.58,26.1,41.161146507180625
2024-02-11,0.31,32.13,19.87,67.43,24.92,39.85496815143355
2024-02-12,0.14,30.0,19.09,66.37,23.38,34.188335560910595
2024-02-13,0.32,31.64,17.89,68.52,24.28,38.86958649235779
2024-02-14,1.14,32.94,20.23,73.48,25.78,44.80931918014942
2024-02-15,0.34,33.24,21.22,71.49,26.38,44.91704782735829
2024-02-16,0.62,33.46,21.59,72.3,26.62,46.04703832800543
2024-02-17,0.18,33.41,20.54,70.87,25.83,45.19960434845411
2024-02-18,0.04,33.41,19.22,69.32,25.79,44.48604881029263
2024-02-19,0.06,33.79,19.36,69.1,25.75,45.6297977690454
2024-02-20,0.0,33.54,18.88,69.87,25.25,45.165511173646195
2024-02-21,0.01,33.81,18.83,68.72,25.65,45.51419189014554
2024-02-22,0.18,34.48,20.12,69.29,26.38,48.07948279007371
2024-02-23,0.51,34.91,22.1,69.59,27.11,49.77776412309166
2024-02-24,0.35,34.63,19.58,67.97,26.68,47.901347629815646
2024-02-25,0.88,35.05,22.42,69.48,27.37,50.22553582747494
2024-02-26,0.2,33.86,21.09,64.16,26.41,43.569717998825126
2024-02-27,0.14,33.62,19.59,64.13,25.91,42.8433157274641
2024-02-28,0.06,33.15,19.3,66.73,25.16,42.54575412297107
2024-02-29,0.24,33.26,18.87,67.17,25.47,43.06514838512666
2024-03-01,0.24,34.05,21.17,66.04,26.81,45.01733489487275
2024-03-02,0.07,34.72,21.88,65.14,27.31,46.73146778228882
2024-03-03,0.05,35.1,22.24,64.06,27.31,47.41436880814763
2024-03-04,0.27,35.53,20.21,66.31,27.31,50.124774673247174
2024-03-05,0.11,35.73,21.98,64.12,27.8,49.55969503547827
2024-03-06,0.0,35.39,21.42,61.18,27.55,46.836580746680184
2024-03-07,0.06,36.2,22.15,64.33,28.28,51.32359648296748
2024-03-08,0.43,35.29,22.86,65.2,27.89,48.66400308528629
2024-03-09,1.57,33.66,23.14,67.23,27.12,44.33506259873666
2024-03-10,0.2,35.05,21.28,61.47,27.3,45.92466301408918
2024-03-11,0.17,35.9,20.18,60.06,27.49,47.85291094458994
2024-03-12,0.71,35.38,22.45,65.03,28.03,48.87651475181163
2024-03-13,0.82,34.01,23.04,65.27,27.64,44.53155839821444
2024-03-14,0.24,35.63,21.82,59.47,27.72,46.69389139446847
2024-03-15,0.58,35.17,22.03,63.44,27.95,47.3161896542451
2024-03-16,1.03,34.64,22.95,66.83,27.69,47.33722839397092
2024-03-17,1.65,35.82,22.74,64.59,28.01,50.14241498936198
2024-03-18,0.8,35.64,22.42,63.86,27.86,49.10527359247729
2024-03-19,0.31,35.81,21.48,61.1,27.92,48.13280328815212
2024-03-20,0.9,34.68,23.66,65.5,27.83,46.784442875029285
2024-03-21,0.31,33.6,22.09,63.01,26.95,42.31106154754257
2024-03-22,0.91,34.4,22.09,63.19,27.53,44.76181299343871
2024-03-23,1.46,35.11,21.86,68.06,27.44,49.633663566994706
2024-03-24,0.23,37.16,22.2,63.94,28.48,54.573380881800674
2024-03-25,0.07,37.75,22.7,60.82,28.97,54.620603380227976
2024-03-26,0.85,37.17,22.55,61.95,29.37,53.28330047887778
2024-03-27,22.85,32.51,25.11,77.49,28.21,45.11119189510368
2024-03-28,7.38,32.25,23.98,79.51,27.78,45.06831469993631
2024-03-29,4.21,31.75,24.56,79.05,27.86,43.08353155874911
2024-03-30,1.3,32.98,24.13,76.39,27.83,46.30080654761476
2024-03-31,0.08,34.8,23.01,66.81,27.76,47.868184022956044
2024-04-01,0.21,35.63,22.69,70.3,28.27,52.89922209617012
2024-04-02,0.2,35.48,22.2,66.64,27.71,50.13861281489006
2024-04-03,0.23,36.85,21.3,65.14,28.09,54.21678137364751
2024-04-04,0.04,37.24,20.95,64.62,28.53,55.3409128630656
2024-04-05,0.23,36.66,20.81,61.93,28.51,51.4675919042425
2024-04-06,0.34,37.13,23.15,63.61,29.28,54.23904274082579
2024-04-07,0.21,36.9,22.93,62.66,29.22,52.77556199516593
2024-04-08,0.03,37.62,23.48,61.23,29.58,54.42851747794322
2024-04-09,1.46,36.54,23.38,64.65,29.18,52.747752039686176
2024-04-10,0.9,36.72,24.61,67.38,29.54,55.227948878889315
2024-04-11,0.26,36.82,24.26,65.74,29.55,54.50467004697455
2024-04-12,0.15,38.04,24.72,60.97,30.25,55.79030716889949
2024-04-13,0.09,37.61,24.3,60.22,30.26,53.71020411880042
2024-04-14,0.09,38.35,23.94,58.5,30.61,55.17229280028586
2024-04-15,0.05,38.71,24.45,60.14,30.76,57.69513921009914
2024-04-16,0.01,38.98,23.71,57.43,30.7,56.674028491484854
2024-04-17,0.01,38.9,24.19,58.02,30.77,56.81903106543217
2024-04-18,0.01,38.56,24.44,59.52,30.6,56.67182805984267
2024-04-19,0.0,37.71,25.15,55.53,30.72,51.021007124131344
2024-04-20,0.0,38.55,23.53,56.67,30.45,54.59655484717674
2024-04-21,0.01,38.78,23.51,55.53,30.34,54.59757371315847
2024-04-22,0.0,38.61,22.71,57.1,30.55,55.10923079112558
2024-04-23,0.02,39.51,25.14,55.27,31.9,56.9721783537913
2024-04-24,3.48,35.4,26.31,65.04,30.39,48.95037777970245
2024-04-25,4.51,34.24,25.84,69.05,29.45,47.122966566626005
2024-04-26,0.1,38.64,24.66,60.47,30.86,57.67778909335365
2024-04-27,0.4,38.19,24.68,59.95,30.7,55.61838707834525
2024-04-28,3.22,38.32,26.13,63.85,31.4,58.99865138842309
2024-04-29,1.13,38.9,25.4,63.5,31.2,61.07244053282948
2024-04-30,0.3,38.62,25.8,60.33,31.24,57.4969090065999
2024-05-01,0.67,39.04,25.65,59.51,31.53,58.469017686829226
2024-05-02,0.46,37.51,26.12,60.87,30.92,53.78803248166845
2024-05-03,0.12,39.39,26.03,55.54,31.64,56.74595181451923
2024-05-04,0.15,38.56,26.48,56.41,31.58,54.450342672533594
2024-05-05,0.03,39.4,25.5,56.92,31.64,57.826281883027555
2024-05-06,0.89,40.26,25.81,55.85,32.19,60.181691272819066
2024-05-07,2.42,40.4,26.37,58.03,32.09,62.557315136694896
2024-05-08,1.57,38.77,26.41,61.36,31.18,58.856999326058336
2024-05-09,2.0,38.21,25.81,60.53,30.97,56.106587244130964
2024-05-10,10.71,35.45,25.27,72.17,29.33,53.36835656128228
2024-05-11,8.8,31.4,25.61,82.09,27.9,43.0516179690039
2024-05-12,6.95,36.54,24.6,68.31,30.0,55.15353317742373
2024-05-13,3.08,35.85,25.27,70.8,30.08,54.07853086998213
2024-05-14,21.59,28.44,26.32,85.3,27.41,34.2256835580328
2024-05-15,2.54,32.58,25.39,77.32,28.76,45.286073981235
2024-05-16,3.06,33.08,25.47,75.42,28.97,46.20026414980562
2024-05-17,5.58,34.47,25.13,74.44,29.4,50.885206649685756
2024-05-18,8.61,33.35,25.97,77.64,29.21,48.30063985666537
2024-05-19,14.95,31.24,25.71,79.53,28.07,41.51461876663467
2024-05-20,7.6,32.29,24.9,78.59,28.4,44.807897877033035
2024-05-21,5.13,33.41,25.59,77.55,28.88,48.48450391466808
2024-05-22,6.08,35.25,24.58,74.81,29.39,54.234187187182386
2024-05-23,2.38,35.27,25.22,74.49,29.35,54.11224484204201
2024-05-24,3.81,36.16,24.8,70.92,29.83,55.39920533176684
2024-05-25,3.86,37.43,24.97,66.49,30.6,57.409951767321644
2024-05-26,22.93,32.14,25.03,79.05,28.18,44.46731444645449
2024-05-27,18.18,30.82,25.87,84.67,27.82,41.92591615713987
2024-05-28,13.66,31.36,25.28,82.08,28.02,42.90318835377709
2024-05-29,26.97,30.04,25.18,87.14,27.08,39.94649242563721
2024-05-30,15.8,30.38,24.88,87.36,27.5,41.261494681174575
2024-05-31,0.38,33.85,25.3,78.07,29.33,50.48952723781674
2024-06-01,0.95,31.17,25.97,82.67,28.32,42.44686586239349
2024-06-02,11.5,32.12,25.62,83.23,28.17,46.248781978663594
2024-06-03,0.78,32.25,24.57,78.02,28.1,44.41577029594015
2024-06-04,6.43,32.02,25.45,83.56,28.41,46.00708880284353
2024-06-05,14.06,31.28,25.52,83.2,27.91,43.050977546232765
2024-06-06,3.89,32.27,24.52,76.46,27.85,43.816936510861915
2024-06-07,2.19,32.44,23.73,80.31,27.51,46.13818214540913
2024-06-08,6.39,30.31,25.46,84.53,27.49,40.06154745228285
2024-06-09,2.52,31.37,24.8,81.63,27.81,42.76327867537594
2024-06-10,1.62,31.99,25.13,80.34,28.43,44.477659315884765
2024-06-11,2.91,31.18,25.55,82.58,27.81,42.44852880166256
2024-06-12,4.78,33.27,24.78,77.82,28.64,48.086330574027826
2024-06-13,1.63,33.35,25.68,76.79,28.96,47.8670737265729
2024-06-14,4.32,32.43,25.72,79.9,28.77,45.91163240031761
2024-06-15,4.77,31.79,25.89,79.87,28.7,43.55826584542284
2024-06-16,12.45,30.44,25.92,86.42,27.79,41.15905736726833
2024-06-17,5.46,31.73,25.46,82.91,27.94,44.60762056492493
2024-06-18,5.81,30.9,24.81,83.64,27.78,41.839001519083304
2024-06-19,10.7,31.11,24.85,84.62,27.75,42.97536864032685
2024-06-20,4.51,32.96,24.84,81.17,28.15,48.578601069276786
2024-06-21,21.72,30.44,25.13,85.82,27.55,40.95323193169921
2024-06-22,2.29,31.33,24.93,84.1,27.76,43.59300213162038
2024-06-23,6.92,30.91,25.14,85.29,27.52,42.48630943470217
2024-06-24,10.67,31.63,24.66,81.36,27.99,43.59240557680421
2024-06-25,6.7,31.64,23.42,77.9,27.07,42.25076847729096
2024-06-26,7.12,32.54,24.68,78.32,27.88,45.595700560132485
2024-06-27,6.75,30.75,23.84,82.53,26.89,40.91380753685302
2024-06-28,10.38,29.33,24.56,87.29,26.77,37.5122815705337
2024-06-29,11.17,31.61,25.19,78.02,28.17,42.19585438048852
2024-06-30,33.16,31.94,25.3,81.9,28.24,44.96534626940531
2024-07-01,65.74,32.02,25.23,82.68,28.1,45.61267576165634
2024-07-02,11.26,31.99,24.44,83.31,27.77,45.77788216027414
2024-07-03,7.64,30.98,24.24,84.55,27.34,42.46729350557651
2024-07-04,21.23,30.67,25.21,84.69,27.54,41.39001707716906
2024-07-05,15.93,31.14,24.13,83.02,27.18,42.47191220118523
2024-07-06,5.26,30.37,24.1,85.44,26.97,40.573438744945
2024-07-07,6.97,31.21,24.12,82.72,27.12,42.61009170086518
2024-07-08,14.91,31.17,23.5,80.79,27.21,41.740839411599495
2024-07-09,26.92,31.32,25.66,81.22,27.9,42.42702502228672
2024-07-10,13.28,31.52,25.01,81.85,27.86,43.39123022183363
2024-07-11,8.32,31.1,24.06,82.47,27.61,42.12094998759236
2024-07-12,6.64,30.1,24.57,82.2,27.37,38.62565261962636
2024-07-13,7.05,31.35,24.49,84.11,27.51,43.67209425300843
2024-07-14,3.12,31.3,24.37,83.34,27.18,43.179500151353785
2024-07-15,7.82,31.4,24.11,84.02,27.21,43.82380579043373
2024-07-16,3.72,31.2,23.85,84.11,27.03,43.11184514705787
2024-07-17,2.45,32.68,24.03,79.98,27.9,46.89586558583547
2024-07-18,17.84,31.53,25.29,82.63,28.04,43.74372268205624
2024-07-19,12.16,31.39,25.02,84.15,27.85,43.83883757199783
2024-07-20,27.19,28.96,24.79,90.16,26.75,36.97592654735294
2024-07-21,9.83,29.62,24.39,90.26,26.7,39.37470287917998
2024-07-22,43.45,27.78,24.89,92.96,26.2,33.53940450009436
2024-07-23,66.0,27.14,25.29,94.45,26.37,31.660720811540152
2024-07-24,73.43,27.9,25.14,94.09,26.26,34.13833549104308
2024-07-25,102.06,28.47,25.66,93.45,26.81,36.012590514469245
2024-07-26,27.0,29.36,24.99,90.15,26.76,38.392492513930414
2024-07-27,11.53,29.14,24.51,91.36,26.34,37.92344809063526
2024-07-28,24.56,28.21,24.1,89.74,25.82,34.37080328582676
2024-07-29,13.38,29.43,23.57,89.6,25.93,38.491100124459976
2024-07-30,6.09,27.35,24.1,90.42,25.42,31.808087854699366
2024-07-31,0.45,31.1,23.82,82.39,27.19,42.0910198970728
2024-08-01,17.82,26.57,24.16,91.3,25.22,29.635536146323222
2024-08-02,10.26,31.91,23.92,82.6,27.07,45.156650471350275
2024-08-03,14.35,30.78,23.13,82.69,26.92,41.074029033377464
2024-08-04,9.93,29.81,24.01,88.53,26.61,39.54901289529037
2024-08-05,10.25,27.59,24.51,94.03,26.01,33.07801199693528
2024-08-06,7.7,27.85,23.7,90.98,25.68,33.438176521030734
2024-08-07,2.06,30.07,23.91,87.45,26.73,40.15369400272813
2024-08-08,9.03,29.97,24.91,88.23,27.01,40.03828923560127
2024-08-09,8.76,29.53,24.88,88.93,26.74,38.659418792234746
2024-08-10,11.03,29.88,24.58,88.76,26.87,39.87534567076639
2024-08-11,11.14,30.44,24.63,88.46,27.16,41.871461393201656
2024-08-12,8.05,29.73,24.58,89.14,26.84,39.443189806522575
2024-08-13,3.02,29.39,24.75,88.83,26.79,38.13501981081931
2024-08-14,7.67,29.1,24.95,90.17,26.79,37.469519991530795
2024-08-15,4.63,29.54,24.73,89.38,26.82,38.82447956382508
2024-08-16,3.09,30.83,24.46,85.08,27.3,42.112651010293945
2024-08-17,3.05,30.65,24.18,82.23,27.33,40.46682249521987
2024-08-18,5.97,30.71,25.2,81.91,27.6,40.562060042226534
2024-08-19,8.45,30.08,24.54,85.19,27.21,39.47405032835675
2024-08-20,6.55,30.51,23.48,80.12,27.22,39.306616064688995
2024-08-21,3.79,30.79,25.49,83.29,27.76,41.32130623864495
2024-08-22,7.44,30.1,24.15,86.76,27.14,40.04065059509807
2024-08-23,4.88,31.97,24.97,81.55,27.98,44.925829373841516
2024-08-24,9.23,30.01,25.36,86.69,27.35,39.69750859102847
2024-08-25,7.04,29.72,24.52,88.88,26.78,39.32855327348457
2024-08-26,12.73,30.17,23.88,85.04,26.86,39.738887031369046
2024-08-27,10.08,28.34,24.82,89.9,26.37,34.82373902680549
2024-08-28,18.17,28.32,24.44,91.43,26.11,35.0652914661678
2024-08-29,15.92,27.68,24.42,91.61,25.64,32.99753306708414
2024-08-30,5.85,30.46,24.34,84.25,27.28,40.492635028909305
2024-08-31,4.71,30.68,24.78,87.21,27.47,42.33453154495844
2024-09-01,22.14,31.16,25.14,84.93,27.67,43.28328129406199
2024-09-02,48.34,28.66,24.2,92.35,26.07,36.44299156587858
2024-09-03,43.52,28.3,23.87,93.33,25.81,35.38417844392464
2024-09-04,137.47,28.98,24.68,93.77,26.45,37.963297338999034
2024-09-05,55.38,27.91,24.86,95.36,26.28,34.400002697275
2024-09-06,48.33,27.96,25.11,94.81,26.24,34.476599509160124
2024-09-07,7.69,29.98,24.51,87.25,27.09,39.76588230563513
2024-09-08,14.12,29.45,24.05,87.14,26.71,37.879866455292714
2024-09-09,8.93,27.86,24.24,90.15,25.85,33.33175884598009
2024-09-10,3.44,30.14,23.52,82.4,26.55,38.81659066738906
2024-09-11,3.06,30.98,24.47,82.49,27.43,41.70318777208369
2024-09-12,17.26,27.01,23.68,92.69,25.43,31.052034276410854
2024-09-13,36.67,26.28,23.85,91.59,25.22,28.851025429373212
2024-09-14,2.99,30.55,23.68,87.84,26.62,42.06943881361382
2024-09-15,9.22,27.76,24.69,92.6,26.0,33.41418828038213
2024-09-16,14.26,27.76,23.28,92.02,25.46,33.31975348968448
2024-09-17,53.78,27.65,22.55,91.32,24.81,32.85769088673443
2024-09-18,21.24,28.04,23.6,92.81,25.57,34.38511302517236
2024-09-19,29.49,28.41,24.68,94.62,26.16,36.05112800162333
2024-09-20,43.14,27.49,24.79,95.74,25.95,32.99775533877307
2024-09-21,26.45,26.69,24.09,95.91,25.18,30.373678786946503
2024-09-22,10.59,27.72,23.67,91.58,25.49,33.12044665004041
2024-09-23,0.46,30.35,23.53,87.86,26.75,41.32173315921519
2024-09-24,2.35,31.25,24.83,84.77,27.61,43.55944849471572
2024-09-25,3.79,32.33,24.22,83.85,27.97,47.372377600923606
2024-09-26,9.52,28.56,23.08,91.4,25.78,35.878366406588
2024-09-27,1.3,29.19,22.71,89.13,25.91,37.515385394496775
2024-09-28,2.67,28.26,23.29,90.18,25.82,34.61762981829449
2024-09-29,44.82,27.98,24.56,93.37,25.97,34.283537396941306
2024-09-30,72.54,27.41,24.56,93.98,25.78,32.47597583962324
2024-10-01,15.99,28.32,24.06,90.56,25.87,34.89006730667152
2024-10-02,1.99,28.8,23.24,88.05,25.97,35.93335120463112
2024-10-03,1.25,30.26,23.26,82.03,26.88,39.09629048715222
2024-10-04,2.78,30.97,24.73,84.2,27.25,42.299378647266295
2024-10-05,7.1,31.35,24.7,84.27,27.34,43.73651929385343
2024-10-06,3.03,32.05,24.41,84.07,27.55,46.35661039649975
2024-10-07,0.92,31.42,24.74,78.99,27.27,41.923211692362905
2024-10-08,2.63,29.36,24.25,86.51,26.14,37.40678021797243
2024-10-09,10.78,29.2,23.74,87.4,26.08,37.10272333330292
2024-10-10,15.64,30.27,23.95,82.26,27.08,39.20096247772313
2024-10-11,25.04,29.49,23.86,88.35,26.38,38.35344122301776
2024-10-12,22.93,30.09,24.11,88.91,26.46,40.70160134741646
2024-10-13,6.04,30.98,24.08,79.98,27.47,40.802127908788535
2024-10-14,6.85,30.97,24.43,85.5,27.38,42.78962119986343
2024-10-15,4.76,31.95,23.93,83.7,27.53,45.79634244151249
2024-10-16,3.96,30.67,24.86,85.37,27.28,41.631577983161236
2024-10-17,0.2,31.82,23.28,78.49,27.18,43.10124640130538
2024-10-18,2.23,32.25,22.93,78.46,27.52,44.60696843424165
2024-10-19,0.86,31.74,24.24,82.63,27.9,44.52657653505906
2024-10-20,1.61,31.79,23.82,85.18,27.57,45.824327467904055
2024-10-21,0.18,31.89,24.71,79.82,27.76,43.89528809691676
2024-10-22,3.53,31.84,23.49,81.69,27.6,44.501222579174986
2024-10-23,43.2,28.56,25.67,92.81,26.94,36.19190305631132
2024-10-24,140.74,26.53,25.07,94.01,25.83,29.725300975953175
2024-10-25,36.48,28.34,24.07,91.61,25.82,35.169653484727014
2024-10-26,3.97,29.55,23.35,84.95,26.31,37.617212654927904
2024-10-27,3.02,29.35,24.1,87.69,26.11,37.686898805050355
2024-10-28,0.24,29.6,22.98,87.75,25.77,38.56929271523944
2024-10-29,3.44,28.51,23.88,90.92,25.76,35.602502983504685
2024-10-30,18.26,27.64,24.05,92.29,25.65,32.97464217758644
2024-10-31,16.51,28.05,23.87,92.67,25.76,34.393085958936595
2024-11-01,4.2,29.31,24.19,89.18,26.4,37.94873325015507
2024-11-02,0.55,31.74,23.27,83.54,27.04,44.91448836943524
2024-11-03,0.51,31.61,22.98,81.94,27.07,43.75642833656861
2024-11-04,1.9,31.14,22.46,82.81,26.72,42.39217239395172
2024-11-05,1.55,30.87,23.1,78.57,26.82,39.955244809692154
2024-11-06,2.24,30.51,23.09,83.2,26.58,40.31434124487327
2024-11-07,12.09,27.85,23.64,91.78,25.52,33.57227267936517
2024-11-08,7.43,28.99,23.71,91.46,25.87,37.407275662370765
2024-11-09,0.7,31.34,23.17,84.0,26.82,43.59041188098237
2024-11-10,5.32,31.42,23.91,83.32,27.07,43.61559778534628
2024-11-11,24.12,27.2,24.53,94.06,25.76,31.805896898240324
2024-11-12,9.65,29.03,24.14,89.94,26.06,37.16525168919644
2024-11-13,6.21,30.45,23.24,86.79,26.6,41.323726438497864
2024-11-14,9.09,27.75,24.06,92.97,25.56,33.44166818208553
2024-11-15,5.07,30.09,23.8,83.62,26.54,39.02313654989743
2024-11-16,0.45,30.77,23.42,82.25,26.64,40.88522739223554
2024-11-17,100.19,27.55,23.76,91.47,25.34,32.565698684953986
2024-11-18,13.98,28.11,23.59,92.08,25.66,34.48512701641302
2024-11-19,0.48,31.54,22.46,83.29,26.48,44.05144688278088
2024-11-20,0.13,31.59,21.92,82.39,26.4,43.86734527543222
2024-11-21,0.19,31.31,23.18,81.89,26.56,42.649643767833055
2024-11-22,0.08,30.98,20.58,79.3,25.55,40.56368215661981
2024-11-23,0.03,30.94,21.59,83.41,25.52,41.89814457976197
2024-11-24,0.17,30.66,21.53,83.61,25.29,40.97586125950355
2024-11-25,0.73,31.27,22.18,82.02,26.35,42.55671563135968
2024-11-26,0.44,31.49,22.62,83.46,26.3,43.933782862988984
2024-11-27,0.16,31.05,22.17,85.18,25.98,42.96716461699609
2024-11-28,0.41,31.72,22.79,84.21,26.42,45.12570525217483
2024-11-29,0.52,30.43,22.66,83.21,25.98,40.04329220662059
2024-11-30,0.3,30.06,22.99,81.34,25.92,38.2415731525284
2024-12-01,0.18,30.77,22.3,83.63,26.04,41.37144646471264
2024-12-02,1.22,30.88,24.02,83.97,26.71,41.887709060245676
2024-12-03,5.55,31.02,22.72,88.09,26.4,43.99065398907606
2024-12-04,8.88,28.51,24.27,91.23,26.08,35.66939733383057
2024-12-05,2.58,31.0,23.79,85.36,26.87,42.848730615952405
2024-12-06,3.33,31.22,24.13,83.34,26.87,42.88574695439068
2024-12-07,1.69,31.8,23.43,83.53,27.04,45.140401898273666
2024-12-08,2.37,31.2,24.24,83.41,27.07,42.839673359734256
2024-12-09,1.24,29.92,23.83,84.57,25.86,38.739086580477085
2024-12-10,1.32,29.67,23.24,83.75,25.9,37.67897999411249
2024-12-11,1.76,30.01,23.2,85.38,26.12,39.290978455695544
2024-12-12,1.25,31.11,23.55,85.2,26.42,43.200495470912784
2024-12-13,0.16,31.35,22.43,83.31,26.28,43.35211781526724
2024-12-14,0.12,31.33,23.13,81.05,26.63,42.39705301777244
2024-12-15,0.68,29.73,22.52,82.23,25.33,37.451601154812856
2024-12-16,0.08,29.08,22.22,81.14,25.19,35.22090517626029
2024-12-17,0.83,29.92,22.11,82.0,25.27,37.98805437275241
2024-12-18,0.46,30.33,21.81,81.12,25.41,39.041147355876774
2024-12-19,0.05,30.05,21.93,79.14,25.1,37.57511900611652
2024-12-20,0.15,30.06,21.05,80.37,24.84,37.958502559632514
2024-12-21,0.37,30.49,21.47,81.52,25.41,39.692757096224554
2024-12-22,0.12,30.01,22.58,81.31,25.14,38.074368944174566
2024-12-23,0.78,28.87,22.36,81.6,24.91,34.720145966110735
2024-12-24,8.11,30.05,22.81,85.94,25.52,39.603873241133634
2024-12-25,1.9,28.73,22.55,85.79,25.14,35.20691508224885
2024-12-26,2.31,30.57,22.51,86.35,26.02,41.61270866049606
2024-12-27,2.62,31.09,23.61,84.5,26.67,42.85475994455239
2024-12-28,2.79,29.82,22.76,84.18,25.68,38.29104385399379
2024-12-29,2.09,28.0,22.07,83.44,24.34,32.64181433208685
2024-12-30,2.55,30.47,22.1,84.22,25.68,40.51759149591169
2024-12-31,1.41,30.93,22.23,83.76,26.12,41.99095938049072
2025-01-01,1.68,30.37,22.19,84.14,25.76,40.14234858869507
2025-01-02,12.08,28.38,22.16,87.49,25.07,34.47283188410527
2025-01-03,7.03,27.77,23.03,88.45,24.91,32.78248489336452
2025-01-04,2.95,29.9,21.15,80.63,25.46,37.53719703348891
2025-01-05,0.1,26.88,20.94,79.42,23.41,29.425897833688662
2025-01-06,0.5,30.0,20.91,80.54,24.94,37.82104305699767
2025-01-07,0.58,30.28,20.43,81.95,24.85,39.137035754642895
2025-01-08,0.61,28.82,21.1,81.07,24.62,34.466725139903424
2025-01-09,3.81,29.01,21.35,83.25,24.63,35.49489019838658
2025-01-10,0.61,28.12,20.9,82.57,23.79,32.82375654333179
2025-01-11,0.62,28.31,20.98,80.7,23.64,33.00982064790009
2025-01-12,0.28,27.27,20.13,81.04,23.19,30.464193456873293
2025-01-13,0.55,27.03,20.46,81.87,23.14,29.987853073811493
2025-01-14,1.45,29.6,21.25,80.5,24.96,36.5917332342955
2025-01-15,6.22,30.27,21.79,83.82,25.26,39.694396661683626
2025-01-16,1.06,30.4,21.28,80.55,25.0,39.08876332310674
2025-01-17,0.06,30.12,20.54,79.18,24.5,37.79896696299593
2025-01-18,0.29,30.6,21.21,81.66,25.2,40.10566642135533
2025-01-19,0.18,29.23,22.38,85.61,25.06,36.74735818789432
2025-01-20,0.06,30.14,22.76,86.39,25.43,40.064918930229005
2025-01-21,0.07,31.04,21.91,80.17,25.68,41.07113363408114
2025-01-22,0.03,30.98,20.88,77.95,25.3,40.09745556136999
2025-01-23,0.33,30.73,20.76,80.03,25.47,39.99179514948742
2025-01-24,0.07,31.4,22.08,80.09,26.12,42.27361138836535
2025-01-25,0.0,30.49,21.94,79.63,25.54,39.08678403788656
2025-01-26,0.0,30.09,21.47,77.27,25.12,37.16807915250897
2025-01-27,0.04,28.24,21.18,79.19,23.97,32.571299068873245
2025-01-28,0.23,29.51,19.2,77.55,23.62,35.59429506418777
2025-01-29,0.11,28.72,19.12,75.51,22.93,33.107223237319445
2025-01-30,0.8,28.33,19.94,78.21,23.31,32.63116150272255
2025-01-31,2.55,29.95,21.14,82.91,24.57,38.348391352768054
2025-02-01,0.24,29.75,21.38,79.96,25.26,36.898365042496366
2025-02-02,0.05,31.25,21.39,77.96,25.74,40.97533800533126
2025-02-03,0.12,31.15,21.87,80.43,25.81,41.53928153247748
2025-02-04,0.51,29.82,21.24,79.82,25.03,37.07063602406957
2025-02-05,0.4,29.98,20.42,75.02,24.31,36.25015938320936
2025-02-06,1.33,30.96,19.93,78.21,24.64,40.122186783313424
2025-02-07,1.06,31.36,21.18,80.31,25.65,42.218841988013565
2025-02-08,1.25,29.51,20.76,77.06,24.84,35.47623202525788
2025-02-09,0.14,28.41,20.27,73.31,23.12,32.00426441019729
2025-02-10,1.46,29.81,20.22,76.07,23.87,36.05493331327755
2025-02-11,8.76,30.19,21.72,82.84,25.08,39.11652048527324
2025-02-12,4.69,30.9,21.9,81.58,25.77,41.09688160871888
2025-02-13,4.03,30.63,21.96,81.01,25.77,39.98921688093692
2025-02-14,3.39,31.36,21.6,79.04,25.82,41.738635169004596
2025-02-15,7.7,30.92,21.69,79.73,25.95,40.5151394189222
2025-02-16,4.74,31.49,22.67,80.13,26.61,42.60272829018926
2025-02-17,2.95,31.9,22.6,79.25,26.58,43.69360396776572
2025-02-18,3.44,31.05,22.29,81.01,26.04,41.407855778791514
2025-02-19,4.98,29.81,22.49,80.1,25.37,37.116482233127286
2025-02-20,3.11,30.43,21.94,79.38,25.07,38.818612253168425
2025-02-21,11.53,30.24,21.39,81.81,25.02,38.96267072490904
2025-02-22,0.84,30.94,21.19,77.67,25.05,39.874917107202386
2025-02-23,0.87,31.68,20.55,76.0,25.59,41.654096554249875
2025-02-24,0.93,30.98,21.04,75.96,25.23,39.427564351101964
2025-02-25,1.68,31.03,20.87,77.81,24.96,40.20954615620999
2025-02-26,0.7,31.15,19.68,76.79,24.64,40.23893898512354
2025-02-27,0.11,31.03,20.57,75.29,25.06,39.35799349955679
2025-02-28,0.08,31.61,19.7,74.91,25.03,41.021758571078365
2025-03-01,0.15,32.16,20.01,75.64,25.59,43.09981791400722
2025-03-02,0.18,33.19,21.94,78.5,26.75,48.124591969956015
2025-03-03,0.02,32.93,21.56,74.15,26.29,45.07929474459812
2025-03-04,0.72,32.96,22.36,74.04,26.7,45.13279747978456
2025-03-05,0.73,33.59,23.04,74.07,27.75,47.379364665045046
2025-03-06,4.03,32.86,23.42,76.35,27.57,45.847689063641674
2025-03-07,3.69,32.64,23.76,78.27,27.09,45.93988656967352
2025-03-08,19.28,30.0,23.47,83.02,25.91,38.54417065173547
2025-03-09,3.62,31.73,22.81,78.95,26.41,42.97360782773453
2025-03-10,1.02,32.29,22.37,75.55,26.77,43.50112698938408
2025-03-11,0.28,33.58,22.44,73.63,27.38,47.12242610500759
2025-03-12,1.55,32.28,22.38,76.82,26.85,44.00491654223249
2025-03-13,0.15,33.28,21.22,72.32,26.79,45.437093185205185
2025-03-14,0.01,33.59,20.54,71.04,26.45,45.8880639998364
2025-03-15,0.02,33.42,20.39,70.49,26.28,45.05620707100395
2025-03-16,0.09,33.98,22.82,72.11,27.63,47.78463402483473
2025-03-17,1.16,32.81,22.98,72.9,27.06,44.11207026551697
2025-03-18,0.91,32.58,21.87,72.35,26.61,43.11965826893542
2025-03-19,1.15,32.7,22.45,72.29,26.54,43.48473990053773
2025-03-20,0.26,32.22,21.39,69.81,25.73,40.989234418425575
2025-03-21,0.09,32.3,20.45,69.23,25.52,41.00718001851461
2025-03-22,0.06,31.48,19.83,68.01,25.28,38.26836796640202
2025-03-23,0.09,32.09,21.05,67.76,25.8,39.860289400016825
2025-03-24,0.78,30.72,20.99,72.17,25.75,37.485428031491466
2025-03-25,1.09,34.51,23.32,72.17,28.07,49.75356944549399
2025-03-26,1.02,33.89,22.8,75.0,27.69,48.972497532608685
2025-03-27,7.74,33.44,23.2,75.61,27.87,47.60638321042924
2025-03-28,3.0,34.57,24.04,75.29,28.16,51.77289680803435
2025-03-29,0.81,32.54,22.64,75.42,26.73,44.29989962870789
2025-03-30,0.65,31.19,22.83,72.83,26.61,39.02177753181424
2025-03-31,1.88,32.01,22.88,71.72,27.31,41.07632421447022
2025-04-01,12.0,33.18,23.66,79.29,27.66,48.48860852789919
2025-04-02,29.46,31.29,24.06,84.08,26.72,43.43526767947891
2025-04-03,4.56,31.87,23.9,80.62,27.17,44.15859309762963
2025-04-04,1.7,33.18,23.44,77.65,27.57,47.658101663540975
2025-04-05,1.7,32.93,23.53,75.62,27.79,45.757755785169465
2025-04-06,0.87,33.26,24.64,75.57,28.06,46.92465143880086
2025-04-07,0.29,34.03,23.66,73.24,28.18,48.55799851132801
2025-04-08,0.94,33.92,23.25,72.53,28.28,47.7861534024214
2025-04-09,0.88,33.98,23.91,75.73,28.22,49.71048316272345
2025-04-10,0.06,34.79,23.05,71.55,28.31,50.449558847661685
2025-04-11,0.03,35.13,24.18,71.14,29.06,51.4942832575183
2025-04-12,0.09,35.55,23.37,66.43,29.1,50.26541162246481
2025-04-13,0.21,35.06,23.91,71.51,29.01,51.44745441846605
2025-04-14,0.85,31.93,24.68,78.2,27.54,43.365481642401974
2025-04-15,0.8,35.26,22.79,69.77,28.46,51.1707260338802
2025-04-16,2.26,34.37,24.48,74.03,28.59,50.26633705524717
2025-04-17,0.33,35.35,23.6,69.08,28.88,51.096528580345925
2025-04-18,0.04,36.2,22.64,65.03,28.88,51.75253279458022
2025-04-19,0.4,35.37,23.95,69.49,29.2,51.415026191217486
2025-04-20,0.03,37.34,23.78,63.44,29.82,54.90633881881829
2025-04-21,0.21,37.34,23.76,65.4,29.9,56.27207614106884
2025-04-22,0.3,37.35,23.93,66.33,30.13,56.97506520984962
2025-04-23,0.05,35.21,26.06,69.78,29.81,50.99028169381552
2025-04-24,0.04,35.98,25.4,66.74,30.03,52.00634678024167
2025-04-25,6.47,35.85,24.31,66.57,29.52,51.42693324288416
2025-04-26,1.2,36.72,23.7,63.7,29.7,52.79494794137685
2025-04-27,0.11,36.87,23.41,61.35,29.47,51.83734157754308
2025-04-28,0.25,37.03,24.15,63.23,29.57,53.61777308219023
2025-04-29,1.72,37.13,24.49,64.91,29.93,55.121360647501156
2025-04-30,1.41,36.45,24.77,68.49,29.56,54.92102325348905
2025-05-01,9.05,36.47,24.94,65.1,29.91,52.778353893762606
2025-05-02,13.99,33.61,25.13,73.14,28.85,46.98524223717469
2025-05-03,1.97,34.59,23.97,73.15,28.9,50.6086185103225
2025-05-04,6.6,34.46,24.48,74.56,28.78,50.91517464872081
2025-05-05,10.69,32.11,25.32,78.8,28.5,44.25221146716896
2025-05-06,15.64,30.66,25.1,82.34,27.86,40.53846135524155
2025-05-07,15.67,31.58,24.86,81.75,27.85,43.56922556421202
2025-05-08,10.33,31.1,24.24,83.42,27.19,42.47898478722698
2025-05-09,5.73,31.02,24.05,79.78,27.63,40.86514958479626
2025-05-10,2.56,33.85,22.1,75.78,28.03,49.23820741643945
2025-05-11,5.19,31.82,25.33,77.93,28.28,42.875631198897736
2025-05-12,13.92,32.86,25.34,76.48,28.49,45.908437589577716
2025-05-13,23.87,29.28,25.32,84.73,27.11,36.6861077792141
2025-05-14,7.86,32.72,23.59,76.48,27.56,45.40560246862546
2025-05-15,3.5,34.06,22.95,75.76,28.08,50.03649318591717
2025-05-16,5.52,32.58,24.55,77.47,28.07,45.354076506331836
2025-05-17,1.47,33.73,23.89,76.26,28.29,49.03541532302339
2025-05-18,0.37,34.59,23.27,73.9,28.59,51.0400140747638
2025-05-19,0.22,33.84,23.1,73.73,28.26,48.117174237614854
2025-05-20,1.88,33.36,24.11,75.33,28.41,47.17171299453375
2025-05-21,2.03,32.18,24.45,78.03,28.12,44.171722900487424
2025-05-22,0.23,34.82,24.46,71.85,29.27,50.73514232594609
2025-05-23,1.35,35.61,24.36,69.26,29.59,52.17801505303032
2025-05-24,2.51,35.79,24.04,70.22,29.42,53.469967869366286
2025-05-25,2.37,35.85,24.04,69.4,29.51,53.1812057730405
2025-05-26,20.1,33.74,24.76,76.01,28.48,48.94083186684547
2025-05-27,13.83,32.52,25.12,75.91,28.21,44.44525326076008
2025-05-28,4.46,32.29,24.4,78.79,28.07,44.8959857058048
2025-05-29,5.14,30.74,24.67,81.32,27.51,40.46167287345125
2025-05-30,28.15,28.3,24.48,85.31,26.39,33.81403181093064
2025-05-31,25.09,30.47,23.54,85.43,26.48,40.928052416308134
2025-06-01,10.89,31.35,24.17,86.27,27.33,44.55391911589643
2025-06-02,33.32,30.2,24.75,89.89,27.13,41.44803291774705
2025-06-03,14.06,30.5,24.88,87.76,27.32,41.85118888974661
2025-06-04,42.18,28.98,24.75,90.72,26.77,37.18531900256991
2025-06-05,1.75,30.85,24.85,83.33,27.67,41.54803444546639
2025-06-06,8.71,30.12,25.53,86.16,27.33,39.92013382877474
2025-06-07,8.69,31.07,24.97,84.73,27.43,42.868830937264946
2025-06-08,15.37,30.16,25.25,88.99,27.08,40.991216456166654
2025-06-09,17.97,30.47,24.41,87.86,26.86,41.773191057917536
2025-06-10,21.94,29.72,24.73,89.12,26.85,39.40068774296625
2025-06-11,11.33,29.33,24.07,90.45,26.31,38.36697296462233
2025-06-12,10.75,28.23,24.62,93.44,25.89,35.161027333225974
2025-06-13,0.81,30.92,24.22,83.4,27.17,41.822885545853765
2025-06-14,3.15,31.72,23.6,80.93,27.19,43.74264665217509
2025-06-15,2.36,31.47,23.45,79.08,27.72,42.12781615445743
2025-06-16,3.78,30.79,24.09,84.66,27.25,41.8131599652597
2025-06-17,22.75,31.27,24.24,83.08,27.26,42.967433424078926
2025-06-18,13.56,29.44,24.04,87.26,26.39,37.87847734675415
2025-06-19,7.24,31.1,23.01,81.21,26.68,41.65352443380933
2025-06-20,1.52,31.1,22.64,74.55,27.25,39.32380981197756
2025-06-21,10.96,28.82,24.52,85.04,26.73,35.320211604360026
2025-06-22,11.78,29.07,24.45,85.94,26.37,36.313227473438836
2025-06-23,18.47,28.75,23.74,84.12,26.02,34.908423226817774
2025-06-24,8.85,30.03,22.99,84.98,26.23,39.23681843862265
2025-06-25,8.18,29.89,24.09,86.78,26.61,39.301085627500456
2025-06-26,4.13,30.73,23.9,81.39,27.18,40.45187932467101
2025-06-27,17.83,28.05,24.43,89.47,25.96,33.811849157123135
2025-06-28,10.94,30.93,23.25,81.81,26.78,41.28237832093719
2025-06-29,10.64,30.25,24.11,84.53,26.78,39.853310006643596
2025-06-30,25.92,27.97,23.88,85.89,25.92,32.95760896016898
2025-07-01,21.68,30.56,23.03,85.21,26.33,41.17615538636384
2025-07-02,14.29,30.59,22.92,81.2,26.72,39.9194924261667
2025-07-03,18.61,28.04,23.9,91.71,25.59,34.183239390750614
2025-07-04,10.19,28.32,23.49,88.46,25.78,34.474892193213506
2025-07-05,27.64,28.51,23.07,91.71,25.62,35.77348628129527
2025-07-06,23.42,28.45,24.35,92.65,26.1,35.76788220638311
2025-07-07,13.7,29.33,23.85,90.19,26.36,38.29531454212542
2025-07-08,15.09,28.85,24.43,90.96,26.33,36.786373376341615
2025-07-09,16.3,28.67,24.16,91.39,26.23,36.2576791110925
2025-07-10,10.05,29.51,24.07,90.75,26.42,39.11163514758375
2025-07-11,8.13,29.1,24.33,91.61,26.4,37.84382175495676
2025-07-12,4.87,29.47,24.32,90.18,26.58,38.80016347119891
2025-07-13,1.43,29.87,24.35,87.28,26.82,39.3827486233661
2025-07-14,1.32,30.72,24.14,84.37,27.02,41.456243735779836
2025-07-15,1.82,30.69,24.79,85.17,27.12,41.63305750021925
2025-07-16,13.19,29.96,24.43,87.5,26.96,39.7723377348408
2025-07-17,34.46,29.69,24.71,87.6,26.8,38.84192464469367
2025-07-18,42.52,27.63,24.39,94.6,25.93,33.30105685766467
2025-07-19,159.89,26.84,23.39,94.02,25.18,30.667771150712138
2025-07-20,35.79,28.75,24.65,93.1,26.3,36.943369372336925
2025-07-21,61.85,28.81,24.87,93.23,26.38,37.19434481747148
2025-07-22,85.75,27.8,24.42,92.63,25.97,33.55079480512606
2025-07-23,77.12,27.21,24.46,95.03,25.77,31.959848478295676
2025-07-24,68.48,27.58,24.14,94.88,25.82,33.1749383002092
2025-07-25,26.2,27.7,24.45,94.2,26.19,33.474376287054525
2025-07-26,26.28,28.75,23.99,92.88,26.07,36.89067977510966
2025-07-27,41.39,29.04,24.05,93.26,26.27,38.05555615003019
2025-07-28,77.64,27.76,24.75,94.33,26.06,33.699675296463234
2025-07-29,42.82,28.36,25.06,92.89,26.46,35.5033356852693
2025-07-30,15.8,28.66,24.9,91.63,26.44,36.27762860801657
2025-07-31,9.1,29.35,24.81,91.4,26.69,38.704857672053386
2025-08-01,2.32,29.47,24.3,90.17,26.5,38.79730501652723
2025-08-02,0.1,30.21,23.85,85.94,26.78,40.1687209544382
2025-08-03,0.02,29.79,23.02,82.26,26.5,37.6491104814067
2025-08-04,0.07,30.84,23.86,77.11,27.22,39.374863436816085
2025-08-05,5.44,30.76,24.66,82.23,26.99,40.843805334090845
2025-08-06,9.84,30.12,23.57,86.35,26.41,39.98083821787335
2025-08-07,4.36,29.07,23.38,86.55,25.88,36.46110695860853
2025-08-08,14.11,28.96,22.96,88.63,25.4,36.60181814440628
2025-08-09,15.0,29.07,23.0,85.14,25.88,36.121134007779666
2025-08-10,3.38,30.57,23.28,82.56,26.64,40.30541976119004
2025-08-11,4.06,29.2,23.85,87.61,26.2,37.15649735095727
2025-08-12,14.38,28.81,24.24,90.26,26.1,36.480289044748446
2025-08-13,10.83,30.0,23.92,87.46,26.58,39.90379055677547
2025-08-14,26.6,28.4,24.06,87.25,25.95,34.48755399419068
2025-08-15,22.28,28.13,23.29,88.87,25.5,33.954780430894
2025-08-16,19.05,27.93,22.96,91.83,25.17,33.84220358871956
2025-08-17,10.11,28.25,23.64,90.66,25.66,34.67850680794166
2025-08-18,0.9,28.96,23.74,87.74,26.37,36.387603259317096
2025-08-19,3.99,32.09,24.46,83.41,27.4,46.21331089444092
2025-08-20,9.3,31.86,23.49,84.66,27.17,45.870801076170544
2025-08-21,15.65,30.23,24.38,85.96,26.82,40.24639982612165
2025-08-22,45.45,27.27,24.17,93.71,25.54,31.986167062029267
2025-08-23,5.3,26.8,23.34,93.78,24.74,30.521755551647985
2025-08-24,18.38,29.34,22.63,85.77,25.81,37.14654044267851
2025-08-25,15.07,31.03,23.24,80.22,26.57,41.05526156390928
2025-08-26,19.04,26.11,24.02,94.82,25.08,28.53679328774524
2025-08-27,10.27,26.94,23.59,94.83,25.3,31.06369795787287
2025-08-28,6.76,29.45,23.26,91.19,26.18,39.016307642748096
2025-08-29,20.51,28.04,24.31,93.3,25.71,34.475896150059484
2025-08-30,14.99,28.21,24.36,90.38,26.03,34.49306400774585
2025-08-31,14.46,28.42,24.38,90.35,26.17,35.17932723112361
2025-09-01,11.72,29.94,24.72,86.92,26.78,39.52066917396729
2025-09-02,13.09,28.62,23.74,90.79,25.9,35.949327326186136
2025-09-03,26.6,29.52,23.92,88.1,26.41,38.38842368405049
2025-09-04,33.35,29.06,24.15,92.19,26.18,37.84935822147777
2025-09-05,56.23,28.26,23.84,93.01,25.64,35.17914789767709
2025-09-06,14.19,26.64,23.47,94.55,24.76,30.100815288528818
2025-09-07,11.22,29.33,22.66,88.6,25.73,37.86230660211868
2025-09-08,16.21,28.54,22.93,87.7,25.47,35.018032680692826
2025-09-09,7.75,31.16,23.37,81.46,26.85,41.955221235237545
2025-09-10,3.79,31.1,23.27,81.54,26.69,41.77512524279954
2025-09-11,11.41,30.74,22.6,84.72,26.48,41.65343971915997
2025-09-12,6.78,31.05,24.36,81.28,27.37,41.50603062511227
2025-09-13,12.09,30.15,24.11,83.78,26.95,39.27422410097026
2025-09-14,8.05,29.71,24.48,82.72,26.77,37.5231078639529
2025-09-15,8.61,30.17,24.12,84.66,26.68,39.61840205658909
2025-09-16,12.39,29.98,23.26,87.51,26.21,39.84745940485788
2025-09-17,50.03,28.05,23.32,91.34,25.41,34.148758683897526
2025-09-18,19.15,28.1,23.32,91.12,25.64,34.272506825440104
2025-09-19,10.16,29.17,23.59,88.71,26.25,37.337217082094234
2025-09-20,18.33,29.83,24.14,87.26,26.39,39.23489070865821
2025-09-21,12.46,28.46,23.41,91.0,25.36,35.44986543863721
2025-09-22,92.88,26.18,24.12,94.77,25.09,28.738503113585864
2025-09-23,60.98,27.27,24.35,95.09,25.45,32.165408028994655
2025-09-24,27.72,27.27,23.95,94.65,25.25,32.10797140654216
2025-09-25,16.76,29.38,23.54,90.67,25.7,38.61025290322405
2025-09-26,6.77,29.86,23.51,87.69,26.53,39.47234744442363
2025-09-27,1.29,29.21,23.39,88.55,26.16,37.43345549521354
2025-09-28,0.71,30.29,23.37,85.19,26.77,40.20716694573957
2025-09-29,6.2,31.11,24.14,85.21,27.32,43.204392764995454
2025-09-30,16.23,30.41,24.17,86.84,26.72,41.19349394195443
2025-10-01,4.41,30.38,24.27,86.07,26.79,40.82129528905341
2025-10-02,7.94,30.84,24.02,86.23,26.94,42.57642931730184
2025-10-03,115.55,26.42,23.83,96.03,25.41,29.535932567488594
2025-10-04,11.64,27.93,23.37,90.8,25.29,33.66365260682799
2025-10-05,1.93,29.89,22.72,87.24,25.98,39.441583475367935
2025-10-06,0.77,31.31,23.57,81.75,26.87,42.5955454829369
2025-10-07,1.56,31.74,23.76,81.75,27.2,44.156167051908845
2025-10-08,1.17,30.39,24.59,83.23,27.09,39.91331694725065
2025-10-09,38.79,30.08,24.4,84.72,26.83,39.327931084215884
2025-10-10,18.4,27.81,24.3,91.27,25.73,33.35829774808283
2025-10-11,5.05,28.8,23.31,88.48,25.94,36.031922527274766
2025-10-12,1.4,30.01,23.17,88.23,26.25,40.18472014321711
2025-10-13,0.88,31.4,23.75,83.33,27.05,43.5453233621808
2025-10-14,4.68,31.01,23.17,82.49,26.55,41.80910673111125
2025-10-15,2.78,30.31,22.78,82.09,26.55,39.279712696466014
2025-10-16,1.16,30.58,23.37,83.43,26.79,40.63416970017412
2025-10-17,0.54,30.81,23.79,79.9,27.43,40.21058173088735
2025-10-18,6.81,31.49,24.2,79.04,27.8,42.18085484063784
2025-10-19,48.49,28.3,24.86,89.77,26.2,34.6675665852504
2025-10-20,3.55,29.34,24.01,89.51,26.32,38.144573474103304
2025-10-21,1.92,31.66,23.89,82.75,27.31,44.276963042706036
2025-10-22,11.24,31.76,24.6,85.04,27.43,45.64370240031107
2025-10-23,3.75,31.12,24.02,85.58,27.12,43.38697315369125
2025-10-24,29.19,29.96,23.84,87.18,26.45,39.672473350705154
2025-10-25,9.48,31.47,24.11,82.69,27.21,43.54660491249984
2025-10-26,15.82,30.98,23.9,86.27,26.93,43.12226727808084
2025-10-27,2.69,30.24,23.78,86.48,26.49,40.45278712529758
2025-10-28,3.53,30.76,23.55,85.96,26.71,42.17680559014607
2025-10-29,2.58,30.24,24.98,87.31,26.94,40.72783996726608
2025-10-30,2.59,30.26,24.58,87.86,26.91,40.98605721217631
2025-10-31,1.37,31.17,24.71,83.81,27.53,42.88431001210636
2025-11-01,6.69,31.75,24.45,84.23,27.51,45.250761712124465
2025-11-02,5.35,30.68,25.05,84.33,27.27,41.298785120181265
2025-11-03,2.81,31.31,24.25,82.13,27.33,42.74263702312683
2025-11-04,6.72,31.31,23.9,83.15,27.17,43.14142842852041
2025-11-05,3.15,29.6,24.39,89.15,26.46,38.97430100954815
2025-11-06,9.51,30.76,23.74,87.25,26.78,42.65401311439513
2025-11-07,14.65,29.58,24.12,89.24,26.27,38.92832396545992
2025-11-08,2.16,31.06,23.77,78.89,27.14,40.683288624381035
2025-11-09,50.56,28.79,22.17,85.1,25.55,35.24136186505476
2025-11-10,99.64,27.92,24.28,92.08,26.12,33.852889044126236
2025-11-11,18.21,28.03,23.42,91.77,25.08,34.16107239379643
2025-11-12,0.69,29.61,23.38,86.59,25.93,38.2735788671949
2025-11-13,0.1,29.26,22.77,86.73,25.51,37.131066190566266
2025-11-14,1.73,29.47,23.57,86.7,26.02,37.82768357815418
2025-11-15,2.47,30.58,22.93,85.61,26.38,41.38843035763495
2025-11-16,1.53,30.52,23.11,85.48,26.16,41.12545896965444
2025-11-17,1.16,31.28,23.07,83.57,26.7,43.196325971530065
2025-11-18,1.31,31.27,22.81,82.15,26.6,42.60675326573384
2025-11-19,1.48,30.72,23.81,84.59,26.47,41.534627431535256
2025-11-20,1.72,29.54,23.35,86.04,26.14,37.88267582846737
2025-11-21,3.18,30.29,23.33,84.42,26.35,39.95634885974489
2025-11-22,4.73,29.6,23.81,85.56,26.22,37.95076364927297
2025-11-23,1.83,31.15,23.71,82.34,26.85,42.25019957554116
2025-11-24,3.03,31.14,23.6,83.81,26.79,42.774012862527634
2025-11-25,6.56,30.06,23.13,84.57,25.76,39.21327885490476
2025-11-26,4.83,28.78,23.3,88.39,25.7,35.94523418869213
2025-11-27,5.72,30.25,24.2,88.24,26.58,41.07709975008132
2025-11-28,6.33,29.71,23.81,87.74,26.21,38.953631369722956
2025-11-29,8.99,29.45,24.14,83.08,26.43,36.80098330162414
2025-11-30,16.62,29.65,23.2,85.98,26.16,38.23698543138643
2025-12-01,2.2,30.66,23.9,84.1,26.79,41.146735222591026
2025-12-02,2.21,30.0,23.85,86.35,26.38,39.55606726943062
2025-12-03,3.19,31.45,23.68,81.84,26.82,43.13349045828582
2025-12-04,0.23,28.96,20.24,81.37,24.3,34.927486890228806
2025-12-05,0.01,28.29,18.8,80.59,22.82,32.938120435265404
2025-12-06,0.0,28.66,18.82,78.07,23.27,33.439151136703764
2025-12-07,1.54,29.27,20.22,81.03,24.48,35.7473404204161
2025-12-08,1.88,30.95,22.23,84.25,25.98,42.24502912944837
2025-12-09,2.12,29.59,22.71,86.23,25.82,38.10415226458261
2025-12-10,0.91,30.88,21.89,82.86,26.11,41.4848898123508
2025-12-11,1.28,29.92,23.75,85.35,26.36,38.97244647850643
2025-12-12,6.34,30.05,23.44,84.42,26.05,39.1332066765565
2025-12-13,6.54,29.43,22.25,85.51,25.48,37.37364960836449
2025-12-14,4.38,28.68,22.36,82.53,24.88,34.37204100771422
2025-12-15,1.57,29.94,20.95,83.47,24.95,38.480075440500315
2025-12-16,3.03,30.11,22.29,84.4,25.65,39.33116964707608
2025-12-17,2.06,28.94,21.87,86.88,24.65,36.118179773945656
2025-12-18,1.63,28.7,21.15,86.1,24.36,35.18089654169379
2025-12-19,1.59,29.2,22.35,82.46,25.28,35.88111643968088
2025-12-20,13.18,28.26,22.36,85.79,24.97,33.78512404307502
2025-12-21,6.23,29.28,21.85,83.99,25.06,36.50039115455457
2025-12-22,3.56,28.2,22.23,87.1,24.49,33.846500410894706
2025-12-23,0.41,29.33,22.15,85.29,24.89,36.98961955563662
2025-12-24,0.12,30.31,22.1,83.96,25.44,39.876482834160235
2025-12-25,0.39,27.95,22.91,83.9,25.06,32.579234471853475
2025-12-26,0.51,29.29,22.72,83.68,25.21,36.45430282644708
2025-12-27,0.03,29.44,21.32,82.33,24.93,36.57761847469212
2025-12-28,0.03,29.37,22.07,83.57,25.24,36.67650009133906
2025-12-29,0.03,28.58,22.5,83.69,25.0,34.31851056509207
2025-12-30,0.06,29.19,21.41,82.13,25.13,35.7726613731044
2025-12-31,0.07,28.85,21.78,86.3,25.02,35.6959438686844
2026-01-01,3.14,28.18,22.26,86.42,24.75,33.6628860179814
2026-01-02,2.48,28.16,20.81,83.18,24.15,33.03600417756794
2026-01-03,108.71,25.64,18.52,84.01,21.67,27.054375056117014
2026-01-04,63.99,26.78,17.87,83.27,21.77,29.529456199605914
2026-01-05,2.79,28.31,19.24,82.84,23.54,33.39019998715634
2026-01-06,0.33,28.76,21.27,83.67,24.44,34.84226455769571
2026-01-07,0.16,28.07,20.81,83.11,23.9,32.77819167569683
2026-01-08,0.27,28.87,20.24,83.66,24.04,35.167296390401845
2026-01-09,0.56,28.35,20.44,82.77,23.68,33.48846032313743
2026-01-10,0.47,29.14,20.34,81.2,24.36,35.40815335611503
2026-01-11,0.16,29.93,21.89,80.25,25.11,37.52296464538145
2026-01-12,1.56,27.68,21.39,81.69,23.88,31.54326899491647
2026-01-13,0.93,28.82,21.53,84.14,24.71,35.122560101692045
2026-01-14,2.22,28.5,21.83,89.8,24.55,35.329828465875686
2026-01-15,1.53,28.79,20.44,83.11,24.1,34.811339438711606
2026-01-16,0.16,29.15,19.88,78.82,24.11,34.89637071443421
2026-01-17,0.06,28.34,20.65,80.02,24.21,32.96915243323902
2026-01-18,0.01,28.69,20.75,83.02,24.36,34.50129529833481
2026-01-19,0.14,28.47,21.75,83.19,24.58,33.904274545568406
2026-01-20,1.39,28.28,20.57,81.26,24.14,33.02834034695926
2026-01-21,1.59,27.21,18.77,80.59,22.75,30.275020571232385
2026-01-22,0.06,26.73,17.84,77.35,21.22,28.947220566262462
2026-01-23,0.01,26.24,16.3,77.91,20.76,28.032083816276707
2026-01-24,0.06,26.78,17.31,76.84,21.55,29.007031045046777
2026-01-25,0.07,27.83,16.93,79.04,22.02,31.54111273464171
2026-01-26,0.13,28.54,17.19,80.55,22.81,33.594440152194835
2026-01-27,0.13,29.36,20.05,82.17,24.2,36.29339598860478
2026-01-28,0.23,27.0,20.73,84.11,23.18,30.135770109697724
2026-01-29,0.77,27.93,19.31,81.04,22.63,32.081591410181346
2026-01-30,0.47,27.93,17.82,79.35,22.13,31.827831122451244
2026-01-31,0.14,28.65,17.41,76.18,22.7,33.06062389420499
2026-02-01,0.0,28.85,18.14,76.91,23.16,33.69967506893457
2026-02-02,0.0,29.32,18.7,77.98,23.48,35.17240395162674
2026-02-03,0.06,28.92,18.86,77.53,22.8,34.00484716470573
2026-02-04,0.33,28.68,17.95,80.4,22.42,33.943929370956766
2026-02-05,0.11,28.53,16.45,75.52,22.17,32.652617412461964
2026-02-06,0.04,28.44,16.33,77.69,22.35,32.81440527371641
2026-02-07,0.86,30.24,20.47,82.24,24.81,39.09579690173764
2026-02-08,1.8,26.3,20.67,82.07,23.33,28.369902791125597
2026-02-09,0.31,27.18,19.18,74.42,22.14,29.580634843031767
2026-02-10,0.05,28.72,18.98,78.25,23.12,33.62854402763536
2026-02-11,0.03,31.05,20.59,76.26,25.24,39.74383033628471
2026-02-12,0.08,31.17,20.77,79.65,25.37,41.32203871673262
2026-02-13,0.41,31.13,21.29,78.06,25.55,40.6194570804117
2026-02-14,4.41,30.97,22.66,81.5,25.96,41.309338454246486
2026-02-15,1.95,31.39,22.87,81.4,26.16,42.74499688914043
2026-02-16,3.92,32.31,21.12,81.03,25.89,45.97637444904697
2026-02-17,3.7,31.87,21.39,80.7,26.01,44.1923124857683
2026-02-18,1.29,31.01,21.2,77.57,25.33,40.063294496600996
2026-02-19,0.55,30.37,19.49,77.05,24.3,37.928277982665904
2026-02-20,1.0,29.62,20.24,79.08,24.37,36.28583706689923
2026-02-21,0.63,30.09,20.6,79.21,24.68,37.716332092683636
2026-02-22,0.34,30.8,20.09,78.97,24.85,39.864405542856936
2026-02-23,0.11,31.44,19.84,74.31,25.13,40.27495713150605
2026-02-24,1.31,31.48,20.03,80.19,25.34,42.59112682144758
2026-02-25,0.39,31.65,21.74,80.06,26.09,43.13811182275018
2026-02-26,0.22,31.79,21.81,78.87,25.9,43.15055305875657
2026-02-27,0.16,31.97,20.8,77.29,25.56,43.13105245671953
2026-02-28,0.01,32.15,20.64,77.66,25.81,43.90857270523242
2026-03-01,0.07,32.07,20.39,74.57,25.9,42.36886409025725
2026-03-02,0.05,32.54,22.37,76.07,26.72,44.58538159850559
2026-03-03,0.01,32.86,22.45,78.54,26.88,46.88706557991241
2026-03-04,0.11,32.3,22.48,77.91,26.73,44.54596903660381
2026-03-05,0.39,31.56,22.57,79.15,26.33,42.46375738963886
2026-03-06,0.66,31.47,22.3,77.31,26.25,41.45939222817788
2026-03-07,2.78,31.27,22.23,78.96,25.93,41.40582649885698
2026-03-08,6.09,31.66,21.02,77.83,25.21,42.29116757614487
2026-03-09,0.26,31.02,20.54,72.94,25.03,38.56529621596155
2026-03-10,0.05,30.94,20.56,68.43,24.84,36.976774747356885
2026-03-11,0.74,30.51,18.6,70.43,24.24,36.430046013023514
2026-03-12,4.57,30.1,20.68,75.42,24.55,36.68832203314589
2026-03-13,0.25,29.74,17.18,68.18,23.08,34.007027114718
2026-03-14,0.0,29.19,14.76,65.5,21.05,32.300209649207225
2026-03-15,0.0,28.93,14.68,67.72,21.46,32.16901215413006
2026-03-16,0.02,29.81,15.27,67.3,22.55,33.97135034056835
2026-03-17,2.2,29.85,18.0,73.73,23.55,35.573220428780225
2026-03-18,0.91,31.16,18.32,73.66,24.45,39.20752943140534
2026-03-19,0.59,31.21,20.42,73.76,25.26,39.389301293629764
2026-03-20,1.27,31.07,21.32,77.12,25.27,40.09955721970438
2026-03-21,0.13,32.46,20.89,71.17,25.67,42.25272916566453
2026-03-22,0.07,32.51,19.36,70.02,25.29,41.94687364618099
2026-03-23,0.05,32.51,20.02,70.39,25.37,42.09474328896394
2026-03-24,0.03,33.0,19.58,65.52,25.45,41.6099598111773
2026-03-25,0.02,33.62,20.89,67.32,26.46,44.2496805908485
2026-03-26,0.05,34.05,22.07,72.72,27.14,48.35630498015904
2026-03-27,0.0,34.25,21.38,69.02,26.96,47.14190963917588
2026-03-28,0.0,33.64,21.4,71.97,26.93,46.51215969580403
2026-03-29,0.0,33.58,21.47,72.39,27.17,46.50863023577129
2026-03-30,0.37,34.01,22.77,72.06,27.38,47.86630304563818
2026-03-31,0.15,34.13,22.24,71.98,27.37,48.25648646865074
2026-04-01,0.06,33.14,22.52,71.45,27.16,44.56529603060557
2026-04-02,0.01,34.99,21.86,65.48,27.48,47.80237002492009
2026-04-03,0.0,34.07,21.04,66.87,26.8,45.476780382650475
2026-04-04,0.0,33.97,20.54,65.91,26.31,44.70381590998077
2026-04-05,0.0,34.74,21.01,63.57,27.16,46.003821157828746
2026-04-06,0.0,34.72,21.21,64.65,27.64,46.48228963389039
2026-04-07,0.09,35.05,21.68,68.0,27.85,49.38639164722963
2026-04-08,0.46,35.46,23.05,65.75,27.98,49.557404007540946
2026-04-09,0.07,35.38,21.4,62.6,27.66,47.5527114528796
2026-04-10,0.01,34.83,22.5,66.27,27.75,47.683643979143135
2026-04-11,0.02,35.37,23.14,67.38,28.26,50.17436504852483
2026-04-12,0.0,35.43,22.37,62.8,28.19,47.822535664228745
2026-04-13,0.0,35.6,21.64,61.82,28.09,47.846063942807035
2026-04-14,0.01,35.92,22.86,63.07,28.68,49.60475155238036
2026-04-15,0.0,35.53,23.16,63.84,28.46,48.722858382248894
2026-04-16,0.0,36.17,23.22,62.61,28.84,50.1883999408959
2026-04-17,0.0,35.99,23.89,61.5,28.87,48.943231169711595
2026-04-18,0.0,35.99,23.43,62.4,28.91,49.455955248423074
2026-04-19,0.0,35.44,23.83,63.58,28.82,48.27876936528359
2026-04-20,2.36,34.58,24.3,62.88,28.64,45.1666252100189
2026-04-21,2.38,34.78,23.08,67.42,28.18,48.125039839700335
2026-04-22,0.78,35.66,23.61,64.13,28.76,49.3260211054694
2026-04-23,0.53,35.89,23.01,64.71,28.89,50.45748408676823
2026-04-24,0.3,36.23,23.64,61.64,29.31,49.82290588168891
2026-04-25,0.23,37.49,23.46,59.28,29.99,52.66904070139546
2026-04-26,0.52,37.61,23.84,60.85,30.09,54.13419234110571
2026-04-27,1.02,37.37,24.91,62.54,30.01,54.404164050533836
2026-04-28,15.72,34.59,23.87,73.18,28.32,50.62577965826663
2026-04-29,4.67,35.39,23.63,68.01,28.74,50.6129671091421
2026-04-30,0.87,34.42,23.54,68.38,28.59,47.39489893502251
2026-05-01,0.41,35.52,23.55,67.68,29.12,50.89135462521672
2026-05-02,13.32,36.47,24.03,68.41,28.89,54.94581319526648
2026-05-03,5.16,36.12,23.39,69.32,28.86,54.177661946623154
2026-05-04,0.43,37.06,23.53,66.1,29.41,55.672898592694345
2026-05-05,0.84,36.21,24.06,67.14,29.25,53.11359698602942
2026-05-06,0.78,34.78,24.75,68.17,29.06,48.52902066117316
2026-05-07,0.13,37.82,23.23,61.16,29.89,55.11161323005616
2026-05-08,0.75,37.82,24.42,62.95,30.35,56.37682744896359
2026-05-09,0.49,38.38,23.97,61.47,30.33,57.43440530121164
2026-05-10,0.15,38.34,24.19,60.26,30.56,56.39464099143663
2026-05-11,0.48,37.6,24.73,64.35,30.34,56.534660476956354
2026-05-12,0.85,36.12,25.58,68.79,29.71,53.83236391243909
2026-05-13,0.17,36.37,25.56,66.34,29.89,53.20145488640419
2026-05-14,0.74,37.75,25.58,63.47,30.18,56.482109624625664
2026-05-15,1.41,36.94,24.92,61.37,30.37,52.09424326827032
2026-05-16,10.96,30.69,25.88,79.49,27.64,39.68235561968867
2026-05-17,6.17,34.94,25.25,69.08,29.39,49.59906526972844
2026-05-18,11.12,34.62,25.4,72.5,29.31,50.35195460012385
2026-05-19,7.93,34.56,24.89,75.2,29.02,51.68018757936204
2026-05-20,1.62,35.26,24.95,71.3,29.48,52.08798135721261
2026-05-21,0.3,37.96,24.62,63.39,30.9,57.23474177104241
2026-05-22,1.8,35.36,26.22,69.65,30.23,51.4733326907828
2026-05-23,8.39,36.22,25.2,72.48,29.83,56.71364570207279
2026-05-24,3.8,37.24,24.76,67.32,30.36,57.24832753605309
2026-05-25,1.17,36.85,24.3,67.77,29.98,56.008164500183824
2026-05-26,0.95,36.68,25.51,69.23,30.29,56.34422001192667
2026-05-27,1.08,36.78,25.27,67.95,30.26,55.855338769429494
2026-05-28,3.09,35.33,26.39,73.83,29.64,53.9370839391445
2026-05-29,5.6,34.77,26.59,75.53,29.65,52.7199024615903
2026-05-30,4.64,36.33,25.25,71.11,29.88,56.22188741263781
2026-05-31,9.92,32.95,25.84,77.28,28.58,46.61635823741324
2026-06-01,6.85,33.56,25.31,74.92,28.78,47.69998203707313
2026-06-02,9.83,31.36,25.17,81.62,27.56,42.723646609647076
2026-06-03,7.37,30.88,24.56,85.83,26.57,42.57685467250384
2026-06-04,23.65,28.9,24.39,90.55,26.27,36.862163661720125
2026-06-05,16.77,29.5,24.76,89.91,26.68,38.832068942678866
2026-06-06,1.96,30.51,24.67,77.79,27.17,38.57421125590883
2026-06-07,4.61,31.08,23.73,79.9,27.22,41.109164867665676
2026-06-08,5.36,30.48,24.31,83.27,26.88,40.23451772904056
2026-06-09,0.25,33.09,24.03,76.78,28.09,46.891890864514004
2026-06-10,3.54,33.07,24.32,78.9,28.23,47.863904412556465
2026-06-11,3.73,32.36,24.73,79.73,28.09,45.57290874339205
2026-06-12,3.2,32.98,24.85,77.58,28.52,46.87239421976692
2026-06-13,8.83,31.33,25.59,81.01,27.83,42.38171301801183
2026-06-14,2.83,30.8,24.34,81.04,27.53,40.56768190580775
2026-06-15,1.27,33.33,24.22,73.41,28.53,46.12686926716019
2026-06-16,5.89,34.42,23.79,73.58,28.9,50.204118036865815
2026-06-17,3.93,35.09,23.71,71.74,28.97,51.6992482156049
2026-06-18,2.2,34.83,24.83,69.55,29.11,49.46565318581408
2026-06-19,2.33,35.07,24.83,71.09,29.27,51.23694399956103
2026-06-20,5.06,33.94,25.6,76.32,29.13,49.87863574777334
2026-06-21,4.81,34.57,25.31,75.82,29.42,52.086343404005355
2026-06-22,2.34,31.87,26.15,80.08,28.43,43.93201083052417
2026-06-23,1.85,31.16,25.0,79.37,27.83,41.18672843533723
2026-06-24,4.19,29.28,25.08,87.65,26.89,37.437592469779034
2026-06-25,4.75,31.3,24.51,83.8,27.42,43.36137377334447
2026-06-26,21.57,30.2,25.12,86.85,27.21,40.429970463121805
2026-06-27,4.53,31.86,24.63,80.74,27.38,44.172674111985756
2026-06-28,9.92,30.14,24.46,83.7,26.88,39.21566769962773
2026-06-29,3.2,32.84,23.62,76.6,28.17,45.89228166520132
2026-06-30,9.21,31.7,25.3,79.78,28.16,43.20221223278139
2026-07-01,10.26,31.6,24.87,81.08,27.71,43.370329889010414
2026-07-02,2.04,31.04,23.93,81.51,26.87,41.55523577443545
2026-07-03,1.02,32.96,23.63,77.12,28.06,46.576463442772635
2026-07-04,3.88,34.97,23.69,74.23,28.83,52.73376858014756
2026-07-05,8.67,32.44,24.87,78.62,28.1,45.36614752337489
2026-07-06,0.55,33.26,25.31,73.81,28.91,46.072269404703576
2026-07-07,5.15,33.66,24.43,77.09,28.51,49.20762720354563
2026-07-08,11.05,32.66,25.22,80.11,28.2,46.88149814920791
2026-07-09,3.38,32.65,24.76,78.86,28.24,46.25203812330439
2026-07-10,37.83,29.33,25.77,88.81,27.18,37.918982948630386
2026-07-11,37.41,29.18,25.09,91.2,27.04,38.02627822650007
2026-07-12,25.3,28.43,24.33,92.25,26.15,35.61237049573622
2026-07-13,16.55,28.46,23.57,92.11,25.27,35.68664281041531
2026-07-14,1.99,29.8,23.49,85.34,26.52,38.56090615433436
2026-07-15,0.37,31.3,24.52,78.79,27.52,41.44374063635345
2026-07-16,1.59,31.71,24.75,77.82,27.76,42.45659872701007
2026-07-17,5.53,31.0,24.61,80.19,27.48,40.943485322203294
2026-07-18,4.9,31.63,24.25,81.35,27.51,43.58832901763713
2026-07-19,17.35,31.02,24.79,82.97,27.36,42.02196098196462
2026-07-20,14.72,31.31,24.46,80.56,27.64,42.14010653689948
2026-07-21,16.48,31.3,25.13,81.06,27.9,42.29536195529926
2026-07-22,12.71,30.86,25.01,85.8,27.3,42.4907296955092
2026-07-23,5.4,32.34,25.19,79.84,28.01,45.54830111679858
2026-07-24,16.38,29.15,25.09,90.06,26.76,37.617694466879804
2026-07-25,17.92,28.93,24.2,90.39,26.09,36.92787164292102
2026-07-26,14.73,28.36,24.06,90.2,25.88,34.94980079504511
2026-07-27,3.98,29.67,23.35,86.17,26.37,38.359021690138775
2026-07-28,20.63,30.42,24.06,85.12,26.72,40.64404399099801
2026-07-29,52.33,29.67,24.35,82.85,26.9,37.43188748152251
2026-07-30,5.8,29.51,24.52,84.31,26.74,37.314444984557255
2026-07-31,11.87,30.64,23.97,84.18,27.0,41.103649936414755
2026-08-01,3.27,30.84,24.18,87.06,26.99,42.88878886056827
2026-08-02,25.06,30.47,24.95,87.81,27.05,41.755521208097676
2026-08-03,83.16,28.1,25.28,92.74,26.3,34.575872278733115
2026-08-04,54.61,27.02,24.9,93.78,25.78,31.202452443034353
2026-08-05,39.62,27.53,24.2,93.22,25.63,32.75852637774253
2026-08-06,105.02,26.68,24.45,95.48,25.52,30.30433382779409
2026-08-07,48.28,28.56,24.91,93.39,26.31,36.32245979570911
2026-08-08,108.9,28.0,24.79,94.07,26.25,34.480445824446925
2026-08-09,72.85,27.72,25.05,93.52,26.18,33.43145344389255
2026-08-10,73.44,28.54,24.56,93.32,26.48,36.23475416978569
2026-08-11,20.79,29.32,24.65,91.09,26.6,38.50766225637247
2026-08-12,34.79,28.64,24.44,92.16,26.27,36.32844813262313
2026-08-13,40.54,28.42,24.63,93.21,26.3,35.782469802628746
2026-08-14,26.89,28.57,24.56,93.7,26.31,36.428912618090145
2026-08-15,14.5,28.66,24.35,93.69,26.3,36.754682916289816
2026-08-16,65.39,28.03,24.91,94.42,26.21,34.65027299695392
2026-08-17,58.73,28.2,24.48,94.75,26.23,35.31799705174554
2026-08-18,35.43,27.47,24.07,95.44,25.57,32.885148181204436
2026-08-19,35.56,27.39,24.15,94.07,25.56,32.42303591608233
2026-08-20,12.68,27.93,24.05,93.31,25.71,34.10263683950269
2026-08-21,2.75,28.85,23.77,91.0,26.15,36.796019669315605
2026-08-22,6.4,28.76,23.88,92.7,26.07,36.883812004821024
2026-08-23,20.52,28.72,24.29,92.56,26.27,36.70640553256913
2026-08-24,35.15,28.74,24.36,92.53,26.23,36.77117674606563
2026-08-25,21.96,27.89,24.3,92.75,25.88,33.86981076494548
2026-08-26,7.28,29.24,24.07,91.64,26.38,38.36481944096604
2026-08-27,33.78,28.78,24.49,93.06,26.39,37.04312204077111
2026-08-28,91.24,27.67,23.91,94.43,25.76,33.409753066076036
2026-08-29,101.77,26.5,23.92,95.08,25.21,29.714441976870837
2026-08-30,81.72,27.68,24.21,93.94,25.74,33.36512397165295
2026-08-31,25.95,27.88,24.98,93.94,26.19,34.043293001633145
2026-09-01,37.41,27.35,23.78,93.02,25.18,32.15105734456635
2026-09-02,32.04,27.66,23.84,92.68,25.21,33.09989791564456
2026-09-03,22.72,27.83,23.9,92.01,25.23,33.54574134099235
2026-09-04,29.1,26.75,23.99,93.61,25.06,30.353803744358085
2026-09-05,43.79,25.5,23.65,94.2,24.47,26.823946671457957
2026-09-06,27.34,27.72,23.03,93.26,25.05,33.389364796114805
2026-09-07,21.45,27.51,24.59,94.38,25.6,32.8638783929433
2026-09-08,23.53,28.03,24.2,91.96,25.75,34.19563511403294
2026-09-09,58.47,27.02,23.78,93.34,25.12,31.15388168921818
2026-09-10,28.06,26.93,23.53,93.03,24.84,30.844313418583095
2026-09-11,15.09,29.18,22.97,89.03,25.57,37.45460765155413
2026-09-12,19.57,27.42,23.41,90.93,24.97,32.08752197690609
2026-09-13,46.07,29.83,22.79,90.34,25.69,40.18412237023275
2026-09-14,9.62,30.48,24.23,87.34,26.57,41.627418978720065
2026-09-15,54.01,30.73,24.33,89.75,26.71,43.482050737030335
2026-09-16,141.6,30.97,24.34,89.98,26.5,44.54657982480736
2026-09-17,11.07,30.13,23.63,88.85,26.63,40.83172227015468
2026-09-18,7.07,31.22,24.52,87.32,27.22,44.473439764154435
2026-09-19,17.94,30.14,24.4,89.89,26.64,41.2172648543719
2026-09-20,99.17,29.02,24.22,91.83,25.71,37.61004069597001
2026-09-21,12.04,29.6,24.19,87.5,26.18,38.497757838571175
2026-09-22,25.1,30.36,24.04,86.78,26.53,40.98929039003719
2026-09-23,19.06,28.91,24.14,86.8,26.35,36.00256969736396
2026-09-24,32.47,29.62,24.11,87.75,26.29,38.6394310343286
2026-09-25,14.09,28.93,24.57,86.27,26.35,35.94341523405328
2026-09-26,6.91,30.03,24.28,84.59,26.51,39.117286503771396
2026-09-27,4.25,30.63,23.88,83.29,26.62,40.76028786881448
2026-09-28,8.72,30.17,24.01,85.45,26.67,39.86959716045871
2026-09-29,10.23,29.93,24.93,85.05,26.64,38.91642112933264
2026-09-30,5.69,30.76,24.65,83.56,27.21,41.31112750061931
