{"type": "FeatureCollection", "features": [{"type": "Feature", "properties": {"kind": "fishpond", "name": ""}, "geometry": {"type": "Polygon", "coordinates": [[[120.3170644, 16.038319], [120.317231, 16.038448], [120.3175258, 16.0379322], [120.317292, 16.0378189], [120.317231, 16.0378638], [120.3170644, 16.038319]]]}}, {"type": "Feature", "properties": {"kind": "fishpond", "name": ""}, "geometry": {"type": "Polygon", "coordinates": [[[120.313235, 16.0436887], [120.3134544, 16.0437908], [120.3135995, 16.043818], [120.3139605, 16.043784], [120.3148842, 16.0438656], [120.3150824, 16.0438248], [120.3151567, 16.0437636], [120.3155566, 16.0433539], [120.3161619, 16.0433826], [120.3163318, 16.0433673], [120.3166998, 16.0431156], [120.3171316, 16.0428129], [120.3171387, 16.0425629], [120.3171953, 16.042267], [120.3172838, 16.0420051], [120.3173687, 16.041869], [120.3175917, 16.0419506], [120.3176236, 16.0420459], [120.3177297, 16.0420901], [120.3179881, 16.0417397], [120.3181757, 16.0416173], [120.3183066, 16.0412533], [120.3184977, 16.0410084], [120.3184305, 16.0409608], [120.3183703, 16.0410186], [120.3182465, 16.040903], [120.3183562, 16.0407397], [120.3181898, 16.0405288], [120.3181651, 16.0405697], [120.3180093, 16.0404574], [120.3180341, 16.0404132], [120.3178572, 16.0403146], [120.3178218, 16.0403554], [120.3175811, 16.0401989], [120.3175953, 16.0401513], [120.317528, 16.0400901], [120.3174891, 16.0401513], [120.317305, 16.0400356], [120.3173475, 16.0399676], [120.3172024, 16.0398656], [120.3171352, 16.0399472], [120.3170361, 16.0398077], [120.3170396, 16.0397771], [120.3167883, 16.0396241], [120.3165689, 16.039971], [120.3164627, 16.0399846], [120.3164592, 16.039903], [120.3164839, 16.039852], [120.3162397, 16.0397125], [120.316038, 16.0398996], [120.315493, 16.0396411], [120.3155744, 16.0393213], [120.3156947, 16.0393826], [120.3157832, 16.0392601], [120.315677, 16.0391887], [120.3155425, 16.0390594], [120.3155177, 16.0391207], [120.3153762, 16.0390288], [120.3153939, 16.0389778], [120.3151638, 16.0388417], [120.3151992, 16.0387431], [120.3151532, 16.0387023], [120.3151037, 16.0387703], [120.3144808, 16.0386853], [120.3143215, 16.0388826], [120.3140207, 16.0386445], [120.3139357, 16.0386275], [120.313511, 16.0384676], [120.3134225, 16.0384676], [120.313281, 16.0387159], [120.3135146, 16.0390186], [120.3136774, 16.0395799], [120.3135323, 16.0399948], [120.3128138, 16.0407601], [120.3126652, 16.0408656], [120.3126439, 16.0409846], [120.3126652, 16.0411717], [120.3128421, 16.041835], [120.3128633, 16.0420663], [120.3128492, 16.0421071], [120.3129554, 16.0421853], [120.3129306, 16.0426819], [120.3129518, 16.0428928], [120.3130226, 16.0431819], [120.313104, 16.0433724], [120.3131606, 16.0434676], [120.3132491, 16.0435289], [120.3132739, 16.0436581], [120.313235, 16.0436887]]]}}, {"type": "Feature", "properties": {"kind": "fishpond", "name": ""}, "geometry": {"type": "Polygon", "coordinates": [[[120.3132489, 16.0446859], [120.3131555, 16.0446949], [120.3130504, 16.0446545], [120.3129687, 16.0445669], [120.3124877, 16.0444817], [120.3122985, 16.0444704], [120.312079, 16.0444906], [120.3118268, 16.044549], [120.3116938, 16.0445265], [120.311577, 16.0444749], [120.3113598, 16.0442909], [120.3109185, 16.0437456], [120.3104912, 16.0431352], [120.3102928, 16.0429804], [120.3093794, 16.0424064], [120.3089525, 16.0419347], [120.3088357, 16.0417978], [120.3083781, 16.04123], [120.3082426, 16.0410482], [120.3081259, 16.0408014], [120.3081422, 16.0407251], [120.3084715, 16.0402763], [120.3085392, 16.0401282], [120.3085392, 16.0399127], [120.3085205, 16.0397893], [120.3085345, 16.0396794], [120.3085929, 16.0395918], [120.3086793, 16.0395492], [120.3091159, 16.0394931], [120.3094732, 16.0394976], [120.309674, 16.0394392], [120.3097884, 16.0393517], [120.3099962, 16.0394303], [120.3100803, 16.039529], [120.3103091, 16.039511], [120.3103955, 16.0393405], [120.3104889, 16.0392171], [120.3105309, 16.0390443], [120.3106804, 16.0389276], [120.3108952, 16.0388109], [120.3110189, 16.0386695], [120.3110259, 16.0385551], [120.3110213, 16.0384406], [120.311082, 16.0383329], [120.3111147, 16.0383104], [120.3111871, 16.0383015], [120.3113108, 16.0383082], [120.3125834, 16.0386246], [120.3127749, 16.0386785], [120.3129943, 16.0387974], [120.3131228, 16.0389029], [120.3132512, 16.039069], [120.3133983, 16.0393786], [120.313452, 16.0395896], [120.313438, 16.0397871], [120.3133773, 16.039823], [120.3130527, 16.0402628], [120.3129196, 16.0403055], [120.3129196, 16.0403818], [120.3128239, 16.0404491], [120.3127772, 16.0405029], [120.3127048, 16.0404805], [120.3124339, 16.0408485], [120.3124153, 16.0410617], [120.3124947, 16.0414028], [120.3125764, 16.0416093], [120.312567, 16.0418584], [120.3125507, 16.0421052], [120.3126091, 16.0422668], [120.3126044, 16.0426056], [120.3126418, 16.0430275], [120.3126815, 16.043243], [120.3127935, 16.0435212], [120.3128939, 16.043703], [120.3132675, 16.0441002], [120.3133096, 16.0442079], [120.3133353, 16.0443941], [120.3133446, 16.0445737], [120.3133026, 16.0446477], [120.3132489, 16.0446859]]]}}, {"type": "Feature", "properties": {"kind": "fishpond", "name": ""}, "geometry": {"type": "Polygon", "coordinates": [[[120.3161971, 16.0499688], [120.3161107, 16.0499251], [120.3157605, 16.0498185], [120.3155562, 16.0497186], [120.3151616, 16.0494639], [120.3149717, 16.0490675], [120.3149186, 16.0489553], [120.3149469, 16.0488158], [120.3149257, 16.0486627], [120.3149487, 16.0484944], [120.3150159, 16.0483413], [120.3150619, 16.0481339], [120.3151522, 16.0479638], [120.3152424, 16.0478549], [120.3153097, 16.047792], [120.3153928, 16.0478328], [120.3154212, 16.0478192], [120.3154565, 16.0477563], [120.3154919, 16.0476084], [120.3154212, 16.047292], [120.3153769, 16.0472172], [120.3152867, 16.0471492], [120.3151132, 16.0470641], [120.3150265, 16.0470437], [120.3149104, 16.0470254], [120.3144889, 16.0470299], [120.3140016, 16.0470126], [120.3136052, 16.0468987], [120.3133574, 16.0467864], [120.3130508, 16.0465159], [120.3127215, 16.0460471], [120.3125671, 16.0456564], [120.3124429, 16.0452857], [120.31188, 16.0451845], [120.3112046, 16.0451319], [120.3109978, 16.0449414], [120.3108921, 16.0448359], [120.3102021, 16.0441796], [120.3101135, 16.0438357], [120.3097497, 16.0435309], [120.3096643, 16.0433746], [120.3095282, 16.0432007], [120.3090545, 16.0429253], [120.3089252, 16.0429774], [120.3079333, 16.0454821], [120.3085577, 16.0458439], [120.3086763, 16.0459126], [120.3087031, 16.0460802], [120.3098109, 16.0466767], [120.3111869, 16.0474176], [120.3112282, 16.0474398], [120.3121999, 16.0480454], [120.3121511, 16.0481939], [120.3124844, 16.048483], [120.3124804, 16.0485533], [120.3137854, 16.0491785], [120.3138139, 16.0490808], [120.3138902, 16.0491368], [120.3144795, 16.0493647], [120.3145981, 16.0493885], [120.3145875, 16.0494021], [120.3145999, 16.0494327], [120.3146636, 16.0494837], [120.3147821, 16.0495738], [120.3149662, 16.0496487], [120.3151661, 16.0497745], [120.315267, 16.049851], [120.315359, 16.0498936], [120.3155891, 16.050067], [120.3155961, 16.0500823], [120.3155537, 16.0501435], [120.3156457, 16.0502813], [120.3156846, 16.0503187], [120.3159624, 16.0504378], [120.3159784, 16.0504412], [120.3160403, 16.0503561], [120.3161465, 16.0500483], [120.3161971, 16.0499688]]]}}, {"type": "Feature", "properties": {"kind": "fishpond", "name": ""}, "geometry": {"type": "Polygon", "coordinates": [[[120.3136352, 16.0383392], [120.3139747, 16.0385405], [120.3143893, 16.0386792], [120.3144849, 16.0385717], [120.3145723, 16.0386049], [120.314617, 16.0385385], [120.3148365, 16.0386049], [120.3148691, 16.0385268], [120.3144239, 16.0382806], [120.3143528, 16.0382923], [120.314241, 16.0385287], [120.314119, 16.0384291], [120.3142125, 16.0382552], [120.3141962, 16.0382181], [120.3138039, 16.0380403], [120.3138161, 16.0381048], [120.3136982, 16.0382591], [120.3136352, 16.0383392]]]}}, {"type": "Feature", "properties": {"kind": "fishpond", "name": ""}, "geometry": {"type": "Polygon", "coordinates": [[[120.3133298, 16.0382238], [120.3134006, 16.0380742], [120.313337, 16.0380341], [120.3133882, 16.037971], [120.3134441, 16.0378411], [120.3135732, 16.0379006], [120.3135762, 16.0379534], [120.3136525, 16.0379866], [120.3136698, 16.0380726], [120.3136057, 16.0381048], [120.3136047, 16.0381507], [120.3136504, 16.038224], [120.3136982, 16.0382591], [120.3136333, 16.0383439], [120.3133298, 16.0382238]]]}}, {"type": "Feature", "properties": {"kind": "fishpond", "name": ""}, "geometry": {"type": "Polygon", "coordinates": [[[120.3136698, 16.0380726], [120.3136984, 16.0380693], [120.3138161, 16.0381048], [120.3138039, 16.0380403], [120.3138028, 16.0380455], [120.3138143, 16.0379401], [120.3137585, 16.0379197], [120.3136525, 16.0379866], [120.3136698, 16.0380726]]]}}, {"type": "Feature", "properties": {"kind": "fishpond", "name": ""}, "geometry": {"type": "Polygon", "coordinates": [[[120.3118735, 16.0369375], [120.3118434, 16.0370022], [120.3119344, 16.0371178], [120.3119137, 16.0371721], [120.311785, 16.0371263], [120.3115709, 16.036992], [120.3114647, 16.0369426], [120.3112966, 16.0368423], [120.3108076, 16.0366255], [120.310725, 16.0365889], [120.3106578, 16.0365549], [120.310633, 16.0365243], [120.310738, 16.0363762], [120.3109551, 16.0364494], [120.3113815, 16.0366671], [120.3118735, 16.0369375]]]}}, {"type": "Feature", "properties": {"kind": "fishpond", "name": ""}, "geometry": {"type": "Polygon", "coordinates": [[[120.3117633, 16.0375676], [120.3119009, 16.0372059], [120.3117845, 16.0371763], [120.3117644, 16.0372047], [120.3116249, 16.0371454], [120.3114667, 16.0370655], [120.3114251, 16.0370758], [120.3111032, 16.0369237], [120.311122, 16.0368528], [120.3109906, 16.0368103], [120.3109342, 16.0367639], [120.3107814, 16.0366969], [120.3107331, 16.0367716], [120.3105788, 16.0366814], [120.3106084, 16.0365873], [120.3105922, 16.03655], [120.3104085, 16.0367935], [120.3103576, 16.0368354], [120.3117633, 16.0375676]]]}}, {"type": "Feature", "properties": {"kind": "fishpond", "name": ""}, "geometry": {"type": "Polygon", "coordinates": [[[120.3149296, 16.0542441], [120.3146773, 16.0542939], [120.3145063, 16.0545796], [120.314286, 16.0544686], [120.3141242, 16.0545012], [120.3140364, 16.054442], [120.3140857, 16.0543191], [120.3137807, 16.0541429], [120.3133836, 16.0540368], [120.3134723, 16.0538797], [120.3124218, 16.0533101], [120.3123155, 16.0534432], [120.3122988, 16.053433], [120.3120305, 16.0532425], [120.3118861, 16.0531615], [120.3118493, 16.0531322], [120.3118764, 16.0530774], [120.3116298, 16.0529388], [120.3116433, 16.052911], [120.311088, 16.0525796], [120.3107306, 16.0523664], [120.3107658, 16.0521626], [120.3103318, 16.0519157], [120.3099765, 16.0517191], [120.3096492, 16.0515697], [120.3097102, 16.0514554], [120.3094516, 16.0512554], [120.3093468, 16.0513984], [120.3091825, 16.0517168], [120.3088428, 16.051529], [120.3089936, 16.0513584], [120.3090474, 16.0512431], [120.3089844, 16.0511806], [120.3095292, 16.0500163], [120.3098063, 16.0501238], [120.3098288, 16.0501879], [120.3101612, 16.0502536], [120.3102795, 16.0503169], [120.3102702, 16.0503835], [120.3103996, 16.0504516], [120.3104936, 16.0504634], [120.3104527, 16.0505652], [120.3106872, 16.0506535], [120.3106836, 16.0506884], [120.3107896, 16.0507195], [120.3107456, 16.0508441], [120.3110069, 16.0509139], [120.311059, 16.0507863], [120.3111221, 16.0508163], [120.3110639, 16.0509653], [120.3113497, 16.0510559], [120.3114473, 16.0508736], [120.3115026, 16.0509145], [120.3114375, 16.0510415], [120.3118209, 16.0512115], [120.3117874, 16.0513192], [120.311942, 16.0513652], [120.311966, 16.0513174], [120.312055, 16.0514454], [120.312515, 16.0517947], [120.3125462, 16.051836], [120.31254, 16.0518643], [120.3125117, 16.0518498], [120.3124567, 16.0519539], [120.3127544, 16.0520541], [120.3127641, 16.0520377], [120.3128034, 16.0520583], [120.3130438, 16.0521895], [120.3134381, 16.0523302], [120.3136607, 16.0524288], [120.3139146, 16.0524651], [120.3140638, 16.0524491], [120.3143783, 16.0525607], [120.3149199, 16.0525469], [120.3154359, 16.0527778], [120.3154128, 16.0529052], [120.3156054, 16.053068], [120.3155499, 16.0532072], [120.3157204, 16.053494], [120.3149296, 16.0542441]]]}}, {"type": "Feature", "properties": {"kind": "fishpond", "name": ""}, "geometry": {"type": "Polygon", "coordinates": [[[120.3083429, 16.0512967], [120.3088428, 16.051529], [120.3089936, 16.0513584], [120.3088281, 16.0513069], [120.3088527, 16.0512773], [120.3086586, 16.0511648], [120.308731, 16.0510493], [120.3089844, 16.0511806], [120.3095292, 16.0500163], [120.3092223, 16.0498967], [120.3091952, 16.0498759], [120.3091875, 16.0496557], [120.3087827, 16.049474], [120.3088407, 16.0493724], [120.3084923, 16.0491854], [120.3085288, 16.0489965], [120.3084164, 16.04899], [120.3082554, 16.0488723], [120.3082883, 16.048757], [120.3079467, 16.0485557], [120.3078284, 16.0485072], [120.3077187, 16.0484117], [120.3071771, 16.0493939], [120.3070158, 16.0497541], [120.306794, 16.0501776], [120.3067153, 16.0503481], [120.3069662, 16.050462], [120.3072381, 16.050582], [120.3073366, 16.0503465], [120.307421, 16.0503785], [120.3075106, 16.0502282], [120.3076367, 16.0502809], [120.3077528, 16.050152], [120.3081566, 16.0503262], [120.3079176, 16.0506816], [120.3079781, 16.0507277], [120.3078558, 16.0508852], [120.3083687, 16.0512298], [120.3083429, 16.0512967]]]}}, {"type": "Feature", "properties": {"kind": "fishpond", "name": ""}, "geometry": {"type": "Polygon", "coordinates": [[[120.3154723, 16.0501931], [120.3152847, 16.0504924], [120.3150936, 16.0507509], [120.31509, 16.0507815], [120.3148034, 16.0510757], [120.3144601, 16.0512781], [120.313777, 16.0515621], [120.313639, 16.0516114], [120.3135611, 16.0516063], [120.311696, 16.0504022], [120.3107386, 16.0496625], [120.3107227, 16.0496812], [120.3100131, 16.0493036], [120.3096627, 16.0490894], [120.3091212, 16.0487969], [120.3089832, 16.0486965], [120.3085408, 16.0482305], [120.3078949, 16.0475928], [120.307717, 16.0474265], [120.3079691, 16.0468084], [120.3088911, 16.0471744], [120.3090345, 16.0468938], [120.3094114, 16.047103], [120.3095689, 16.0467493], [120.3096397, 16.046785], [120.3096715, 16.0467102], [120.3097919, 16.046751], [120.309875, 16.0468054], [120.3098733, 16.0468598], [120.3098202, 16.0469108], [120.3097352, 16.0469483], [120.3095831, 16.0472], [120.3100644, 16.0474534], [120.310029, 16.0476659], [120.310367, 16.0477153], [120.3105634, 16.0478105], [120.3106448, 16.047768], [120.3107333, 16.047768], [120.310797, 16.0478462], [120.31082, 16.0479431], [120.3115137, 16.0482373], [120.3116464, 16.0482322], [120.3119225, 16.0483972], [120.3119596, 16.0483564], [120.3122976, 16.0485248], [120.3124073, 16.0486319], [120.3124604, 16.0485707], [120.3138336, 16.0492237], [120.3138637, 16.0491591], [120.3145132, 16.0494176], [120.3143946, 16.0495247], [120.3147512, 16.0497586], [120.3147167, 16.0498053], [120.3148883, 16.0498836], [120.3154723, 16.0501931]]]}}, {"type": "Feature", "properties": {"kind": "fishpond", "name": ""}, "geometry": {"type": "Polygon", "coordinates": [[[120.3038294, 16.0491331], [120.3039047, 16.0492141], [120.3043092, 16.0493987], [120.3045155, 16.0494993], [120.3047391, 16.0496165], [120.3048245, 16.0496556], [120.304917, 16.0497123], [120.3049586, 16.0496615], [120.3050664, 16.0496458], [120.3051151, 16.0497152], [120.3052148, 16.0497621], [120.305285, 16.0497839], [120.3054699, 16.0498412], [120.3055176, 16.0498207], [120.3055959, 16.0498246], [120.3056731, 16.0498968], [120.3056335, 16.0499769], [120.3056406, 16.050015], [120.3057189, 16.0500463], [120.3059221, 16.0501342], [120.3059679, 16.05014], [120.3059953, 16.0501127], [120.306041, 16.0499701], [120.3061203, 16.0499105], [120.3062504, 16.0500131], [120.3061579, 16.0502914], [120.3064771, 16.0504282], [120.3065482, 16.0504653], [120.3067393, 16.0501195], [120.3068806, 16.0498617], [120.3070462, 16.049552], [120.3071255, 16.0493586], [120.3072515, 16.049135], [120.3074304, 16.0488195], [120.3074945, 16.0486896], [120.3076625, 16.0483706], [120.3075691, 16.048291], [120.3076172, 16.0481954], [120.3075836, 16.0481909], [120.3074819, 16.0481613], [120.3074156, 16.0480946], [120.307234, 16.0480789], [120.3069935, 16.0480363], [120.3068009, 16.0480318], [120.306753, 16.0480811], [120.3062965, 16.0479487], [120.3060969, 16.0478814], [120.3060105, 16.0478141], [120.3058377, 16.0477389], [120.3046346, 16.0475132], [120.3044276, 16.0473925], [120.3033021, 16.0469231], [120.3025606, 16.0467003], [120.302235, 16.0465898], [120.3022969, 16.0464793], [120.3022686, 16.0464351], [120.3022191, 16.0464096], [120.3020014, 16.0463398], [120.3016493, 16.0461698], [120.3011803, 16.0461153], [120.3008282, 16.0461732], [120.3007733, 16.0462225], [120.300768, 16.04643], [120.3005928, 16.0463857], [120.3004123, 16.0463381], [120.3003486, 16.0463585], [120.2999487, 16.0466698], [120.2998177, 16.0468041], [120.2997664, 16.0469266], [120.2999735, 16.0469759], [120.299954, 16.047066], [120.3000832, 16.0470915], [120.3001416, 16.0470082], [120.3003097, 16.0470609], [120.3002548, 16.0471561], [120.3004743, 16.0472123], [120.3006583, 16.0472939], [120.3006158, 16.0473653], [120.300837, 16.0475082], [120.3012281, 16.0476], [120.3012653, 16.0476561], [120.3016033, 16.047816], [120.3016776, 16.0476374], [120.301851, 16.0476918], [120.30192, 16.0477208], [120.3018528, 16.0479401], [120.3026349, 16.0483959], [120.3035551, 16.0489571], [120.3037109, 16.0490013], [120.3037816, 16.0487769], [120.3039728, 16.0488245], [120.3040896, 16.0489316], [120.3042364, 16.0489435], [120.3044541, 16.0490217], [120.3046169, 16.0491867], [120.3045805, 16.0492311], [120.304532, 16.0492904], [120.3040471, 16.0490728], [120.3039409, 16.0491187], [120.3038878, 16.0490847], [120.3038294, 16.0491331]]]}}, {"type": "Feature", "properties": {"kind": "fishpond", "name": ""}, "geometry": {"type": "Polygon", "coordinates": [[[120.3082341, 16.0354204], [120.3091247, 16.0358142], [120.3093325, 16.035886], [120.3094937, 16.0359241], [120.30944, 16.0357446], [120.3089542, 16.0355662], [120.308965, 16.0354137], [120.3085799, 16.035319], [120.3086769, 16.0350065], [120.3087746, 16.0347068], [120.3086683, 16.0346558], [120.3086106, 16.0346861], [120.3085297, 16.0348986], [120.3083795, 16.0349045], [120.3082354, 16.0351162], [120.3082166, 16.0351192], [120.3082341, 16.0354204]]]}}, {"type": "Feature", "properties": {"kind": "fishpond", "name": ""}, "geometry": {"type": "Polygon", "coordinates": [[[120.3180255, 16.0564711], [120.3179117, 16.0566215], [120.3175783, 16.0564633], [120.3175458, 16.0563949], [120.3175559, 16.0563226], [120.3175051, 16.0562445], [120.3171474, 16.0559534], [120.3169156, 16.0557893], [120.3164542, 16.0554826], [120.3162936, 16.055385], [120.3161737, 16.0552834], [120.3160212, 16.0551466], [120.3160029, 16.0550822], [120.3160354, 16.0550138], [120.3162204, 16.0547325], [120.3160924, 16.05467], [120.3160395, 16.0547345], [120.3159907, 16.0547091], [120.3157915, 16.0549025], [120.3153281, 16.0545977], [120.3153972, 16.0544492], [120.3149296, 16.0542441], [120.3157204, 16.053494], [120.3158261, 16.0536601], [120.3158057, 16.0538476], [120.3162265, 16.0544278], [120.3163647, 16.0546309], [120.3168445, 16.0551271], [120.3174868, 16.0558518], [120.3180255, 16.0564711]]]}}, {"type": "Feature", "properties": {"kind": "fishpond", "name": ""}, "geometry": {"type": "Polygon", "coordinates": [[[120.3130045, 16.034866], [120.3130066, 16.0350214], [120.3127824, 16.0353109], [120.3127497, 16.0355128], [120.3127754, 16.0356564], [120.3129202, 16.035928], [120.3125583, 16.0357978], [120.3122781, 16.0356564], [120.3122342, 16.0356204], [120.3122182, 16.0355534], [120.3126795, 16.0349708], [120.3126221, 16.0348591], [120.3124435, 16.0340479], [120.3127474, 16.0333996], [120.3128082, 16.033388], [120.3129263, 16.0334189], [120.3134222, 16.0341484], [120.3134864, 16.034323], [120.3134134, 16.0343508], [120.3132705, 16.0342606], [120.3130871, 16.034818], [120.3130045, 16.034866]]]}}, {"type": "Feature", "properties": {"kind": "pond", "name": ""}, "geometry": {"type": "Polygon", "coordinates": [[[120.3207971, 16.040447], [120.3204982, 16.040065], [120.320452, 16.0400236], [120.3204428, 16.0399525], [120.3201308, 16.0399496], [120.320079, 16.0400589], [120.319973, 16.0400682], [120.3198992, 16.0402118], [120.3201522, 16.0403778], [120.3202068, 16.0403094], [120.3203281, 16.0404065], [120.3204188, 16.0403732], [120.3205963, 16.0404187], [120.3206441, 16.0405106], [120.3207371, 16.0405047], [120.3207971, 16.040447]]]}}, {"type": "Feature", "properties": {"kind": "pond", "name": ""}, "geometry": {"type": "Polygon", "coordinates": [[[120.3196951, 16.0400914], [120.3198666, 16.0401805], [120.3199375, 16.0400473], [120.319882, 16.0400088], [120.3199745, 16.0398015], [120.3201707, 16.0398692], [120.3201308, 16.0399496], [120.3204428, 16.0399525], [120.3204705, 16.0399022], [120.3204135, 16.0398594], [120.320426, 16.0396311], [120.320849, 16.0396153], [120.3208908, 16.039582], [120.3208763, 16.0394616], [120.3208355, 16.0391207], [120.3207822, 16.0386524], [120.3207074, 16.0385454], [120.3207535, 16.0383203], [120.3207624, 16.0381738], [120.3207395, 16.0379745], [120.3207843, 16.0374714], [120.3202338, 16.0373318], [120.3202259, 16.0371675], [120.3201433, 16.0371777], [120.3200608, 16.0372316], [120.3199614, 16.0374174], [120.319811, 16.0373277], [120.3198184, 16.0372464], [120.3197643, 16.037193], [120.3198256, 16.0371398], [120.3193367, 16.0369479], [120.3183972, 16.0365791], [120.3184711, 16.0383587], [120.3188084, 16.0385765], [120.3191952, 16.0388468], [120.3193141, 16.0388909], [120.319267, 16.0389508], [120.3191552, 16.0389142], [120.3189809, 16.0388071], [120.3185111, 16.0385101], [120.3185466, 16.0393258], [120.3186678, 16.0393942], [120.3187122, 16.0394885], [120.3188572, 16.0395861], [120.3190017, 16.0396487], [120.3191755, 16.0397524], [120.3193683, 16.0398368], [120.3194048, 16.0398497], [120.3194099, 16.0399166], [120.31945, 16.0399803], [120.3195838, 16.0400468], [120.3196674, 16.0400412], [120.3196951, 16.0400914]]]}}, {"type": "Feature", "properties": {"kind": "pond", "name": ""}, "geometry": {"type": "Polygon", "coordinates": [[[120.3193367, 16.0369479], [120.3198256, 16.0371398], [120.3200209, 16.0372016], [120.3201767, 16.0371099], [120.3201721, 16.0370542], [120.3201225, 16.0369975], [120.3201187, 16.0368524], [120.3199924, 16.0366682], [120.319948, 16.0365497], [120.3198837, 16.0363251], [120.3198185, 16.0360404], [120.3197622, 16.0357599], [120.3197094, 16.0354828], [120.3196803, 16.0351449], [120.3197019, 16.035017], [120.3197235, 16.0349061], [120.3197796, 16.0346611], [120.3198077, 16.0345674], [120.3198092, 16.0344772], [120.3197894, 16.0344312], [120.3196952, 16.034427], [120.3196284, 16.0344987], [120.3193819, 16.0348008], [120.319234, 16.034931], [120.3191015, 16.0350228], [120.3186397, 16.0352849], [120.3183657, 16.0353685], [120.3183972, 16.0365791], [120.3193367, 16.0369479]]]}}, {"type": "Feature", "properties": {"kind": "pond", "name": ""}, "geometry": {"type": "Polygon", "coordinates": [[[120.3149855, 16.0353013], [120.315167, 16.0351212], [120.3153794, 16.0350534], [120.3155669, 16.0350502], [120.315767, 16.0350791], [120.3162974, 16.0352278], [120.3163996, 16.0353049], [120.3165904, 16.0353345], [120.3168657, 16.0355406], [120.317193, 16.0356804], [120.317291, 16.0356947], [120.3173582, 16.0356736], [120.3174123, 16.035623], [120.3174929, 16.0353647], [120.3176968, 16.0349826], [120.3177932, 16.0348631], [120.3178339, 16.0348512], [120.3179264, 16.0349396], [120.3181342, 16.0350383], [120.3183232, 16.0350495], [120.3185286, 16.0349881], [120.3191318, 16.0346589], [120.3190692, 16.0345113], [120.3191376, 16.0344283], [120.3190551, 16.0343468], [120.3193687, 16.0340366], [120.3195061, 16.033931], [120.3196561, 16.0338947], [120.3196346, 16.0333646], [120.3197824, 16.0327108], [120.3192933, 16.0326134], [120.3184687, 16.0322849], [120.3181608, 16.0322747], [120.3180131, 16.0321224], [120.317875, 16.032063], [120.3178308, 16.0321815], [120.3173942, 16.0318258], [120.3173413, 16.0315721], [120.3169919, 16.0313166], [120.3170115, 16.0311956], [120.3169938, 16.0312374], [120.3169449, 16.0312232], [120.3167371, 16.0310639], [120.3164102, 16.0309113], [120.3163495, 16.0310505], [120.3158638, 16.0307587], [120.3158591, 16.0307138], [120.3158998, 16.0305994], [120.3157791, 16.0305324], [120.3157362, 16.0305788], [120.3155322, 16.030469], [120.3154184, 16.030383], [120.3150362, 16.0304065], [120.3149712, 16.0302033], [120.3144102, 16.0302267], [120.3141093, 16.0313833], [120.3142638, 16.0314537], [120.3142963, 16.0315396], [120.3144589, 16.0315865], [120.3144671, 16.0317662], [120.3140093, 16.0317976], [120.3140148, 16.0319742], [120.3141591, 16.0320311], [120.3141995, 16.0321578], [120.3140462, 16.0325698], [120.3139818, 16.0326317], [120.313865, 16.032624], [120.313784, 16.0326831], [120.3136649, 16.0326993], [120.3136839, 16.0325653], [120.3134839, 16.0325013], [120.3133393, 16.032532], [120.3132427, 16.0326461], [120.3132422, 16.0326854], [120.3131356, 16.032822], [120.3129659, 16.0331718], [120.3129944, 16.0332634], [120.3135657, 16.0340652], [120.3136721, 16.0341558], [120.3137299, 16.034209], [120.3137991, 16.0342221], [120.3138636, 16.0342062], [120.3139254, 16.0341695], [120.3140857, 16.0339459], [120.3141792, 16.0338581], [120.314523, 16.0337247], [120.3150833, 16.0337019], [120.31513, 16.0337673], [120.3151832, 16.0338393], [120.3151653, 16.0339601], [120.3147935, 16.035032], [120.314783, 16.0351498], [120.3148089, 16.0352222], [120.3148536, 16.0352817], [120.3149188, 16.0353064], [120.3149855, 16.0353013]]]}}, {"type": "Feature", "properties": {"kind": "pond", "name": ""}, "geometry": {"type": "Polygon", "coordinates": [[[120.3246845, 16.0374221], [120.324974, 16.0373188], [120.3251001, 16.0372022], [120.3250814, 16.0371303], [120.3250721, 16.036502], [120.3249833, 16.0363853], [120.3248993, 16.0366591], [120.3248713, 16.0370765], [120.3248059, 16.0373144], [120.3246845, 16.0374221]]]}}, {"type": "Feature", "properties": {"kind": "pond", "name": ""}, "geometry": {"type": "Polygon", "coordinates": [[[120.3273341, 16.0385124], [120.3279387, 16.0389011], [120.3280824, 16.0388839], [120.3281899, 16.0389509], [120.3289052, 16.0379618], [120.3281938, 16.0376149], [120.3278859, 16.0380434], [120.3276877, 16.0379652], [120.3273341, 16.0385124]]]}}, {"type": "Feature", "properties": {"kind": "pond", "name": ""}, "geometry": {"type": "Polygon", "coordinates": [[[120.328392, 16.0387271], [120.3285053, 16.0387271], [120.3286008, 16.0388088], [120.3284876, 16.0389652], [120.3290185, 16.0392748], [120.3291459, 16.0391183], [120.329245, 16.0389618], [120.3291883, 16.0388088], [120.32893, 16.0386217], [120.3287601, 16.0386081], [120.3284982, 16.0386387], [120.328392, 16.0387271]]]}}, {"type": "Feature", "properties": {"kind": "pond", "name": ""}, "geometry": {"type": "Polygon", "coordinates": [[[120.3290397, 16.0386081], [120.3293618, 16.0388394], [120.3294467, 16.0387543], [120.3293901, 16.0386931], [120.3294467, 16.0386353], [120.3294821, 16.0385332], [120.3294892, 16.0384312], [120.3294325, 16.0383768], [120.3293511, 16.0383972], [120.3293016, 16.0383768], [120.3292343, 16.038404], [120.3291813, 16.038472], [120.3291671, 16.03854], [120.3291034, 16.0385911], [120.3290397, 16.0386081]]]}}, {"type": "Feature", "properties": {"kind": "pond", "name": ""}, "geometry": {"type": "Polygon", "coordinates": [[[120.3288174, 16.0397755], [120.328915, 16.0399435], [120.3292321, 16.040092], [120.329354, 16.0401154], [120.329724, 16.0393965], [120.3292402, 16.0391582], [120.3291873, 16.0391503], [120.3291467, 16.0391972], [120.3288174, 16.0397755]]]}}, {"type": "Feature", "properties": {"kind": "pond", "name": ""}, "geometry": {"type": "Polygon", "coordinates": [[[120.3297565, 16.0398966], [120.3296671, 16.0398185], [120.3296752, 16.0397052], [120.3297687, 16.039584], [120.3298907, 16.0395606], [120.3299435, 16.0396114], [120.3298622, 16.0397169], [120.3297728, 16.0398575], [120.3297565, 16.0398966]]]}}, {"type": "Feature", "properties": {"kind": "pond", "name": ""}, "geometry": {"type": "Polygon", "coordinates": [[[120.3249998, 16.036254], [120.3251353, 16.0361118], [120.3251538, 16.03549], [120.3251107, 16.0354308], [120.3252031, 16.035259], [120.325197, 16.0342226], [120.3251261, 16.0342404], [120.325008, 16.0346046], [120.3251025, 16.0350769], [120.3251436, 16.0353279], [120.3250778, 16.0354504], [120.3251061, 16.0355069], [120.3250357, 16.0357707], [120.3249715, 16.0358021], [120.3249733, 16.0360488], [120.3249998, 16.036254]]]}}, {"type": "Feature", "properties": {"kind": "pond", "name": ""}, "geometry": {"type": "Polygon", "coordinates": [[[120.3252031, 16.0341574], [120.3249505, 16.0341574], [120.3248457, 16.0336837], [120.3249382, 16.0337666], [120.3250552, 16.0337547], [120.3251538, 16.033737], [120.3252278, 16.0337014], [120.3252031, 16.0341574]]]}}, {"type": "Feature", "properties": {"kind": "pond", "name": ""}, "geometry": {"type": "Polygon", "coordinates": [[[120.3246809, 16.0329572], [120.3250078, 16.0330874], [120.3250779, 16.0332579], [120.325232, 16.0333118], [120.3252694, 16.0332534], [120.325288, 16.0325039], [120.3248911, 16.0326161], [120.324723, 16.03267], [120.3246809, 16.0329572]]]}}, {"type": "Feature", "properties": {"kind": "pond", "name": ""}, "geometry": {"type": "Polygon", "coordinates": [[[120.3254708, 16.032419], [120.3259574, 16.0323137], [120.326145, 16.0319396], [120.3260358, 16.0319225], [120.3260263, 16.0319403], [120.3259362, 16.0321096], [120.3257026, 16.0319906], [120.3256353, 16.032045], [120.3254761, 16.0322491], [120.3254708, 16.032419]]]}}, {"type": "Feature", "properties": {"kind": "pond", "name": ""}, "geometry": {"type": "Polygon", "coordinates": [[[120.326145, 16.0319396], [120.3259574, 16.0323137], [120.3267073, 16.0328059], [120.3269723, 16.0323499], [120.3272311, 16.0319946], [120.3271941, 16.0319482], [120.3271742, 16.0319234], [120.3271678, 16.0318443], [120.3271749, 16.0317287], [120.3267431, 16.0314497], [120.3265838, 16.0315314], [120.3266243, 16.0315934], [120.3265947, 16.0316133], [120.3265836, 16.0316354], [120.326512, 16.031676], [120.3264694, 16.0316833], [120.3264065, 16.0316566], [120.3260459, 16.0318817], [120.3260358, 16.0319225], [120.326145, 16.0319396]]]}}, {"type": "Feature", "properties": {"kind": "pond", "name": ""}, "geometry": {"type": "Polygon", "coordinates": [[[120.3260147, 16.0318216], [120.3263722, 16.0316158], [120.3263757, 16.0315665], [120.3263899, 16.031524], [120.3264447, 16.03149], [120.3264678, 16.0314764], [120.3265492, 16.0315052], [120.3265838, 16.0315314], [120.3267431, 16.0314497], [120.3267195, 16.0314289], [120.3267001, 16.0314118], [120.3267863, 16.031274], [120.3268464, 16.0312417], [120.3267757, 16.0311821], [120.3264589, 16.0310001], [120.3263512, 16.0309302], [120.3263593, 16.0308658], [120.3265685, 16.0305435], [120.3258819, 16.0301156], [120.3255412, 16.0306518], [120.3256887, 16.0307523], [120.3258711, 16.0308684], [120.3258765, 16.0309225], [120.3261098, 16.0310952], [120.3262171, 16.0311519], [120.3262118, 16.0311983], [120.3258953, 16.0316159], [120.3258953, 16.0316598], [120.3259677, 16.0317087], [120.3259757, 16.0317423], [120.3260294, 16.0317732], [120.3260147, 16.0318216]]]}}, {"type": "Feature", "properties": {"kind": "pond", "name": ""}, "geometry": {"type": "Polygon", "coordinates": [[[120.3253783, 16.0315483], [120.3254044, 16.0316177], [120.3253697, 16.0317227], [120.325439, 16.0316311], [120.3254742, 16.0315959], [120.3257588, 16.0311956], [120.3255881, 16.0310943], [120.3253912, 16.0313603], [120.3254891, 16.0314275], [120.3253783, 16.0315483]]]}}, {"type": "Feature", "properties": {"kind": "pond", "name": ""}, "geometry": {"type": "Polygon", "coordinates": [[[120.3267906, 16.0313821], [120.3269167, 16.0314539], [120.3272553, 16.0309243], [120.3271268, 16.0308592], [120.3267906, 16.0313821]]]}}, {"type": "Feature", "properties": {"kind": "pond", "name": ""}, "geometry": {"type": "Polygon", "coordinates": [[[120.3264637, 16.0308659], [120.3264707, 16.0309176], [120.3267462, 16.0310971], [120.3267976, 16.0311509], [120.3268443, 16.0311846], [120.3271315, 16.0307537], [120.327358, 16.0304373], [120.3273884, 16.0303475], [120.3274818, 16.0302667], [120.3275518, 16.0301007], [120.3271268, 16.029865], [120.3270895, 16.0299256], [120.3266528, 16.030545], [120.3264637, 16.0308659]]]}}, {"type": "Feature", "properties": {"kind": "pond", "name": ""}, "geometry": {"type": "Polygon", "coordinates": [[[120.3262209, 16.030242], [120.3262816, 16.0302959], [120.3265688, 16.0304844], [120.3266318, 16.0304889], [120.3266739, 16.030453], [120.3270241, 16.0298718], [120.3270218, 16.0298156], [120.3268653, 16.0297079], [120.3267182, 16.0296271], [120.3266575, 16.0296137], [120.3266272, 16.0296406], [120.3262209, 16.030242]]]}}, {"type": "Feature", "properties": {"kind": "pond", "name": ""}, "geometry": {"type": "Polygon", "coordinates": [[[120.326688, 16.0295271], [120.3278842, 16.0301664], [120.3281846, 16.0296354], [120.3274229, 16.0292384], [120.3269455, 16.0289909], [120.326688, 16.0295271]]]}}, {"type": "Feature", "properties": {"kind": "pond", "name": ""}, "geometry": {"type": "Polygon", "coordinates": [[[120.3271654, 16.0308264], [120.3274014, 16.030945], [120.3274551, 16.0310171], [120.3275731, 16.0310842], [120.3277662, 16.0308006], [120.3278359, 16.0307851], [120.3279593, 16.0306408], [120.3281042, 16.0304191], [120.328249, 16.0303572], [120.3286299, 16.0305995], [120.328823, 16.0305325], [120.3289759, 16.0305737], [120.3291596, 16.0304655], [120.3290637, 16.0302309], [120.3286192, 16.0300685], [120.3284582, 16.0299963], [120.3282544, 16.0298674], [120.3279915, 16.0302489], [120.327954, 16.0303263], [120.3276375, 16.0301355], [120.3271654, 16.0308264]]]}}, {"type": "Feature", "properties": {"kind": "pond", "name": ""}, "geometry": {"type": "Polygon", "coordinates": [[[120.3244488, 16.0299223], [120.3247793, 16.0293957], [120.3261568, 16.0302302], [120.3269186, 16.0289154], [120.3257491, 16.0282246], [120.3262212, 16.0274099], [120.325615, 16.0270026], [120.3255292, 16.0270026], [120.325218, 16.0272192], [120.3250196, 16.0271264], [120.3247567, 16.0270181], [120.3243866, 16.0267087], [120.3242578, 16.0266056], [120.3240701, 16.0264509], [120.3239359, 16.0264148], [120.3235819, 16.0264509], [120.3234478, 16.0263839], [120.3233029, 16.0261519], [120.3230991, 16.0260127], [120.3224875, 16.0258322], [120.3221818, 16.0257342], [120.3220584, 16.0255796], [120.3220852, 16.0254455], [120.3219779, 16.0254043], [120.3218706, 16.0253424], [120.3218589, 16.0254043], [120.3232862, 16.0278826], [120.3244488, 16.0299223]]]}}, {"type": "Feature", "properties": {"kind": "pond", "name": ""}, "geometry": {"type": "Polygon", "coordinates": [[[120.3247128, 16.0326069], [120.3252761, 16.0324522], [120.3252868, 16.0321944], [120.3252224, 16.0319006], [120.324627, 16.032246], [120.3245197, 16.0322202], [120.3244875, 16.032112], [120.3244768, 16.0320243], [120.324401, 16.0319827], [120.324429, 16.031929], [120.3246345, 16.0318841], [120.3245317, 16.0314802], [120.3245754, 16.0313688], [120.3247264, 16.0312977], [120.3247757, 16.0313481], [120.3248527, 16.0312948], [120.3245508, 16.0310964], [120.3242891, 16.0309512], [120.3240749, 16.0312475], [120.323042, 16.0306439], [120.3230492, 16.0305013], [120.3231184, 16.0302832], [120.3232801, 16.0301838], [120.3234255, 16.0300513], [120.3232467, 16.029962], [120.3231267, 16.0299094], [120.3229444, 16.0302494], [120.3228346, 16.0304352], [120.3228319, 16.0307262], [120.3235137, 16.0314532], [120.3237098, 16.0315789], [120.3240087, 16.0318662], [120.3242796, 16.0322163], [120.3243695, 16.0324007], [120.3245412, 16.0325553], [120.3245465, 16.0326533], [120.3246645, 16.0326946], [120.3247128, 16.0326069]]]}}, {"type": "Feature", "properties": {"kind": "pond", "name": ""}, "geometry": {"type": "Polygon", "coordinates": [[[120.3244402, 16.0309507], [120.3245203, 16.0308293], [120.3248469, 16.0310573], [120.3248377, 16.0311047], [120.3248589, 16.0311793], [120.3248464, 16.03121], [120.3248256, 16.0312227], [120.3244402, 16.0309507]]]}}, {"type": "Feature", "properties": {"kind": "pond", "name": ""}, "geometry": {"type": "Polygon", "coordinates": [[[120.3195834, 16.0196501], [120.3200876, 16.0199234], [120.3202271, 16.0200574], [120.3204471, 16.0201193], [120.3210318, 16.0204081], [120.3210318, 16.0205731], [120.320608, 16.020372], [120.3202861, 16.020207], [120.3201896, 16.0201554], [120.3201735, 16.0202173], [120.3199964, 16.0201296], [120.3199643, 16.0200523], [120.3197604, 16.0199285], [120.3195405, 16.0198976], [120.3195029, 16.0198564], [120.3195834, 16.0196501]]]}}, {"type": "Feature", "properties": {"kind": "pond", "name": ""}, "geometry": {"type": "Polygon", "coordinates": [[[120.3196361, 16.0194588], [120.319975, 16.0196187], [120.3198703, 16.019752], [120.3196115, 16.0196187], [120.3195745, 16.0195713], [120.3196361, 16.0194588]]]}}, {"type": "Feature", "properties": {"kind": "pond", "name": ""}, "geometry": {"type": "Polygon", "coordinates": [[[120.3177852, 16.0192107], [120.3181143, 16.0193706], [120.3181816, 16.0193025], [120.3192433, 16.019772], [120.3194415, 16.0198502], [120.3195229, 16.0196767], [120.3195371, 16.0196155], [120.3195017, 16.0195543], [120.3194557, 16.0195271], [120.3193743, 16.0194998], [120.3193283, 16.0195203], [120.3192539, 16.0195339], [120.3191867, 16.0194998], [120.3190911, 16.0194556], [120.3190876, 16.019425], [120.3182948, 16.0189896], [120.3180825, 16.0189011], [120.3178914, 16.0188569], [120.3178206, 16.0188501], [120.3177852, 16.018942], [120.3177427, 16.0190168], [120.3177427, 16.019095], [120.3177852, 16.0192107]]]}}, {"type": "Feature", "properties": {"kind": "pond", "name": ""}, "geometry": {"type": "Polygon", "coordinates": [[[120.3187231, 16.0191971], [120.3188009, 16.0192447], [120.3188717, 16.0192549], [120.3191195, 16.0193876], [120.3191584, 16.0193434], [120.3192398, 16.0191529], [120.3192256, 16.019112], [120.3188717, 16.0189454], [120.3187868, 16.0189352], [120.3187231, 16.0191971]]]}}, {"type": "Feature", "properties": {"kind": "pond", "name": ""}, "geometry": {"type": "Polygon", "coordinates": [[[120.3178135, 16.0188297], [120.3178772, 16.0186494], [120.3181037, 16.0187106], [120.3183161, 16.0188161], [120.3183975, 16.0188501], [120.318401, 16.0189284], [120.318355, 16.0189862], [120.3182028, 16.0189045], [120.3180223, 16.0188535], [120.3178135, 16.0188297]]]}}, {"type": "Feature", "properties": {"kind": "pond", "name": ""}, "geometry": {"type": "Polygon", "coordinates": [[[120.3171151, 16.015255], [120.3172877, 16.015184], [120.3173, 16.0151307], [120.3173616, 16.0149115], [120.3174017, 16.014796], [120.3174294, 16.0145739], [120.3174479, 16.0144466], [120.3175095, 16.014334], [120.3175681, 16.0142748], [120.3175619, 16.0142215], [120.3177714, 16.0139905], [120.3178792, 16.0139253], [120.3180518, 16.0139016], [120.3181411, 16.0138928], [120.3182767, 16.0139253], [120.3182736, 16.0137802], [120.3182551, 16.0135759], [120.3181997, 16.0134011], [120.318175, 16.0133567], [120.3181011, 16.0133271], [120.3180826, 16.0130635], [120.3175711, 16.0128385], [120.3175372, 16.012871], [120.3173647, 16.0128], [120.3172445, 16.0127496], [120.3171798, 16.0127881], [120.3170874, 16.0129125], [120.3169303, 16.0131761], [120.3166437, 16.0136677], [120.3169549, 16.0139816], [120.3170443, 16.0140083], [120.3169241, 16.0140645], [120.3168255, 16.0142452], [120.316807, 16.0143903], [120.3167947, 16.0144791], [120.3167547, 16.0145709], [120.3167208, 16.0146361], [120.3167238, 16.014716], [120.3167855, 16.0148167], [120.3168933, 16.0148434], [120.316958, 16.0149026], [120.3170104, 16.01495], [120.3170689, 16.0150655], [120.3170782, 16.015107], [120.3170474, 16.0151514], [120.3170535, 16.0152047], [120.3171151, 16.015255]]]}}, {"type": "Feature", "properties": {"kind": "pond", "name": ""}, "geometry": {"type": "Polygon", "coordinates": [[[120.3257814, 16.0270591], [120.3259308, 16.0267988], [120.3246746, 16.0262646], [120.3243944, 16.0266192], [120.324838, 16.0269334], [120.3251929, 16.0271219], [120.3255292, 16.026893], [120.3257814, 16.0270591]]]}}, {"type": "Feature", "properties": {"kind": "pond", "name": ""}, "geometry": {"type": "Polygon", "coordinates": [[[120.3258794, 16.0281857], [120.3261409, 16.0283159], [120.3265472, 16.0277369], [120.326253, 16.0275394], [120.3258794, 16.0281857]]]}}, {"type": "Feature", "properties": {"kind": "pond", "name": ""}, "geometry": {"type": "Polygon", "coordinates": [[[120.3231755, 16.02591], [120.323353, 16.0256587], [120.3230541, 16.0254792], [120.3230634, 16.0254163], [120.3231848, 16.0252682], [120.3235444, 16.0254971], [120.3236985, 16.0253086], [120.3242683, 16.0256452], [120.3246045, 16.0250752], [120.3253097, 16.025349], [120.3254591, 16.0251111], [120.3247493, 16.024761], [120.324898, 16.0244373], [120.3246264, 16.02432], [120.3243688, 16.0248087], [120.32424, 16.0248959], [120.324186, 16.0253153], [120.323604, 16.0249899], [120.3228889, 16.0252592], [120.3226504, 16.02523], [120.3222323, 16.0255252], [120.3223466, 16.0256497], [120.3231755, 16.02591]]]}}, {"type": "Feature", "properties": {"kind": "pond", "name": ""}, "geometry": {"type": "Polygon", "coordinates": [[[120.3118823, 16.0544827], [120.3119654, 16.0542817], [120.3119893, 16.0542869], [120.312191, 16.0540403], [120.3121773, 16.0540252], [120.3124482, 16.0536734], [120.3121585, 16.0534117], [120.3118861, 16.0532162], [120.3118293, 16.0532161], [120.3117424, 16.0532249], [120.3113608, 16.053062], [120.3112475, 16.0531005], [120.3109374, 16.0530081], [120.310893, 16.053045], [120.31082, 16.0530187], [120.3108644, 16.0529272], [120.3105725, 16.0527475], [120.3105241, 16.0527478], [120.3103886, 16.0529331], [120.3101568, 16.0528332], [120.3100594, 16.0527011], [120.309938, 16.0529195], [120.3102055, 16.0531726], [120.3101769, 16.0532234], [120.3098744, 16.0530362], [120.3098495, 16.052841], [120.3096683, 16.0527332], [120.3096824, 16.0526262], [120.309611, 16.0525896], [120.3096291, 16.0525141], [120.3090964, 16.0521224], [120.3077429, 16.0544559], [120.308449, 16.0547301], [120.3087763, 16.0547971], [120.3092001, 16.0549183], [120.3094052, 16.0546206], [120.3095662, 16.0546709], [120.3096339, 16.0545459], [120.3100004, 16.0546206], [120.3101206, 16.0544196], [120.3104133, 16.0545182], [120.3106006, 16.0543767], [120.3110805, 16.0544858], [120.3111287, 16.0543193], [120.3118823, 16.0544827]]]}}, {"type": "Feature", "properties": {"kind": "pond", "name": ""}, "geometry": {"type": "Polygon", "coordinates": [[[120.3071666, 16.0553714], [120.3066328, 16.0552992], [120.3064611, 16.0553379], [120.3052112, 16.0548971], [120.3048357, 16.0547347], [120.3040847, 16.0545311], [120.3033229, 16.0541728], [120.3031942, 16.0538918], [120.3029152, 16.0536263], [120.3027275, 16.0535103], [120.302521, 16.0530773], [120.3022342, 16.0525473], [120.3013935, 16.0514754], [120.3005625, 16.0506581], [120.3001389, 16.0500033], [120.2999271, 16.0494571], [120.2996891, 16.0494395], [120.2995281, 16.048998], [120.2992843, 16.0489506], [120.2993331, 16.047743], [120.299331, 16.0476902], [120.2992538, 16.0476439], [120.2989059, 16.0474709], [120.2988339, 16.0472781], [120.2988462, 16.047086], [120.2988643, 16.0467948], [120.2995474, 16.0470014], [120.2999063, 16.04711], [120.2998159, 16.0474127], [120.3004534, 16.0477618], [120.3008288, 16.0478479], [120.3010625, 16.0479624], [120.3011846, 16.0479891], [120.301336, 16.0478068], [120.3017492, 16.0479953], [120.3022098, 16.048288], [120.3027872, 16.0486045], [120.303542, 16.0490641], [120.3037101, 16.0490995], [120.3038499, 16.0492445], [120.3043188, 16.0494617], [120.3048552, 16.0497788], [120.305472, 16.0500614], [120.3059596, 16.0502813], [120.3064472, 16.0505046], [120.3063551, 16.0506813], [120.3062012, 16.0506014], [120.3059233, 16.050501], [120.3058809, 16.0505758], [120.3064189, 16.0508477], [120.3064056, 16.0509048], [120.3065201, 16.0509611], [120.3065641, 16.0508477], [120.3064978, 16.0508133], [120.3066056, 16.0505968], [120.3071301, 16.0508505], [120.3070773, 16.0509269], [120.3072507, 16.0510366], [120.3072259, 16.0510775], [120.307432, 16.0511628], [120.307477, 16.0511121], [120.3075574, 16.051188], [120.3076536, 16.0512114], [120.3077191, 16.0511185], [120.3081332, 16.0513219], [120.3082151, 16.0513579], [120.3081571, 16.0515004], [120.3085189, 16.0517049], [120.3085402, 16.0517495], [120.3087007, 16.0518428], [120.308869, 16.0518995], [120.3090967, 16.0520524], [120.3090916, 16.0521149], [120.3090964, 16.0521224], [120.3071666, 16.0553714]]]}}, {"type": "Feature", "properties": {"kind": "pond", "name": ""}, "geometry": {"type": "Polygon", "coordinates": [[[120.3136801, 16.0313589], [120.3137805, 16.031314], [120.3139171, 16.0314453], [120.3141214, 16.0314419], [120.3141529, 16.0314621], [120.3141144, 16.0317628], [120.3140093, 16.0317976], [120.313979, 16.0317696], [120.3139183, 16.0317662], [120.3138447, 16.0316966], [120.3137817, 16.0315833], [120.3136801, 16.0313589]]]}}, {"type": "Feature", "properties": {"kind": "pond", "name": ""}, "geometry": {"type": "Polygon", "coordinates": [[[120.319075, 16.0507055], [120.3194789, 16.0505978], [120.3197568, 16.0502186], [120.3197755, 16.0497114], [120.3197147, 16.0494825], [120.3194719, 16.0492267], [120.3189769, 16.0486859], [120.3188181, 16.0485401], [120.318636, 16.0484189], [120.3185449, 16.0483471], [120.3185029, 16.0482999], [120.3184982, 16.0482057], [120.3185146, 16.0480778], [120.31865, 16.0479678], [120.3189605, 16.0478579], [120.3190726, 16.0477748], [120.3190936, 16.0476559], [120.3189886, 16.0475594], [120.319082, 16.0474764], [120.3190983, 16.0473103], [120.3190516, 16.0470949], [120.3190726, 16.0465676], [120.3190586, 16.0461412], [120.319089, 16.045928], [120.3191684, 16.0458293], [120.3194439, 16.0456969], [120.3197614, 16.0455353], [120.3198035, 16.0454321], [120.3197288, 16.0450573], [120.3195887, 16.0449115], [120.3194462, 16.0448015], [120.3185683, 16.0444133], [120.3186336, 16.0443235], [120.318657, 16.0442158], [120.3189489, 16.0438029], [120.3189535, 16.0437401], [120.3190796, 16.0436122], [120.319117, 16.0435157], [120.3191123, 16.0434282], [120.3188905, 16.0429726], [120.3187387, 16.0427841], [120.3186243, 16.0427078], [120.3183324, 16.0424655], [120.3174895, 16.0421199], [120.3173774, 16.0420907], [120.3173027, 16.0421737], [120.3172256, 16.0425059], [120.317256, 16.0428716], [120.3171976, 16.0429771], [120.3164925, 16.0435161], [120.3164118, 16.0435942], [120.3161333, 16.0435698], [120.3156523, 16.043538], [120.3153734, 16.0437872], [120.3151165, 16.0439785], [120.3145376, 16.0439742], [120.3138829, 16.0439004], [120.3136806, 16.0439379], [120.3135953, 16.0440006], [120.3135357, 16.0441031], [120.3135357, 16.0445078], [120.3135464, 16.0449976], [120.3135518, 16.0451754], [120.313584, 16.045236], [120.3135719, 16.0453997], [120.3137181, 16.0458714], [120.3139045, 16.0459926], [120.3145536, 16.0461524], [120.3154414, 16.0464669], [120.3158317, 16.0468149], [120.3160449, 16.0470817], [120.3160503, 16.0471706], [120.3160905, 16.0472428], [120.3161696, 16.0472737], [120.3163332, 16.0472711], [120.316411, 16.0471951], [120.3163842, 16.0470133], [120.3164459, 16.0470185], [120.3165438, 16.0470546], [120.3167785, 16.0471809], [120.3166538, 16.0475134], [120.3162072, 16.0474786], [120.3161777, 16.0475366], [120.3160984, 16.0479276], [120.3156917, 16.0484177], [120.3155916, 16.0485598], [120.3155792, 16.0486383], [120.3156162, 16.0488381], [120.3157525, 16.0490575], [120.3171721, 16.0497948], [120.3179955, 16.0499778], [120.3181417, 16.0499868], [120.3185454, 16.0501737], [120.3188055, 16.0504018], [120.3188216, 16.0504843], [120.319075, 16.0507055]]]}}, {"type": "Feature", "properties": {"kind": "pond", "name": ""}, "geometry": {"type": "Polygon", "coordinates": [[[120.3099154, 16.0391688], [120.3100393, 16.039247], [120.3101826, 16.039247], [120.3102959, 16.0391654], [120.3103702, 16.0389987], [120.310487, 16.0388541], [120.3107896, 16.0386977], [120.3108568, 16.0386126], [120.3108586, 16.0384596], [120.3108905, 16.0383031], [120.3110303, 16.0381874], [120.3112249, 16.0381534], [120.3116001, 16.0381959], [120.3127238, 16.0385378], [120.3132157, 16.0387045], [120.313281, 16.0387159], [120.3134225, 16.0384676], [120.313511, 16.0384676], [120.3136333, 16.0383439], [120.3133298, 16.0382238], [120.3134006, 16.0380742], [120.313337, 16.0380341], [120.313298, 16.0380095], [120.3134095, 16.0377629], [120.3131356, 16.0376195], [120.3131182, 16.0376646], [120.3129626, 16.0375667], [120.3129787, 16.0375345], [120.3127017, 16.0373933], [120.3126235, 16.037573], [120.3125767, 16.0375535], [120.3125635, 16.037489], [120.3124293, 16.0374324], [120.312407, 16.037362], [120.3124497, 16.0372663], [120.3122366, 16.0371627], [120.3121362, 16.0371594], [120.3120248, 16.0371139], [120.3119933, 16.0371364], [120.3119344, 16.0371178], [120.3119137, 16.0371721], [120.3119009, 16.0372059], [120.3117633, 16.0375676], [120.3103576, 16.0368354], [120.3097858, 16.0365379], [120.3098124, 16.036781], [120.3098579, 16.0369055], [120.3098509, 16.0370099], [120.3098147, 16.037323], [120.3097946, 16.0382588], [120.3098134, 16.0386454], [120.3099154, 16.0391688]]]}}, {"type": "Feature", "properties": {"kind": "pond", "name": ""}, "geometry": {"type": "Polygon", "coordinates": [[[120.3097858, 16.0365379], [120.3097603, 16.0363813], [120.3096488, 16.0359527], [120.3095656, 16.0357112], [120.3095373, 16.0356381], [120.3095302, 16.0354731], [120.3095638, 16.0353149], [120.3096771, 16.0350598], [120.3097921, 16.035104], [120.3098275, 16.0350972], [120.3104486, 16.0353166], [120.3104888, 16.0353347], [120.3107033, 16.0354311], [120.3106188, 16.0356307], [120.3104486, 16.0356228], [120.3104133, 16.0357078], [120.3105681, 16.0357506], [120.3105326, 16.0358345], [120.3102666, 16.0361464], [120.3103078, 16.0361596], [120.310738, 16.0363762], [120.310633, 16.0365243], [120.3105922, 16.03655], [120.3104085, 16.0367935], [120.3103576, 16.0368354], [120.3097858, 16.0365379]]]}}, {"type": "Feature", "properties": {"kind": "pond", "name": ""}, "geometry": {"type": "Polygon", "coordinates": [[[120.3098154, 16.0349752], [120.3106957, 16.0352715], [120.311109, 16.0354488], [120.3111604, 16.035359], [120.311067, 16.0352872], [120.3108942, 16.0351929], [120.3109105, 16.035166], [120.310642, 16.0350314], [120.3107027, 16.0349551], [120.3104155, 16.0348204], [120.3099976, 16.0347441], [120.3098761, 16.0347755], [120.3098224, 16.0348316], [120.3098014, 16.0348765], [120.3098575, 16.0348945], [120.3098154, 16.0349752]]]}}, {"type": "Feature", "properties": {"kind": "pond", "name": ""}, "geometry": {"type": "Polygon", "coordinates": [[[120.3440078, 16.050243], [120.3448181, 16.0501336], [120.3447645, 16.0499985], [120.3449788, 16.049947], [120.3450524, 16.0501079], [120.3456819, 16.0501015], [120.3460971, 16.0501658], [120.3467668, 16.0504554], [120.347048, 16.0512212], [120.3471686, 16.0517554], [120.3472757, 16.0518584], [120.3473494, 16.0518905], [120.347711, 16.0513242], [120.3486016, 16.050346], [120.349211, 16.0498312], [120.3495659, 16.0497861], [120.350249, 16.0500178], [120.3505235, 16.0500757], [120.3509387, 16.0498505], [120.3496597, 16.049297], [120.3494923, 16.0496445], [120.3492378, 16.0497604], [120.3495057, 16.0492584], [120.3466864, 16.0478683], [120.3461105, 16.0475208], [120.3460301, 16.0476366], [120.3451998, 16.0473599], [120.3442489, 16.047347], [120.3437868, 16.0482609], [120.343981, 16.0485698], [120.3436863, 16.0487629], [120.3436529, 16.0489238], [120.3438538, 16.0496832], [120.3440078, 16.050243]]]}}, {"type": "Feature", "properties": {"kind": "pond", "name": ""}, "geometry": {"type": "Polygon", "coordinates": [[[120.3437685, 16.0601531], [120.3438422, 16.060404], [120.3440163, 16.0606164], [120.3444984, 16.0609124], [120.3451681, 16.0614337], [120.3454159, 16.0615431], [120.346648, 16.0614723], [120.3466949, 16.0612792], [120.3462596, 16.0611891], [120.346119, 16.061099], [120.3469159, 16.059857], [120.3460052, 16.0591878], [120.345677, 16.0589818], [120.3455364, 16.0586601], [120.3453824, 16.0581903], [120.3456302, 16.0578943], [120.3456369, 16.0577205], [120.3456034, 16.0576369], [120.3450275, 16.0573602], [120.3449471, 16.0572894], [120.3447998, 16.0571414], [120.3447395, 16.0567745], [120.3448132, 16.0565686], [120.3449136, 16.0564656], [120.3455029, 16.0556805], [120.3455833, 16.0555068], [120.3455967, 16.0553781], [120.3456971, 16.0542905], [120.3461458, 16.0536212], [120.3466681, 16.0527074], [120.3466614, 16.052495], [120.3465007, 16.0521732], [120.3464873, 16.052598], [120.3462864, 16.0525787], [120.3462462, 16.0521024], [120.3464806, 16.0520638], [120.3464806, 16.0518386], [120.3464873, 16.0513817], [120.346427, 16.05115], [120.3462061, 16.0508411], [120.3459717, 16.0506545], [120.3454761, 16.0505193], [120.344994, 16.0505451], [120.3447462, 16.0506223], [120.34411, 16.0507896], [120.3435475, 16.0510277], [120.3433332, 16.0512465], [120.3431323, 16.0516713], [120.3430788, 16.0519866], [120.3429448, 16.0529197], [120.3431189, 16.0532351], [120.343494, 16.0543227], [120.3437484, 16.0551786], [120.3438623, 16.0559379], [120.3438221, 16.0567874], [120.3437149, 16.0576948], [120.3434672, 16.0584027], [120.343514, 16.0592457], [120.3434538, 16.0595546], [120.3433466, 16.0598056], [120.3435073, 16.0601016], [120.3437685, 16.0601531]]]}}, {"type": "Feature", "properties": {"kind": "pond", "name": ""}, "geometry": {"type": "Polygon", "coordinates": [[[120.3444361, 16.033829], [120.3451756, 16.0334128], [120.3447559, 16.0327789], [120.3440253, 16.0329219], [120.3444361, 16.033829]]]}}, {"type": "Feature", "properties": {"kind": "pond", "name": ""}, "geometry": {"type": "Polygon", "coordinates": [[[120.3440364, 16.0328835], [120.3447204, 16.0327511], [120.3446071, 16.0325697], [120.3439942, 16.0326658], [120.3440364, 16.0328835]]]}}, {"type": "Feature", "properties": {"kind": "pond", "name": ""}, "geometry": {"type": "Polygon", "coordinates": [[[120.34528, 16.0335259], [120.3460928, 16.0332783], [120.3459706, 16.0327938], [120.3449402, 16.032988], [120.34528, 16.0335259]]]}}, {"type": "Feature", "properties": {"kind": "pond", "name": ""}, "geometry": {"type": "Polygon", "coordinates": [[[120.343841, 16.0341], [120.3443895, 16.0338503], [120.344123, 16.0333018], [120.3435545, 16.0335814], [120.3437126, 16.0338676], [120.343841, 16.0341]]]}}, {"type": "Feature", "properties": {"kind": "pond", "name": ""}, "geometry": {"type": "Polygon", "coordinates": [[[120.3429105, 16.0334704], [120.3428772, 16.0335942], [120.3430104, 16.0337415], [120.3432125, 16.0337692], [120.3434146, 16.0338098], [120.3434523, 16.0339592], [120.34359, 16.0338951], [120.343459, 16.0334725], [120.3441008, 16.0332143], [120.3440164, 16.0329731], [120.3432147, 16.033321], [120.3430926, 16.0334597], [120.3429105, 16.0334704]]]}}, {"type": "Feature", "properties": {"kind": "pond", "name": ""}, "geometry": {"type": "Polygon", "coordinates": [[[120.3446426, 16.0348022], [120.3449424, 16.0346656], [120.3451223, 16.0350221], [120.345313, 16.0349669], [120.3452433, 16.0347037], [120.3454288, 16.0346272], [120.3455335, 16.0349086], [120.3457908, 16.034798], [120.3454076, 16.0342079], [120.3445294, 16.0346379], [120.3446426, 16.0348022]]]}}, {"type": "Feature", "properties": {"kind": "pond", "name": ""}, "geometry": {"type": "Polygon", "coordinates": [[[120.3446146, 16.0343292], [120.3453241, 16.0339074], [120.345186, 16.0335106], [120.3440309, 16.0342241], [120.3440433, 16.0342433], [120.3440596, 16.0342687], [120.3442209, 16.0341859], [120.3442483, 16.0342135], [120.344426, 16.0341176], [120.3444588, 16.0341768], [120.3443125, 16.034253], [120.3443836, 16.0343699], [120.3443412, 16.0343909], [120.3443481, 16.0344119], [120.3444465, 16.0343607], [120.3444697, 16.0344001], [120.3446146, 16.0343292]]]}}, {"type": "Feature", "properties": {"kind": "pond", "name": ""}, "geometry": {"type": "Polygon", "coordinates": [[[120.3257261, 16.0313606], [120.3258645, 16.031508], [120.3260826, 16.0311864], [120.3259385, 16.0310579], [120.3257261, 16.0313606]]]}}, {"type": "Feature", "properties": {"kind": "pond", "name": ""}, "geometry": {"type": "Polygon", "coordinates": [[[120.3253483, 16.0298293], [120.3250474, 16.0303542], [120.324507, 16.0299735], [120.3247901, 16.0294695], [120.3253483, 16.0298293]]]}}, {"type": "Feature", "properties": {"kind": "pond", "name": ""}, "geometry": {"type": "Polygon", "coordinates": [[[120.3193305, 16.0588082], [120.3195696, 16.0585518], [120.3191594, 16.058254], [120.3191965, 16.058132], [120.318792, 16.0578396], [120.3186607, 16.0577415], [120.3186589, 16.0576206], [120.3184138, 16.0574523], [120.318393, 16.0574304], [120.3181242, 16.0571471], [120.3179841, 16.057008], [120.3178113, 16.0568913], [120.3177894, 16.0568761], [120.3173934, 16.0565996], [120.3167964, 16.0562532], [120.3158338, 16.0556161], [120.315511, 16.0561147], [120.3162834, 16.0567074], [120.3171135, 16.0574331], [120.3172057, 16.0575162], [120.3175227, 16.0572076], [120.3177413, 16.0574086], [120.318031, 16.0576792], [120.3181061, 16.0577527], [120.3180886, 16.0577643], [120.3184105, 16.0580543], [120.3184855, 16.0581211], [120.3185942, 16.058218], [120.3187377, 16.0583597], [120.3189477, 16.0585447], [120.3192286, 16.0587335], [120.3193305, 16.0588082]]]}}, {"type": "Feature", "properties": {"kind": "pond", "name": ""}, "geometry": {"type": "Polygon", "coordinates": [[[120.3230065, 16.0597668], [120.3232273, 16.059803], [120.3238184, 16.0598303], [120.3238106, 16.0596801], [120.3240953, 16.0597534], [120.3244002, 16.0598218], [120.3248134, 16.0596868], [120.3244462, 16.0594445], [120.3238833, 16.0591238], [120.323725, 16.0590264], [120.3236026, 16.059055], [120.3234333, 16.0590996], [120.3234212, 16.0592659], [120.3233346, 16.0593395], [120.3231102, 16.0593212], [120.3231147, 16.0591889], [120.3228934, 16.0591699], [120.3226991, 16.0592986], [120.322784, 16.0593833], [120.3227271, 16.0595452], [120.3228342, 16.0595706], [120.3230065, 16.0597668]]]}}, {"type": "Feature", "properties": {"kind": "pond", "name": ""}, "geometry": {"type": "Polygon", "coordinates": [[[120.3208053, 16.0583918], [120.3211805, 16.0585619], [120.3213503, 16.0581503], [120.3209787, 16.0580007], [120.3208053, 16.0583918]]]}}, {"type": "Feature", "properties": {"kind": "pond", "name": ""}, "geometry": {"type": "Polygon", "coordinates": [[[120.3214243, 16.0587442], [120.3214382, 16.0587753], [120.321472, 16.0587694], [120.3215136, 16.0586939], [120.3214459, 16.0585591], [120.3212933, 16.0585206], [120.3212579, 16.0585118], [120.3212194, 16.0585873], [120.3213026, 16.0586346], [120.3213165, 16.0587235], [120.3214243, 16.0587442]]]}}, {"type": "Feature", "properties": {"kind": "pond", "name": ""}, "geometry": {"type": "Polygon", "coordinates": [[[120.3205077, 16.0583089], [120.3203505, 16.0582157], [120.3204769, 16.0579936], [120.3204183, 16.0579833], [120.3202258, 16.0582246], [120.3201349, 16.0584067], [120.320101, 16.0584466], [120.3200594, 16.0584555], [120.3199885, 16.0584481], [120.3197667, 16.0582853], [120.3195649, 16.0581076], [120.3197467, 16.0577834], [120.3199993, 16.0578663], [120.3200548, 16.0578012], [120.3205539, 16.0578944], [120.3206417, 16.058075], [120.3206109, 16.0582246], [120.3205077, 16.0583089]]]}}, {"type": "Feature", "properties": {"kind": "pond", "name": ""}, "geometry": {"type": "Polygon", "coordinates": [[[120.3119893, 16.0542869], [120.3120724, 16.0542903], [120.3120954, 16.0543601], [120.3127042, 16.0546151], [120.3128387, 16.054326], [120.3126316, 16.0542359], [120.3126458, 16.0541339], [120.3127537, 16.0541152], [120.3129041, 16.0541866], [120.3129909, 16.0540744], [120.312552, 16.053804], [120.3123609, 16.0541135], [120.312191, 16.0540403], [120.3119893, 16.0542869]]]}}, {"type": "Feature", "properties": {"kind": "pond", "name": ""}, "geometry": {"type": "Polygon", "coordinates": [[[120.3313596, 16.0608522], [120.3324257, 16.0610002], [120.3337998, 16.061394], [120.3346872, 16.0617493], [120.3361845, 16.0627856], [120.3370257, 16.06328], [120.3369671, 16.0633748], [120.3367453, 16.0632593], [120.3365851, 16.0632889], [120.3365358, 16.0633925], [120.3365389, 16.0634843], [120.3367453, 16.0635968], [120.3364033, 16.0642126], [120.3360521, 16.064035], [120.3356176, 16.0647515], [120.3353465, 16.0652785], [120.3358949, 16.0653318], [120.3356238, 16.0657937], [120.3354574, 16.0661667], [120.3353373, 16.0661016], [120.3351062, 16.0662792], [120.3346286, 16.0660335], [120.3346163, 16.065921], [120.3343544, 16.065918], [120.3341726, 16.0658174], [120.3342373, 16.0655124], [120.3338245, 16.0654058], [120.3337813, 16.0655124], [120.3327861, 16.0655242], [120.332743, 16.0656516], [120.3322408, 16.0656752], [120.3321761, 16.0654473], [120.3319758, 16.0651186], [120.3318156, 16.0647722], [120.3318187, 16.0645561], [120.3318834, 16.0644998], [120.3317571, 16.0632267], [120.3318033, 16.0628477], [120.3316616, 16.0626286], [120.3313596, 16.0608522]]]}}, {"type": "Feature", "properties": {"kind": "pond", "name": ""}, "geometry": {"type": "Polygon", "coordinates": [[[120.3374733, 16.0636534], [120.3371901, 16.064218], [120.337905, 16.0645785], [120.3376644, 16.0649866], [120.3372453, 16.0647879], [120.3371052, 16.0650818], [120.3376148, 16.0654355], [120.337813, 16.0659185], [120.3376409, 16.0660217], [120.3376323, 16.0661125], [120.3373401, 16.0662488], [120.337151, 16.0658689], [120.3366955, 16.0659597], [120.3365322, 16.0662529], [120.3370393, 16.0666039], [120.3371252, 16.0672977], [120.3374518, 16.067851], [120.3373659, 16.0687265], [120.3372026, 16.068776], [120.3371596, 16.0690444], [120.3374561, 16.069094], [120.3376108, 16.0698744], [120.3374905, 16.0699983], [120.3373401, 16.0699735], [120.3372799, 16.0701263], [120.3379976, 16.0700396], [120.3383628, 16.0710637], [120.3386422, 16.0715509], [120.3390762, 16.0721208], [120.3399829, 16.072703], [120.3409197, 16.0731779], [120.3416073, 16.0733018], [120.3428836, 16.0734132], [120.3437989, 16.0733389], [120.3436872, 16.0726947], [120.343829, 16.0727113], [120.3438934, 16.0731655], [120.3442888, 16.0731407], [120.3445036, 16.0729095], [120.3446154, 16.0729384], [120.346055, 16.0721043], [120.346562, 16.0715468], [120.3464847, 16.0712247], [120.3413003, 16.0693805], [120.3411026, 16.0698213], [120.340976, 16.0703077], [120.3414585, 16.07106], [120.3412291, 16.071212], [120.3409286, 16.0711816], [120.3408495, 16.0709004], [120.3404936, 16.0702165], [120.3409365, 16.0691069], [120.3409365, 16.0689397], [120.3408811, 16.068803], [120.3402326, 16.0679518], [120.3397344, 16.067093], [120.3398214, 16.0666599], [120.3401757, 16.0659011], [120.3398926, 16.0655047], [120.3382634, 16.0641367], [120.3377256, 16.0637796], [120.3374733, 16.0636534]]]}}, {"type": "Feature", "properties": {"kind": "pond", "name": ""}, "geometry": {"type": "Polygon", "coordinates": [[[120.3377716, 16.0631281], [120.3392031, 16.0606353], [120.3398595, 16.0607189], [120.3398358, 16.0608481], [120.3421451, 16.0611749], [120.3420186, 16.0613117], [120.3423191, 16.0614637], [120.3410616, 16.0638501], [120.3427208, 16.0642799], [120.3423073, 16.0648493], [120.3428648, 16.0651648], [120.3431969, 16.0645873], [120.3438613, 16.0639945], [120.3446442, 16.0622541], [120.3453718, 16.0624061], [120.3454351, 16.0625429], [120.3456565, 16.0625505], [120.3458621, 16.0623985], [120.347515, 16.0621629], [120.3476495, 16.0625885], [120.3479263, 16.0626645], [120.3484957, 16.0634093], [120.3482505, 16.0638121], [120.3493024, 16.0644125], [120.3491521, 16.0646633], [120.3494606, 16.0647773], [120.3496741, 16.0645569], [120.3499983, 16.0647621], [120.350117, 16.0646329], [120.3505678, 16.0648837], [120.3504412, 16.0655068], [120.3523235, 16.0667532], [120.3518964, 16.06746], [120.3521653, 16.0675892], [120.3510502, 16.0693181], [120.3504254, 16.0710546], [120.3490493, 16.070895], [120.3476258, 16.0702642], [120.3466767, 16.0713585], [120.3465739, 16.0711382], [120.3464847, 16.0712247], [120.3413003, 16.0693805], [120.3413542, 16.0686075], [120.3408323, 16.0681971], [120.3403419, 16.0672472], [120.3403261, 16.0667836], [120.3404843, 16.0662288], [120.3406504, 16.0658944], [120.3403815, 16.0653472], [120.3400256, 16.0648153], [120.3396855, 16.0646633], [120.3388077, 16.0640097], [120.3377716, 16.0631281]]]}}, {"type": "Feature", "properties": {"kind": "pond", "name": ""}, "geometry": {"type": "Polygon", "coordinates": [[[120.3349657, 16.0736803], [120.3347426, 16.0733494], [120.3347544, 16.0731577], [120.3347818, 16.0729998], [120.334727, 16.0729471], [120.3346096, 16.0729133], [120.3345822, 16.0728343], [120.3348522, 16.0723832], [120.3350948, 16.0721501], [120.3352122, 16.0721501], [120.3351143, 16.0723343], [120.3349891, 16.0726125], [120.3350987, 16.0729998], [120.3352043, 16.0732141], [120.3351456, 16.0735637], [120.3350674, 16.0736314], [120.3349931, 16.0736126], [120.3349657, 16.0736803]]]}}, {"type": "Feature", "properties": {"kind": "pond", "name": ""}, "geometry": {"type": "Polygon", "coordinates": [[[120.3344976, 16.0757103], [120.3348282, 16.0753908], [120.3349235, 16.0752293], [120.3344191, 16.0745561], [120.3343052, 16.0747662], [120.3341016, 16.0752867], [120.3339839, 16.0753567], [120.3340624, 16.0756242], [120.3341446, 16.0756942], [120.3343108, 16.0755416], [120.3344976, 16.0757103]]]}}, {"type": "Feature", "properties": {"kind": "pond", "name": ""}, "geometry": {"type": "Polygon", "coordinates": [[[120.3502197, 16.0426894], [120.3522635, 16.0431277], [120.35339, 16.04337], [120.3532345, 16.0447207], [120.3531433, 16.0457724], [120.3538568, 16.0458497], [120.3538621, 16.0460817], [120.3540445, 16.0462622], [120.3543307, 16.0454806], [120.354817, 16.0441845], [120.355012, 16.0433514], [120.3550549, 16.0428307], [120.3550549, 16.0423976], [120.3548867, 16.0417151], [120.3544039, 16.0408953], [120.3537996, 16.0402065], [120.3529199, 16.039593], [120.3525283, 16.0394074], [120.3522118, 16.039758], [120.3514125, 16.0405416], [120.3508527, 16.0413696], [120.3502197, 16.0426894]]]}}, {"type": "Feature", "properties": {"kind": "pond", "name": ""}, "geometry": {"type": "Polygon", "coordinates": [[[120.346847, 16.0533014], [120.3469934, 16.0534538], [120.347343, 16.0540359], [120.3477292, 16.054118], [120.3480707, 16.0543172], [120.3492904, 16.054368], [120.3496969, 16.0543993], [120.3500953, 16.0545673], [120.3503311, 16.0545438], [120.3510263, 16.0547665], [120.3509844, 16.0548679], [120.3538082, 16.0557397], [120.3541567, 16.0558409], [120.3551162, 16.0552002], [120.3558561, 16.0545282], [120.3560878, 16.0541609], [120.3566773, 16.0527466], [120.3568521, 16.0525474], [120.3549068, 16.0518078], [120.3537786, 16.0512424], [120.3536935, 16.0512058], [120.35294, 16.0508818], [120.3529025, 16.0508734], [120.3528804, 16.0508738], [120.3528596, 16.0508831], [120.3528153, 16.0509334], [120.3527865, 16.0509488], [120.3527509, 16.050954], [120.352708, 16.0509488], [120.3525122, 16.0508954], [120.3524371, 16.0508678], [120.3524123, 16.050847], [120.3524043, 16.050827], [120.3524043, 16.0508], [120.3524244, 16.0507394], [120.3524351, 16.0506808], [120.3524284, 16.0506434], [120.352411, 16.0506208], [120.351491, 16.0501092], [120.351385, 16.0500782], [120.3506564, 16.0504884], [120.350014, 16.0503321], [120.3498555, 16.0503477], [120.3495384, 16.0501563], [120.3492863, 16.0502188], [120.3489285, 16.0505822], [120.3481886, 16.0513948], [120.3478715, 16.0518637], [120.3476317, 16.0523716], [120.3474487, 16.0526138], [120.3473349, 16.0525669], [120.346847, 16.0533014]]]}}, {"type": "Feature", "properties": {"kind": "pond", "name": ""}, "geometry": {"type": "Polygon", "coordinates": [[[120.3504445, 16.0492761], [120.3506912, 16.0489668], [120.3511096, 16.0491369], [120.3521718, 16.0482347], [120.352381, 16.0481832], [120.3524883, 16.0481574], [120.352558, 16.048178], [120.3523059, 16.0485853], [120.3521182, 16.0488637], [120.351984, 16.0490132], [120.3517427, 16.0492504], [120.3511311, 16.0496318], [120.3504445, 16.0492761]]]}}, {"type": "Feature", "properties": {"kind": "pond", "name": ""}, "geometry": {"type": "Polygon", "coordinates": [[[120.351689, 16.0499515], [120.352322, 16.0493741], [120.3527243, 16.0488585], [120.352837, 16.0486523], [120.3532822, 16.0478996], [120.3534324, 16.0479873], [120.3529443, 16.0487864], [120.3530998, 16.0488585], [120.3532232, 16.0486833], [120.3541835, 16.049204], [120.3541084, 16.049637], [120.3537758, 16.0496731], [120.3537328, 16.0497659], [120.3533788, 16.0497195], [120.3530677, 16.0501783], [120.353132, 16.0502144], [120.3530408, 16.0504361], [120.3538133, 16.0507093], [120.3537275, 16.0509052], [120.351689, 16.0499515]]]}}, {"type": "Feature", "properties": {"kind": "pond", "name": ""}, "geometry": {"type": "Polygon", "coordinates": [[[120.3485985, 16.060875], [120.3477238, 16.0605863], [120.3477061, 16.0603995], [120.3478298, 16.0602467], [120.3480861, 16.0601448], [120.3505248, 16.0602127], [120.3514791, 16.0604674], [120.352186, 16.0601278], [120.3522744, 16.060357], [120.3525572, 16.0603316], [120.3524776, 16.0599579], [120.3526985, 16.0593041], [120.3526985, 16.0587692], [120.3526809, 16.0582002], [120.3528929, 16.0576228], [120.3541123, 16.0565529], [120.3547839, 16.0563746], [120.3555438, 16.0559925], [120.356074, 16.0554405], [120.356719, 16.0543196], [120.3574436, 16.0529695], [120.3593433, 16.0539035], [120.358875, 16.0540054], [120.3577793, 16.0537507], [120.3573199, 16.0548291], [120.3582565, 16.0554405], [120.3592108, 16.0548716], [120.3603683, 16.0544045], [120.3609869, 16.0547018], [120.3640886, 16.0562088], [120.3659498, 16.0570666], [120.3660244, 16.0573278], [120.3661063, 16.0575291], [120.3659941, 16.0581043], [120.3657995, 16.0586076], [120.36559, 16.0591612], [120.3656275, 16.0596502], [120.3657846, 16.0601534], [120.3660016, 16.060441], [120.3661287, 16.060743], [120.366024, 16.0611241], [120.3658594, 16.061347], [120.3650738, 16.0616849], [120.3648718, 16.0619725], [120.3645426, 16.0621954], [120.3640862, 16.062332], [120.3632557, 16.0625549], [120.362919, 16.0627562], [120.3627095, 16.0629791], [120.3620735, 16.0635255], [120.3613103, 16.0641798], [120.3614301, 16.0645824], [120.3619164, 16.065136], [120.3622231, 16.0656393], [120.3623204, 16.0660132], [120.3622905, 16.0663295], [120.3621408, 16.0666028], [120.3619239, 16.0667178], [120.3617593, 16.0667322], [120.3616096, 16.0665596], [120.3614226, 16.0659054], [120.361243, 16.0655674], [120.3609512, 16.0654236], [120.3605547, 16.0653445], [120.3600908, 16.065589], [120.3593575, 16.0664518], [120.3588039, 16.0670413], [120.3584223, 16.067257], [120.3579509, 16.0673721], [120.357719, 16.0673649], [120.3572027, 16.0669551], [120.3565443, 16.0659988], [120.3559607, 16.0652439], [120.3555567, 16.0648197], [120.3553472, 16.0646399], [120.3549058, 16.0644458], [120.3542922, 16.0644458], [120.3536413, 16.0645393], [120.3534094, 16.0645609], [120.3532897, 16.0645249], [120.353155, 16.0643739], [120.35314, 16.0642301], [120.3533345, 16.0635759], [120.3535515, 16.0630941], [120.3533345, 16.0623032], [120.352953, 16.0615339], [120.3526911, 16.0613038], [120.3524666, 16.0611385], [120.3511573, 16.0609587], [120.349212, 16.0608018], [120.3485985, 16.060875]]]}}, {"type": "Feature", "properties": {"kind": "pond", "name": ""}, "geometry": {"type": "Polygon", "coordinates": [[[120.363305, 16.0440137], [120.3639449, 16.042796], [120.3640906, 16.0428873], [120.3641666, 16.0426864], [120.365383, 16.0431552], [120.3654717, 16.042936], [120.3656935, 16.043003], [120.3657505, 16.042796], [120.3653133, 16.0426194], [120.3652056, 16.0428508], [120.3644201, 16.0425098], [120.3647495, 16.0417548], [120.3654907, 16.041974], [120.36544, 16.0422541], [120.3662573, 16.0425403], [120.3661496, 16.0428751], [120.3664284, 16.0429421], [120.3666628, 16.0421993], [120.3659215, 16.0420106], [120.3659279, 16.0418705], [120.3662003, 16.0412312], [120.3656935, 16.0409938], [120.3655984, 16.0413104], [120.3654274, 16.0412556], [120.3654147, 16.0413591], [120.3652373, 16.0413043], [120.3651866, 16.0414382], [120.3640083, 16.0410668], [120.3640209, 16.0408659], [120.3638689, 16.0407685], [120.3643947, 16.0396969], [120.3640209, 16.0393985], [120.3638055, 16.0396542], [120.3629122, 16.0390758], [120.3627602, 16.0392646], [120.3624941, 16.039155], [120.3620633, 16.03991], [120.3614171, 16.0396116], [120.3612524, 16.0398369], [120.3605872, 16.0394838], [120.3604541, 16.0396055], [120.3594975, 16.039703], [120.3595038, 16.0397821], [120.3598079, 16.0398126], [120.360112, 16.0399161], [120.3602957, 16.0401901], [120.3604478, 16.0406041], [120.3603464, 16.0413652], [120.3602831, 16.0415478], [120.3603844, 16.0420654], [120.3605682, 16.0425037], [120.3612587, 16.0430822], [120.3616135, 16.0433501], [120.3623927, 16.0436423], [120.3625131, 16.0437519], [120.363305, 16.0440137]]]}}, {"type": "Feature", "properties": {"kind": "pond", "name": ""}, "geometry": {"type": "Polygon", "coordinates": [[[120.3694349, 16.0428443], [120.3698318, 16.0423648], [120.3695904, 16.0420658], [120.3697085, 16.0418647], [120.369569, 16.0418029], [120.3695207, 16.0418493], [120.3689628, 16.0415863], [120.368716, 16.041906], [120.3693598, 16.0422153], [120.3690594, 16.0426999], [120.3694349, 16.0428443]]]}}, {"type": "Feature", "properties": {"kind": "pond", "name": ""}, "geometry": {"type": "Polygon", "coordinates": [[[120.3452511, 16.0358993], [120.3455154, 16.0358502], [120.3453444, 16.0351779], [120.3451556, 16.0352227], [120.3452511, 16.0358993]]]}}, {"type": "Feature", "properties": {"kind": "pond", "name": ""}, "geometry": {"type": "Polygon", "coordinates": [[[120.3456309, 16.0360038], [120.3456343, 16.0360023], [120.3458241, 16.0359185], [120.3454266, 16.0346571], [120.3452644, 16.0347147], [120.3456309, 16.0360038]]]}}, {"type": "Feature", "properties": {"kind": "pond", "name": ""}, "geometry": {"type": "Polygon", "coordinates": [[[120.3458885, 16.0359291], [120.346568, 16.0354105], [120.3458685, 16.034798], [120.3455865, 16.0348983], [120.3458885, 16.0359291]]]}}, {"type": "Feature", "properties": {"kind": "pond", "name": ""}, "geometry": {"type": "Polygon", "coordinates": [[[120.3467658, 16.0535274], [120.3472988, 16.0541976], [120.347605, 16.0542467], [120.3480019, 16.054481], [120.3494478, 16.0545355], [120.3496292, 16.0545464], [120.3500375, 16.0547317], [120.3502303, 16.0546881], [120.3506896, 16.0548188], [120.3504741, 16.0550477], [120.3507123, 16.0552275], [120.3509844, 16.0548679], [120.3538082, 16.0557397], [120.3539168, 16.0560174], [120.3532582, 16.0563555], [120.3527819, 16.0567369], [120.352419, 16.0571783], [120.3521298, 16.0577668], [120.3519824, 16.0581264], [120.3518804, 16.0584752], [120.3516138, 16.0587476], [120.3516819, 16.058971], [120.3517896, 16.0591127], [120.3517102, 16.0596358], [120.351319, 16.059723], [120.3509731, 16.0596631], [120.3507066, 16.0596195], [120.3498107, 16.0596413], [120.3486766, 16.0595704], [120.3472761, 16.0595268], [120.3462044, 16.0588021], [120.3459265, 16.0584207], [120.3458812, 16.0581973], [120.346091, 16.0580392], [120.346125, 16.0575543], [120.3459606, 16.0573091], [120.3455069, 16.0570966], [120.3453142, 16.0569549], [120.3452688, 16.0567369], [120.3453312, 16.056519], [120.3460626, 16.0557016], [120.3461137, 16.055124], [120.346108, 16.0546881], [120.3462554, 16.0541486], [120.3467034, 16.0535274], [120.3467658, 16.0535274]]]}}, {"type": "Feature", "properties": {"kind": "pond", "name": ""}, "geometry": {"type": "Polygon", "coordinates": [[[120.347848, 16.0618402], [120.3481644, 16.0624558], [120.3484412, 16.0625242], [120.3486231, 16.0623114], [120.3496907, 16.0630106], [120.3500071, 16.062623], [120.3500941, 16.0631398], [120.3503313, 16.0634286], [120.3507267, 16.0639986], [120.3516916, 16.0644849], [120.3518181, 16.0643102], [120.352174, 16.0645305], [120.3521345, 16.0646597], [120.3535106, 16.0656249], [120.3535976, 16.0658453], [120.3547364, 16.0668485], [120.3551002, 16.0670841], [120.3569271, 16.068186], [120.3568796, 16.0683228], [120.3574649, 16.0686724], [120.3574095, 16.0687864], [120.3577733, 16.0690296], [120.3585167, 16.0694323], [120.3589517, 16.0696603], [120.3593234, 16.0697515], [120.3599877, 16.0703139], [120.3608972, 16.0708459], [120.3610475, 16.0705875], [120.3612294, 16.0707167], [120.3611424, 16.0709067], [120.3619016, 16.0715222], [120.3629218, 16.0720086], [120.3629218, 16.072153], [120.3638234, 16.0727077], [120.3641634, 16.0731333], [120.3645431, 16.0732929], [120.364464, 16.0733993], [120.3649069, 16.0737185], [120.3657056, 16.0743416], [120.3668366, 16.0749952], [120.367058, 16.0747596], [120.366797, 16.0745392], [120.3668919, 16.074372], [120.367493, 16.074562], [120.3671766, 16.0748736], [120.3673664, 16.0750408], [120.3678489, 16.0746], [120.3679912, 16.0748736], [120.36758, 16.0752991], [120.367833, 16.0753979], [120.3681968, 16.0750028], [120.3688612, 16.0755575], [120.3685369, 16.0763174], [120.3697675, 16.077522], [120.3705776, 16.0781972], [120.3710362, 16.0785013], [120.3715405, 16.0786998], [120.3723726, 16.0793343], [120.3723568, 16.0795699], [120.3724991, 16.0796687], [120.3725782, 16.0792736], [120.3724596, 16.0789544], [120.3721669, 16.0786808], [120.371645, 16.0784148], [120.3709174, 16.0780881], [120.3702531, 16.0776093], [120.3700158, 16.0772977], [120.3696836, 16.076667], [120.3694148, 16.0761351], [120.3689877, 16.0754283], [120.3683945, 16.074676], [120.3681731, 16.0741972], [120.3679438, 16.0739388], [120.3675246, 16.0737565], [120.366971, 16.0737185], [120.3660694, 16.0736729], [120.3657056, 16.0735741], [120.3652627, 16.0731865], [120.3646617, 16.0724797], [120.3640923, 16.071507], [120.3637127, 16.0705951], [120.3635308, 16.0702075], [120.36342, 16.0700479], [120.362732, 16.0695083], [120.3621072, 16.0693563], [120.3600352, 16.0689612], [120.3593313, 16.068794], [120.3589042, 16.0686648], [120.3584455, 16.0683684], [120.3578445, 16.0679884], [120.3572751, 16.0675096], [120.3567215, 16.0669929], [120.3561441, 16.0661873], [120.3554244, 16.0652449], [120.354942, 16.0649333], [120.3543093, 16.0648953], [120.3535106, 16.0649257], [120.3531389, 16.0648497], [120.3527276, 16.0644773], [120.3527751, 16.0640214], [120.3529807, 16.0633982], [120.3530519, 16.062927], [120.3529807, 16.0624026], [120.3526011, 16.0617794], [120.3522926, 16.0615742], [120.3517628, 16.0614754], [120.3503234, 16.0612626], [120.3497303, 16.0613614], [120.3485835, 16.0613842], [120.3485123, 16.0614906], [120.347848, 16.0618402]]]}}, {"type": "Feature", "properties": {"kind": "pond", "name": ""}, "geometry": {"type": "Polygon", "coordinates": [[[120.3696277, 16.0781816], [120.3691505, 16.0789372], [120.3685143, 16.0784618], [120.3682227, 16.0789287], [120.368479, 16.079107], [120.3683552, 16.0794467], [120.3686557, 16.0795825], [120.3686557, 16.0797184], [120.3690091, 16.0800919], [120.3687087, 16.0808051], [120.3683906, 16.0806778], [120.3682404, 16.08089], [120.3683729, 16.0811957], [120.3687175, 16.0812806], [120.3684083, 16.081807], [120.3680725, 16.081807], [120.3680725, 16.0819683], [120.3673568, 16.0820362], [120.3669238, 16.0826985], [120.366915, 16.083157], [120.3675777, 16.0842268], [120.3669415, 16.0847362], [120.3663936, 16.0854154], [120.3663229, 16.085772], [120.3659253, 16.0854748], [120.3655719, 16.0859757], [120.3660402, 16.0862899], [120.3657309, 16.0867399], [120.3652184, 16.0874276], [120.3652376, 16.0875654], [120.3649799, 16.0879904], [120.3650723, 16.0880717], [120.3653799, 16.0875321], [120.3655223, 16.0872919], [120.365803, 16.0869963], [120.3660607, 16.0868411], [120.3666607, 16.0867006], [120.3673492, 16.0863976], [120.3677492, 16.0861093], [120.3680838, 16.0856067], [120.3682415, 16.0853222], [120.3682684, 16.0844352], [120.3682992, 16.0840287], [120.3684838, 16.0835853], [120.3687723, 16.0832637], [120.36958, 16.082909], [120.37023, 16.0828129], [120.3706684, 16.082739], [120.3710107, 16.0825985], [120.3713146, 16.0823879], [120.3714838, 16.0821772], [120.3717415, 16.081645], [120.3719723, 16.0811683], [120.3721877, 16.0806842], [120.3724261, 16.080115], [120.3724915, 16.0799118], [120.372153, 16.0796974], [120.3720915, 16.0799598], [120.3717338, 16.0798157], [120.3715992, 16.0800337], [120.371853, 16.0802887], [120.37163, 16.08054], [120.371353, 16.0803811], [120.3714492, 16.0802776], [120.3707107, 16.0798637], [120.3710146, 16.0792946], [120.3702223, 16.0788326], [120.3704184, 16.078622], [120.3696277, 16.0781816]]]}}, {"type": "Feature", "properties": {"kind": "pond", "name": ""}, "geometry": {"type": "Polygon", "coordinates": [[[120.3732786, 16.1085451], [120.3731042, 16.1086701], [120.3731015, 16.1084897], [120.3731109, 16.1083054], [120.3731149, 16.1079202], [120.3730546, 16.1078661], [120.3728628, 16.1078133], [120.3726925, 16.1077295], [120.3727341, 16.10762], [120.3729339, 16.107714], [120.3730693, 16.107754], [120.3730868, 16.1077347], [120.3729916, 16.1073752], [120.3729419, 16.1071407], [120.3729084, 16.1068134], [120.3729245, 16.1066678], [120.3729124, 16.1064733], [120.3729473, 16.1063212], [120.3730412, 16.1061911], [120.3731015, 16.106347], [120.3732102, 16.1063083], [120.3732759, 16.1065132], [120.3730921, 16.1065815], [120.3731753, 16.10674], [120.3732719, 16.1072953], [120.3733121, 16.1073288], [120.3733671, 16.1077862], [120.3733805, 16.1080181], [120.3732517, 16.1083132], [120.3732786, 16.1085451]]]}}, {"type": "Feature", "properties": {"kind": "pond", "name": ""}, "geometry": {"type": "Polygon", "coordinates": [[[120.3589629, 16.0923686], [120.3589722, 16.0923908], [120.3589844, 16.0924111], [120.3590159, 16.092433], [120.3590347, 16.0924407], [120.3590543, 16.0924407], [120.3590649, 16.0924298], [120.3590555, 16.0923808], [120.3590441, 16.0923628], [120.3590173, 16.0923512], [120.358979, 16.0923538], [120.3589629, 16.0923686]]]}}, {"type": "Feature", "properties": {"kind": "pond", "name": ""}, "geometry": {"type": "Polygon", "coordinates": [[[120.3590964, 16.0918293], [120.3591447, 16.0917765], [120.3592077, 16.0917314], [120.3592332, 16.0916644], [120.359256, 16.0915523], [120.3592814, 16.091502], [120.3593069, 16.0914982], [120.3593217, 16.0915446], [120.3593338, 16.0916193], [120.3593163, 16.0917043], [120.3592721, 16.0917701], [120.3592265, 16.0918087], [120.3591581, 16.0918306], [120.3591312, 16.091868], [120.3591272, 16.0919453], [120.3591192, 16.0920239], [120.3591165, 16.0921064], [120.359146, 16.0921592], [120.3591688, 16.0922082], [120.3591514, 16.0922442], [120.3591272, 16.0922507], [120.3591098, 16.0922442], [120.3591111, 16.0922172], [120.359095, 16.0921927], [120.3590535, 16.0921193], [120.3590548, 16.0920548], [120.3590669, 16.0919633], [120.3590816, 16.0918706], [120.3590964, 16.0918293]]]}}, {"type": "Feature", "properties": {"kind": "pond", "name": ""}, "geometry": {"type": "Polygon", "coordinates": [[[120.3502324, 16.0856192], [120.3502151, 16.0855683], [120.3502439, 16.0855406], [120.3502286, 16.0855101], [120.3501882, 16.0854898], [120.3501718, 16.0854436], [120.3501991, 16.0854278], [120.3502303, 16.0854283], [120.3502545, 16.0854473], [120.3502525, 16.0855062], [120.3502688, 16.0855299], [120.3503143, 16.0855333], [120.3503207, 16.0855499], [120.3503143, 16.0856102], [120.3503776, 16.0856738], [120.3503983, 16.0856781], [120.3504146, 16.0857275], [120.3503909, 16.0857508], [120.3503588, 16.0857508], [120.3503504, 16.0857166], [120.3502945, 16.0856525], [120.3502481, 16.0856487], [120.3502324, 16.0856192]]]}}, {"type": "Feature", "properties": {"kind": "pond", "name": ""}, "geometry": {"type": "Polygon", "coordinates": [[[120.3210472, 16.0329406], [120.3197824, 16.0327108], [120.3196346, 16.0333646], [120.3196561, 16.0338947], [120.3197606, 16.0338967], [120.3199118, 16.0339657], [120.3200124, 16.0340564], [120.3200735, 16.0341781], [120.3201299, 16.0343267], [120.3201792, 16.0345959], [120.320109, 16.034783], [120.3200135, 16.0350199], [120.3199981, 16.0352805], [120.3200597, 16.0357009], [120.3210056, 16.0357572], [120.3216557, 16.0349725], [120.3220524, 16.0346275], [120.3225415, 16.0342766], [120.3222696, 16.0341596], [120.322414, 16.0337843], [120.3227219, 16.0337077], [120.3226879, 16.0336457], [120.322352, 16.033631], [120.3219834, 16.0335881], [120.3219162, 16.033229], [120.3215837, 16.0331354], [120.3212388, 16.0332277], [120.3210472, 16.0329406]]]}}, {"type": "Feature", "properties": {"kind": "pond", "name": ""}, "geometry": {"type": "Polygon", "coordinates": [[[120.3184711, 16.0383587], [120.3182331, 16.0381742], [120.3179506, 16.0380289], [120.3177307, 16.0379318], [120.3176905, 16.037914], [120.3173167, 16.037743], [120.3171979, 16.0376848], [120.3171807, 16.0377204], [120.3172094, 16.0377778], [120.3169893, 16.0382541], [120.3165551, 16.0379164], [120.3164678, 16.0378485], [120.3162705, 16.0376951], [120.3156334, 16.0373549], [120.3156027, 16.0373542], [120.3153927, 16.0373494], [120.3153362, 16.0373481], [120.3151946, 16.0372529], [120.3153503, 16.037008], [120.3152611, 16.0369651], [120.3151789, 16.0369256], [120.3151453, 16.0369094], [120.3151539, 16.0368092], [120.3150877, 16.0367695], [120.3150933, 16.0367236], [120.3148028, 16.0365364], [120.3146566, 16.0367563], [120.3145646, 16.0366406], [120.3150035, 16.0359399], [120.3148407, 16.0358991], [120.3142277, 16.0367098], [120.314081, 16.0366249], [120.3141701, 16.0364951], [120.314034, 16.0364175], [120.3139415, 16.0365351], [120.3137718, 16.0364025], [120.3138072, 16.0362665], [120.3137826, 16.0362519], [120.3136586, 16.036178], [120.3136089, 16.0361579], [120.3138017, 16.0358595], [120.3137532, 16.0357637], [120.3138603, 16.0355045], [120.3136674, 16.0351848], [120.3134542, 16.0349365], [120.3130045, 16.034866], [120.3130871, 16.034818], [120.3134481, 16.0348792], [120.3135074, 16.0348969], [120.3135698, 16.0348676], [120.3135823, 16.0347834], [120.3134134, 16.0343508], [120.3134864, 16.034323], [120.31356, 16.0342949], [120.3137714, 16.0343901], [120.3138603, 16.034391], [120.3139374, 16.0343662], [120.3140531, 16.0342027], [120.3141792, 16.034096], [120.3145401, 16.0339196], [120.3146798, 16.0339049], [120.314791, 16.0339105], [120.3148585, 16.0339289], [120.3148926, 16.0340069], [120.314887, 16.0341035], [120.3146473, 16.0347541], [120.3145403, 16.035044], [120.314441, 16.0351102], [120.314477, 16.0353678], [120.3147564, 16.035581], [120.3152724, 16.0354501], [120.3153786, 16.0353141], [120.3154643, 16.0352798], [120.3155768, 16.0352868], [120.316383, 16.0355078], [120.3172615, 16.0359671], [120.3173377, 16.0360143], [120.3175083, 16.0359964], [120.3176789, 16.0357831], [120.3177243, 16.0353791], [120.3178561, 16.0352937], [120.3180967, 16.0353209], [120.3183657, 16.0353685], [120.3183972, 16.0365791], [120.3184711, 16.0383587]]]}}, {"type": "Feature", "properties": {"kind": "pond", "name": ""}, "geometry": {"type": "Polygon", "coordinates": [[[120.3256197, 16.0552526], [120.3255772, 16.0551865], [120.3253448, 16.0549473], [120.3252139, 16.0548386], [120.3250409, 16.0547411], [120.3247206, 16.0545685], [120.3244163, 16.0543445], [120.3240914, 16.0540738], [120.323941, 16.0540164], [120.323731, 16.0539681], [120.3233929, 16.0538267], [120.3233137, 16.053799], [120.3231911, 16.0537311], [120.3231485, 16.0537075], [120.3231018, 16.0538096], [120.323571, 16.0539686], [120.324096, 16.0541864], [120.3243232, 16.0543971], [120.3242983, 16.0544833], [120.3239008, 16.0543802], [120.3239455, 16.0542256], [120.3237102, 16.0541719], [120.3236281, 16.0542557], [120.3234135, 16.0541568], [120.323056, 16.0539576], [120.3230067, 16.0540322], [120.3228087, 16.0539604], [120.3228757, 16.0537405], [120.3227571, 16.0537094], [120.3226893, 16.0539077], [120.3224747, 16.0538862], [120.3222199, 16.0538174], [120.3220988, 16.053722], [120.3219248, 16.053478], [120.3219344, 16.0534137], [120.3220263, 16.0532905], [120.3218933, 16.0532147], [120.3220829, 16.0529246], [120.3219486, 16.0528334], [120.3218196, 16.0530327], [120.3216415, 16.0532853], [120.3213744, 16.0531737], [120.3207739, 16.0528189], [120.3207319, 16.0528848], [120.3206434, 16.0530255], [120.3210545, 16.0532929], [120.3210463, 16.053383], [120.3214779, 16.0536992], [120.3215308, 16.0536446], [120.3219436, 16.0539023], [120.3228184, 16.0545898], [120.3234589, 16.0550783], [120.3235267, 16.0553323], [120.3238442, 16.05544], [120.3241524, 16.0547758], [120.3245401, 16.0548252], [120.3252312, 16.0551438], [120.3253933, 16.0552367], [120.3255208, 16.0553099], [120.3258243, 16.0558215], [120.3260671, 16.0560997], [120.3261493, 16.0560811], [120.326264, 16.0561329], [120.3264752, 16.056475], [120.3266509, 16.0574709], [120.3261675, 16.0575636], [120.3256352, 16.0577071], [120.3250782, 16.0575728], [120.3248704, 16.0578477], [120.3240961, 16.0576155], [120.3234863, 16.0575824], [120.3230371, 16.0574342], [120.3227554, 16.0571925], [120.3219511, 16.0567386], [120.3216802, 16.0564619], [120.3213096, 16.0566256], [120.3211188, 16.0565722], [120.3206276, 16.0565306], [120.3197374, 16.0566144], [120.3195026, 16.0564827], [120.3190666, 16.0562014], [120.3186896, 16.0557289], [120.3183991, 16.0552344], [120.3180661, 16.0545878], [120.3175186, 16.0536679], [120.3174212, 16.0533007], [120.3173485, 16.0529129], [120.3175132, 16.0521566], [120.3176934, 16.0519689], [120.317997, 16.0517265], [120.3186464, 16.0514296], [120.3187643, 16.051223], [120.3191313, 16.0510641], [120.3195292, 16.0510637], [120.3196271, 16.0510329], [120.3197834, 16.0509995], [120.3200335, 16.0510009], [120.3203128, 16.0504555], [120.3204788, 16.0500954], [120.3209055, 16.0493663], [120.3204086, 16.0492698], [120.3200191, 16.0489018], [120.3196961, 16.0492092], [120.319063, 16.0486146], [120.318706, 16.048278], [120.3186485, 16.048186], [120.3186711, 16.0481074], [120.3191435, 16.0478942], [120.3192743, 16.0477574], [120.3193902, 16.0474858], [120.3191788, 16.0470707], [120.3192263, 16.0462202], [120.3192282, 16.0459195], [120.3193635, 16.045841], [120.3196076, 16.0457916], [120.3198113, 16.045732], [120.3198851, 16.0454252], [120.319838, 16.0450928], [120.3198639, 16.0447194], [120.3197606, 16.0446774], [120.3194777, 16.0446996], [120.3192098, 16.0445871], [120.3187742, 16.0443784], [120.3187429, 16.0443636], [120.3187394, 16.0443029], [120.3188496, 16.0440704], [120.3190888, 16.0437699], [120.3191108, 16.0436914], [120.3192141, 16.0435863], [120.3192284, 16.043459], [120.3190958, 16.0432394], [120.3189299, 16.0429304], [120.3188313, 16.0428238], [120.3183445, 16.0424004], [120.3178667, 16.0422204], [120.3182076, 16.0416238], [120.3185299, 16.0410598], [120.319795, 16.0417353], [120.3197165, 16.041902], [120.3197933, 16.0420631], [120.3199255, 16.0421229], [120.3201032, 16.0419357], [120.3201705, 16.0420075], [120.3200534, 16.0421341], [120.3201843, 16.0422046], [120.3200334, 16.0424119], [120.3201697, 16.0425343], [120.3203549, 16.0422603], [120.3206576, 16.042465], [120.3206087, 16.0425232], [120.3210598, 16.0428779], [120.3211908, 16.0426585], [120.3213323, 16.0427775], [120.3210899, 16.0431602], [120.3212863, 16.0433065], [120.3211837, 16.0434323], [120.3219818, 16.043832], [120.3220349, 16.0437537], [120.3223304, 16.0439799], [120.3225842, 16.0441005], [120.3225698, 16.0441459], [120.3227803, 16.0442659], [120.3228701, 16.0441823], [120.3231433, 16.044387], [120.32324, 16.0444442], [120.3232807, 16.0444068], [120.3234788, 16.0445343], [120.3236328, 16.0443881], [120.3242539, 16.0448626], [120.3239141, 16.045405], [120.3240604, 16.0456977], [120.3244634, 16.0458152], [120.3245704, 16.045744], [120.3247283, 16.045862], [120.3248465, 16.0457255], [120.3246831, 16.045589], [120.3244775, 16.0455706], [120.3244963, 16.0453052], [120.3246225, 16.0451347], [120.324884, 16.0452761], [120.3248076, 16.0453506], [120.3252382, 16.0457426], [120.3248503, 16.0462588], [120.3252414, 16.0465632], [120.3255779, 16.0461424], [120.325778, 16.0462928], [120.3253599, 16.0468404], [120.3254471, 16.0469016], [120.3257404, 16.0471074], [120.3256838, 16.047286], [120.3256625, 16.0474578], [120.3257183, 16.0474891], [120.3261315, 16.0477214], [120.3261155, 16.0480105], [120.3260076, 16.048104], [120.325682, 16.0486822], [120.3255274, 16.048852], [120.3254727, 16.048912], [120.3254321, 16.0489566], [120.3254356, 16.0496828], [120.3257878, 16.0498188], [120.3258586, 16.0497661], [120.3258427, 16.0500858], [120.3256232, 16.0505943], [120.3257984, 16.0506521], [120.3257772, 16.050812], [120.3257896, 16.0512643], [120.325825, 16.0521367], [120.3258639, 16.0528391], [120.3258444, 16.0529071], [120.3259807, 16.0534666], [120.3261824, 16.0542183], [120.326193, 16.0545856], [120.3262585, 16.0559563], [120.3261169, 16.0559784], [120.3257856, 16.0554857], [120.3258339, 16.0554176], [120.3257345, 16.0552499], [120.3256982, 16.0552344], [120.3256197, 16.0552526]]]}}, {"type": "Feature", "properties": {"kind": "pond", "name": ""}, "geometry": {"type": "Polygon", "coordinates": [[[120.321651, 16.0254447], [120.3213156, 16.0248946], [120.3212448, 16.0247313], [120.3211315, 16.0245408], [120.3211032, 16.0243095], [120.320835, 16.0247068], [120.3202084, 16.024614], [120.3201349, 16.0244203], [120.3207743, 16.0233765], [120.3213297, 16.0234659], [120.3218819, 16.0224114], [120.3219951, 16.0221188], [120.3213227, 16.0217514], [120.3210749, 16.0214861], [120.3210678, 16.0209622], [120.320629, 16.0207037], [120.3205157, 16.0209282], [120.3203175, 16.0208125], [120.3203954, 16.0206221], [120.3195601, 16.0202683], [120.3192841, 16.0208057], [120.3191425, 16.0207173], [120.3194398, 16.0201458], [120.3193442, 16.0200778], [120.3192487, 16.020037], [120.3192452, 16.0199247], [120.3182223, 16.0194314], [120.3180454, 16.0195335], [120.3175994, 16.0193362], [120.31738, 16.0194314], [120.3173658, 16.0195539], [120.316297, 16.0194314], [120.3162828, 16.0195403], [120.3164315, 16.0196764], [120.3168916, 16.0197444], [120.317196, 16.0199349], [120.3169553, 16.0199077], [120.3169091, 16.0199037], [120.3168871, 16.0199513], [120.316835, 16.0200438], [120.3167112, 16.0201474], [120.3165177, 16.0203661], [120.3164099, 16.0205192], [120.3163459, 16.020631], [120.3163395, 16.0207105], [120.3163582, 16.0207345], [120.3164092, 16.0207328], [120.3166961, 16.0207139], [120.3176348, 16.0211323], [120.3183694, 16.0214699], [120.3182824, 16.0216293], [120.3180365, 16.0214565], [120.3180306, 16.0214118], [120.3177198, 16.0212684], [120.3167925, 16.0208398], [120.3162616, 16.0208125], [120.3161059, 16.0211595], [120.3159289, 16.0212412], [120.3158865, 16.0214589], [120.3159431, 16.0216834], [120.3162828, 16.0222238], [120.3162808, 16.0223358], [120.3162799, 16.0224253], [120.3163862, 16.0225354], [120.3165745, 16.0229645], [120.3166368, 16.0229965], [120.3167674, 16.0228916], [120.3168433, 16.022978], [120.3168996, 16.0231491], [120.3168916, 16.0232686], [120.3167613, 16.0234436], [120.3166792, 16.0234999], [120.316753, 16.0239081], [120.3167885, 16.0240597], [120.3168277, 16.0241407], [120.3168562, 16.0241598], [120.3170332, 16.0241394], [120.3170756, 16.0242075], [120.3176634, 16.0242196], [120.3178609, 16.024206], [120.3181029, 16.0243371], [120.318318, 16.0244477], [120.3187105, 16.0246306], [120.3188354, 16.0247722], [120.3189763, 16.0249396], [120.3191637, 16.0252348], [120.319277, 16.0255341], [120.3193351, 16.0256817], [120.3194059, 16.0257054], [120.3195089, 16.0256363], [120.3199175, 16.0253523], [120.319999, 16.0252075], [120.3199931, 16.0249234], [120.3199774, 16.0247165], [120.3200952, 16.0246134], [120.3202096, 16.0246295], [120.3207825, 16.0247102], [120.3208352, 16.0247176], [120.320866, 16.0248359], [120.3209475, 16.0248674], [120.3210678, 16.0249014], [120.3210318, 16.0249449], [120.3208274, 16.0249682], [120.3207445, 16.0248636], [120.3206724, 16.0247718], [120.3204433, 16.0247369], [120.3201846, 16.0247123], [120.3200839, 16.0248062], [120.320091, 16.0249694], [120.3201335, 16.0251803], [120.3201335, 16.025296], [120.3199749, 16.025468], [120.319822, 16.0255817], [120.3195131, 16.0257624], [120.3194052, 16.0258056], [120.3192665, 16.0257321], [120.3191921, 16.0256362], [120.3189089, 16.0250579], [120.3186116, 16.0247313], [120.318463, 16.0246089], [120.3182365, 16.0245952], [120.3180666, 16.0245408], [120.3179533, 16.024432], [120.3178613, 16.0243435], [120.3175003, 16.0243367], [120.3174012, 16.0244252], [120.3172951, 16.024432], [120.3170544, 16.0251259], [120.3173304, 16.0265342], [120.317288, 16.0268199], [120.317288, 16.0269696], [120.3173871, 16.0270308], [120.3171818, 16.0275683], [120.3172809, 16.0277452], [120.3174508, 16.0278404], [120.3179887, 16.0279901], [120.3182577, 16.0280105], [120.3184276, 16.0279289], [120.3186399, 16.0275819], [120.3186046, 16.0272962], [120.3188735, 16.0274322], [120.3186895, 16.02782], [120.3185621, 16.0278472], [120.3184488, 16.0281125], [120.3189231, 16.0282214], [120.3194681, 16.0282826], [120.3205086, 16.0288337], [120.3213439, 16.0293303], [120.3215279, 16.0290038], [120.3211952, 16.0288133], [120.3215209, 16.0282078], [120.3206856, 16.0277588], [120.3204191, 16.0280905], [120.3202186, 16.0280293], [120.3199713, 16.0276412], [120.3201698, 16.0273673], [120.3205006, 16.0275318], [120.3205742, 16.0274217], [120.3206744, 16.0272534], [120.320757, 16.0271222], [120.3207841, 16.0270329], [120.3207888, 16.0269725], [120.3208665, 16.0267861], [120.3209224, 16.0265858], [120.3209605, 16.0264594], [120.321031, 16.0262645], [120.3214207, 16.0253608], [120.3215481, 16.0254962], [120.321651, 16.0254447]]]}}, {"type": "Feature", "properties": {"kind": "pond", "name": ""}, "geometry": {"type": "Polygon", "coordinates": [[[120.325223, 16.0382582], [120.3252335, 16.0387463], [120.3252198, 16.0390533], [120.3252292, 16.0391531], [120.3252407, 16.0396995], [120.3252298, 16.0397998], [120.3252999, 16.0399002], [120.3252359, 16.0399723], [120.3252451, 16.0401233], [120.3252593, 16.0401653], [120.3254388, 16.0406986], [120.3254564, 16.0408611], [120.3254758, 16.0409711], [120.3255321, 16.0411055], [120.3255708, 16.0410861], [120.3265533, 16.0397883], [120.3266138, 16.0397102], [120.3266879, 16.0396002], [120.3268606, 16.039354], [120.3269691, 16.039166], [120.3268358, 16.0389668], [120.3269797, 16.0388156], [120.3270465, 16.0387011], [120.3271092, 16.0386344], [120.3271458, 16.0385902], [120.3272309, 16.0384572], [120.3276624, 16.0378399], [120.3278658, 16.0377452], [120.3279336, 16.0375912], [120.3278904, 16.0374846], [120.3277672, 16.0374254], [120.327761, 16.0373306], [120.327835, 16.0372062], [120.3280753, 16.0368272], [120.3274776, 16.0365489], [120.3272681, 16.037147], [120.3271202, 16.0371174], [120.3268983, 16.0374668], [120.3269029, 16.0374169], [120.3269168, 16.0372655], [120.3266334, 16.0370996], [120.3266703, 16.0370227], [120.3270093, 16.0371293], [120.3273851, 16.0359389], [120.3273913, 16.0354651], [120.3269723, 16.0353348], [120.327077, 16.0348965], [120.3272249, 16.0349262], [120.3275515, 16.0339134], [120.3270709, 16.0336469], [120.3270882, 16.0336142], [120.3272742, 16.033262], [120.3275762, 16.0329303], [120.3277056, 16.0329066], [120.3279151, 16.0329599], [120.3281492, 16.0327526], [120.3281616, 16.0326342], [120.3272311, 16.0319946], [120.3269723, 16.0323499], [120.3267073, 16.0328059], [120.3259574, 16.0323137], [120.3254708, 16.032419], [120.3254705, 16.0324626], [120.3254626, 16.0333626], [120.3256789, 16.0334596], [120.3257399, 16.033487], [120.3254934, 16.0340023], [120.3254664, 16.0342038], [120.3254507, 16.0343204], [120.3254441, 16.0343695], [120.3252961, 16.036199], [120.3256536, 16.0361343], [120.3256142, 16.0364743], [120.3260323, 16.0366039], [120.326274, 16.0360071], [120.3264828, 16.0355321], [120.3266208, 16.0351972], [120.326714, 16.0352249], [120.3269485, 16.0353143], [120.3267706, 16.0359865], [120.3266008, 16.0368996], [120.3265119, 16.037292], [120.3263825, 16.0375873], [120.3263215, 16.0376409], [120.3262914, 16.0376673], [120.326051, 16.0378787], [120.3260169, 16.0378933], [120.3255982, 16.0380729], [120.325223, 16.0382582]]]}}, {"type": "Feature", "properties": {"kind": "pond", "name": ""}, "geometry": {"type": "Polygon", "coordinates": [[[120.3441808, 16.036261], [120.3444165, 16.0361988], [120.344418, 16.0360566], [120.3445145, 16.0357047], [120.3445103, 16.0356019], [120.3440996, 16.0357359], [120.3441808, 16.036261]]]}}, {"type": "Feature", "properties": {"kind": "pond", "name": ""}, "geometry": {"type": "Polygon", "coordinates": [[[120.3339182, 16.0606881], [120.3340002, 16.0604291], [120.3332372, 16.0601977], [120.3329113, 16.060453], [120.3328581, 16.0605713], [120.3338531, 16.0608937], [120.3339182, 16.0606881]]]}}, {"type": "Feature", "properties": {"kind": "river", "name": ""}, "geometry": {"type": "Polygon", "coordinates": [[[120.3379963, 16.0347511], [120.3377368, 16.0346946], [120.3374136, 16.0346242], [120.3372733, 16.0345715], [120.3370273, 16.0345383], [120.3367448, 16.0345051], [120.3363484, 16.0344367], [120.3360313, 16.0344171], [120.3355312, 16.0343918], [120.3351491, 16.0343585], [120.334769, 16.0342999], [120.3346186, 16.034214], [120.3344397, 16.0340889], [120.3341571, 16.0338369], [120.3339721, 16.0336396], [120.3337973, 16.0333837], [120.3336998, 16.0331316], [120.33359, 16.0328288], [120.3335961, 16.0326921], [120.3335981, 16.0325846], [120.3337038, 16.0325475], [120.3337038, 16.032486], [120.333716, 16.0323912], [120.3336733, 16.0323619], [120.3336002, 16.032272], [120.33359, 16.0321509], [120.3336022, 16.032022], [120.3336367, 16.0318754], [120.3337851, 16.031684], [120.333842, 16.0316351], [120.3338522, 16.0315863], [120.333777, 16.0315472], [120.3338116, 16.0314085], [120.3338502, 16.0313343], [120.3339157, 16.0312053], [120.3339833, 16.0310686], [120.3341307, 16.0308712], [120.3346084, 16.0304375], [120.3346877, 16.0303672], [120.3350962, 16.0302011], [120.3352101, 16.0303027], [120.3352426, 16.0303301], [120.3357315, 16.0302646], [120.3358936, 16.0302368], [120.3358954, 16.0300822], [120.3359044, 16.0299248], [120.3360817, 16.0298988], [120.3360565, 16.0301359], [120.33605, 16.0301705], [120.336196, 16.0301699], [120.3362031, 16.0300741], [120.3362046, 16.0300302], [120.3362785, 16.0300238], [120.3364365, 16.0299972], [120.3364318, 16.0300683], [120.33651, 16.0300702], [120.3365512, 16.0299833], [120.3366574, 16.0300136], [120.3368871, 16.0299188], [120.3370517, 16.0300663], [120.3373932, 16.0301191], [120.3376717, 16.0301503], [120.3379217, 16.0303359], [120.3380498, 16.0303379], [120.3381453, 16.0304043], [120.3381575, 16.0305039], [120.3383527, 16.0304395], [120.3383832, 16.0303379], [120.3385092, 16.0303535], [120.3385458, 16.0304825], [120.3385214, 16.0306173], [120.3385255, 16.0306544], [120.3385133, 16.0307188], [120.3383649, 16.030711], [120.3381941, 16.0307696], [120.338064, 16.0307442], [120.3377327, 16.0307462], [120.3375355, 16.0307306], [120.3374705, 16.0307521], [120.3374278, 16.0308849], [120.3367326, 16.0307911], [120.336818, 16.0305723], [120.3368505, 16.0305762], [120.3368911, 16.030461], [120.3367529, 16.0303711], [120.3366005, 16.0304082], [120.3365375, 16.0304942], [120.336448, 16.030545], [120.3363809, 16.0305039], [120.3362447, 16.0305118], [120.3362, 16.0304785], [120.3362203, 16.0303164], [120.3362, 16.0302324], [120.3354194, 16.0303457], [120.3353951, 16.030799], [120.3351633, 16.0308654], [120.3350414, 16.0310041], [120.3348869, 16.0310178], [120.3348015, 16.031008], [120.3346938, 16.0309142], [120.3345738, 16.0308204], [120.3345189, 16.0306739], [120.334525, 16.0305723], [120.3341795, 16.0308986], [120.3341185, 16.0309885], [120.334151, 16.0310353], [120.3343787, 16.0310881], [120.3344986, 16.0312209], [120.3344946, 16.031303], [120.3344641, 16.0313186], [120.3343258, 16.03126], [120.334275, 16.0312815], [120.3341348, 16.0315316], [120.3341388, 16.0316175], [120.3341144, 16.0317016], [120.334025, 16.0318364], [120.3343604, 16.0318657], [120.3342892, 16.0320474], [120.3339335, 16.0321529], [120.3339823, 16.0324928], [120.3339132, 16.0325944], [120.3337241, 16.0326315], [120.3337241, 16.032737], [120.333901, 16.0327565], [120.3339071, 16.0328503], [120.3339071, 16.0329968], [120.3338542, 16.0330906], [120.3337668, 16.033157], [120.3338339, 16.0332879], [120.3339396, 16.0332879], [120.3340839, 16.0333133], [120.334214, 16.033202], [120.3344051, 16.0333114], [120.334649, 16.033581], [120.3345921, 16.0337763], [120.3344885, 16.0338643], [120.3343258, 16.0338447], [120.3346023, 16.0340831], [120.3348015, 16.0341671], [120.3348239, 16.0341554], [120.3351877, 16.0342355], [120.3352284, 16.0341475], [120.3352751, 16.0340753], [120.3356309, 16.034128], [120.3355841, 16.0341778], [120.3355943, 16.0342706], [120.3357447, 16.0342706], [120.3357772, 16.0341768], [120.3358849, 16.034169], [120.3359032, 16.0341319], [120.3359785, 16.0340967], [120.3360252, 16.033958], [120.3364135, 16.0340753], [120.3362793, 16.0343038], [120.3364531, 16.0343292], [120.3366106, 16.0343742], [120.3370233, 16.0344171], [120.3372957, 16.0344758], [120.3377022, 16.0345969], [120.3379238, 16.0346281], [120.3380823, 16.0345988], [120.3379963, 16.0347511]]]}}, {"type": "Feature", "properties": {"kind": "river", "name": ""}, "geometry": {"type": "Polygon", "coordinates": [[[120.3149657, 16.052497], [120.3148749, 16.0525139], [120.3146654, 16.052505], [120.3144404, 16.0525316], [120.3140892, 16.0524191], [120.313912, 16.052431], [120.3136733, 16.0524117], [120.3135608, 16.0523481], [120.3130709, 16.0521734], [120.3127844, 16.0520253], [120.312826, 16.0519513], [120.3127382, 16.051898], [120.312715, 16.0519187], [120.3126211, 16.0518699], [120.3126194, 16.0518979], [120.3125595, 16.0518595], [120.3125687, 16.0518329], [120.312541, 16.0517766], [120.3122621, 16.0515723], [120.3120757, 16.051439], [120.3119771, 16.0513206], [120.3120157, 16.0512407], [120.311877, 16.0511963], [120.3118678, 16.0511696], [120.3119063, 16.0511045], [120.3116218, 16.051058], [120.3116536, 16.0510008], [120.3114364, 16.0508528], [120.3111191, 16.0508084], [120.3110667, 16.0507802], [120.3111129, 16.0506707], [120.3109049, 16.0506026], [120.310945, 16.0505034], [120.3106014, 16.0504131], [120.3104936, 16.0504634], [120.3103996, 16.0504516], [120.3102702, 16.0503835], [120.3102795, 16.0503169], [120.3103827, 16.050154], [120.3102456, 16.0500889], [120.3100808, 16.0499497], [120.3097234, 16.0498076], [120.3096617, 16.050003], [120.3093659, 16.0498846], [120.3094322, 16.049587], [120.3088899, 16.0493027], [120.3088499, 16.0493619], [120.308514, 16.0491754], [120.3085448, 16.0490007], [120.3086357, 16.0488541], [120.3085387, 16.0487949], [120.3085233, 16.0487416], [120.3080488, 16.0484381], [120.3080396, 16.0483774], [120.3078177, 16.048222], [120.3076172, 16.0481954], [120.3075836, 16.0481909], [120.3074819, 16.0481613], [120.3074156, 16.0480946], [120.3069982, 16.0480236], [120.306801, 16.0480162], [120.3062803, 16.0478637], [120.3058505, 16.0476934], [120.3056209, 16.0476446], [120.3052355, 16.0475627], [120.304648, 16.0474538], [120.3045931, 16.0474368], [120.3044976, 16.0473654], [120.3041879, 16.0472293], [120.303745, 16.0470484], [120.3032826, 16.0468689], [120.3023113, 16.0465817], [120.302365, 16.0464583], [120.3023113, 16.0464044], [120.3020077, 16.0462922], [120.3016481, 16.0461194], [120.3011531, 16.0460745], [120.3007755, 16.0461358], [120.3007224, 16.0462107], [120.3007295, 16.0463807], [120.3004233, 16.0462889], [120.3003419, 16.0463042], [120.2999119, 16.0466256], [120.2997491, 16.0467957], [120.2996872, 16.0469266], [120.2995474, 16.0470014], [120.2988643, 16.0467948], [120.2988019, 16.04678], [120.2989607, 16.0462459], [120.2990271, 16.0462668], [120.2991563, 16.0461766], [120.2997208, 16.0464811], [120.2998075, 16.046476], [120.2998748, 16.0464385], [120.3001986, 16.046146], [120.3006835, 16.0459505], [120.3008268, 16.0459266], [120.3011436, 16.0459215], [120.301432, 16.0459249], [120.3014975, 16.045692], [120.3017541, 16.0457464], [120.3020408, 16.0458756], [120.3023239, 16.0460185], [120.3025362, 16.0460661], [120.3026583, 16.045993], [120.3029362, 16.0460763], [120.3033644, 16.046226], [120.3036086, 16.0462991], [120.3038599, 16.0463977], [120.3043023, 16.0465763], [120.3044934, 16.0466409], [120.3045819, 16.0466919], [120.3048951, 16.0468331], [120.3053021, 16.0469691], [120.3053481, 16.0469504], [120.3059622, 16.0471783], [120.306302, 16.0473127], [120.3066559, 16.0474487], [120.3069213, 16.0475304], [120.3073496, 16.0476511], [120.3075318, 16.0477123], [120.3076026, 16.0477497], [120.3077007, 16.0477523], [120.307749, 16.0476592], [120.3077223, 16.0476304], [120.3077274, 16.0475835], [120.3077577, 16.047523], [120.3078311, 16.0475898], [120.3085199, 16.0482742], [120.3088165, 16.0486153], [120.3089075, 16.0487096], [120.3093973, 16.0490001], [120.309566, 16.0490866], [120.3101731, 16.0494658], [120.3107919, 16.0498091], [120.3116935, 16.0504668], [120.3126166, 16.0510318], [120.3132375, 16.0514656], [120.3135671, 16.051661], [120.3137551, 16.0516403], [120.3140324, 16.0515381], [120.3148362, 16.051147], [120.3153505, 16.0505418], [120.3155084, 16.0502364], [120.3157408, 16.0504471], [120.3159661, 16.0505296], [120.3158612, 16.0517803], [120.3149657, 16.052497]]]}}, {"type": "Feature", "properties": {"kind": "river", "name": ""}, "geometry": {"type": "Polygon", "coordinates": [[[120.3379963, 16.0347511], [120.3385655, 16.0348345], [120.3392533, 16.0341052], [120.3402956, 16.0333294], [120.3419987, 16.0323243], [120.3430035, 16.0315517], [120.3437563, 16.0308479], [120.344349, 16.0301604], [120.3450166, 16.0292798], [120.3456876, 16.0285039], [120.3467674, 16.0273613], [120.3473226, 16.026795], [120.3478165, 16.0262613], [120.3480004, 16.0260354], [120.3480754, 16.025803], [120.3480277, 16.025181], [120.3478335, 16.024595], [120.3475167, 16.0239074], [120.3470876, 16.0233443], [120.3469581, 16.0231741], [120.346454, 16.0228533], [120.3458205, 16.0228009], [120.3453402, 16.0228991], [120.3451018, 16.0231119], [120.3447237, 16.023508], [120.3442706, 16.0242381], [120.3440288, 16.0249453], [120.3434736, 16.0263857], [120.3433237, 16.0267262], [120.3435622, 16.0268375], [120.3437492, 16.0265435], [120.3439743, 16.0258783], [120.3441855, 16.0252464], [120.3445806, 16.0244542], [120.3449349, 16.0238976], [120.3454798, 16.023364], [120.3460282, 16.0231217], [120.3464642, 16.0231676], [120.3468219, 16.0233902], [120.3471319, 16.023878], [120.3474316, 16.0244542], [120.347653, 16.0252072], [120.347745, 16.0255575], [120.3477995, 16.0256033], [120.3477484, 16.0256786], [120.3476837, 16.0259012], [120.3469411, 16.026795], [120.3464642, 16.0272337], [120.3457319, 16.0279703], [120.3450881, 16.0286676], [120.3441276, 16.0298396], [120.3433339, 16.0306547], [120.3427041, 16.031358], [120.3423055, 16.0317308], [120.341225, 16.0324988], [120.3403429, 16.0330345], [120.3394465, 16.0335563], [120.3388007, 16.0340157], [120.3384399, 16.0343641], [120.3380823, 16.0345988], [120.3379963, 16.0347511]]]}}, {"type": "Feature", "properties": {"kind": "river", "name": ""}, "geometry": {"type": "Polygon", "coordinates": [[[120.3435622, 16.0268375], [120.343202, 16.0273601], [120.3430264, 16.0276812], [120.342664, 16.0279833], [120.3425281, 16.0281711], [120.3424885, 16.0283153], [120.341809, 16.0286146], [120.3407755, 16.0288922], [120.3398213, 16.0289249], [120.3396656, 16.0288351], [120.339592, 16.0288459], [120.3390201, 16.0286228], [120.3388558, 16.0286065], [120.3387426, 16.0286609], [120.3386407, 16.0286745], [120.3385217, 16.028601], [120.3384481, 16.0285031], [120.3383972, 16.0283588], [120.3383519, 16.0283099], [120.3381452, 16.0281221], [120.3380631, 16.027937], [120.337981, 16.0275996], [120.3379017, 16.0271778], [120.3378875, 16.0267206], [120.3379187, 16.0265383], [120.337862, 16.0261954], [120.3378564, 16.0260348], [120.3379555, 16.025477], [120.3380772, 16.0250933], [120.3382839, 16.0246225], [120.338652, 16.024149], [120.338904, 16.0238333], [120.3394165, 16.0233516], [120.3399318, 16.0229434], [120.3401073, 16.022742], [120.3409142, 16.022244], [120.3418146, 16.0218521], [120.3425706, 16.021599], [120.3429698, 16.0215011], [120.3437966, 16.0214412], [120.3443685, 16.0215256], [120.3446913, 16.0216399], [120.3448187, 16.021697], [120.3450877, 16.0216045], [120.3452406, 16.0218603], [120.3451641, 16.0218902], [120.3447649, 16.0219338], [120.344629, 16.0218902], [120.3444591, 16.021795], [120.3441618, 16.0217678], [120.3439127, 16.021795], [120.3432869, 16.0218004], [120.3427829, 16.0218848], [120.3420383, 16.0221052], [120.3413758, 16.0223855], [120.3405943, 16.0228182], [120.3399306, 16.0233047], [120.33934, 16.0238659], [120.3388021, 16.0244592], [120.3384595, 16.0249381], [120.3382103, 16.0254933], [120.3381084, 16.0262253], [120.3381395, 16.0266662], [120.3382273, 16.0274037], [120.338332, 16.02782], [120.3385869, 16.0282201], [120.3388134, 16.0283724], [120.3394419, 16.0285003], [120.3402404, 16.0285929], [120.3409907, 16.0285493], [120.3419534, 16.0282527], [120.3423016, 16.0279969], [120.3425961, 16.0277221], [120.3429641, 16.0272839], [120.3432652, 16.0268169], [120.3433237, 16.0267262], [120.3435622, 16.0268375]]]}}, {"type": "Feature", "properties": {"kind": "river", "name": ""}, "geometry": {"type": "Polygon", "coordinates": [[[120.3312566, 16.0608052], [120.3313261, 16.0608147], [120.3324455, 16.0609678], [120.3338277, 16.0613662], [120.3347162, 16.0617268], [120.3362069, 16.0627608], [120.3379149, 16.063776], [120.3386455, 16.0643547], [120.3395932, 16.0650852], [120.3399881, 16.0654931], [120.3401757, 16.0659011], [120.3400671, 16.0662141], [120.3399092, 16.06666], [120.3398499, 16.0670774], [120.3403041, 16.0678838], [120.3407257, 16.0683635], [120.3410391, 16.0689021], [120.3410391, 16.0691198], [120.3407984, 16.0697796], [120.3406852, 16.0700652], [120.3406144, 16.0702353], [120.3407489, 16.070555], [120.3409329, 16.0708747], [120.3410037, 16.0711127], [120.3411948, 16.0711127], [120.3413293, 16.0710107], [120.3411807, 16.0708202], [120.3409046, 16.0703713], [120.3408834, 16.0702693], [120.3410037, 16.0697864], [120.3412444, 16.0692558], [120.3412514, 16.0689906], [120.3412373, 16.0686641], [120.3409683, 16.06846], [120.3407135, 16.0682151], [120.340402, 16.0675214], [120.340218, 16.0671881], [120.3401968, 16.0667323], [120.3403808, 16.0662018], [120.3405294, 16.0659501], [120.340487, 16.0658345], [120.3402746, 16.0653583], [120.339949, 16.0648958], [120.3396942, 16.0647734], [120.3392766, 16.0644673], [120.3387386, 16.064066], [120.3382431, 16.063617], [120.3380591, 16.0633926], [120.3374787, 16.0631069], [120.3369949, 16.0628443], [120.3364231, 16.0624809], [120.33572, 16.0619666], [120.3354028, 16.061719], [120.3348061, 16.0613831], [120.3338753, 16.0609663], [120.3327111, 16.0606012], [120.3310469, 16.0600096], [120.3312566, 16.0608052]]]}}, {"type": "Feature", "properties": {"kind": "river", "name": ""}, "geometry": {"type": "Polygon", "coordinates": [[[120.3469867, 16.0527867], [120.346618, 16.0535077], [120.3461827, 16.0541319], [120.346022, 16.0546661], [120.3459952, 16.0554254], [120.3459684, 16.0556829], [120.3452519, 16.0565066], [120.3451782, 16.0567704], [120.3452452, 16.0569957], [120.3454661, 16.0571565], [120.3459014, 16.0573432], [120.3460554, 16.057562], [120.346022, 16.0579867], [120.345801, 16.0581798], [120.3458278, 16.0584565], [120.3461157, 16.0588297], [120.3467653, 16.0592866], [120.3472915, 16.0596273], [120.3470497, 16.0598435], [120.3463434, 16.0593638], [120.3457876, 16.0589198], [120.3456135, 16.0586238], [120.3454996, 16.0582377], [120.3457005, 16.0579352], [120.345734, 16.0577164], [120.3456804, 16.057607], [120.3451447, 16.0573303], [120.3449505, 16.0571952], [120.3448501, 16.0569184], [120.3448367, 16.0567576], [120.3449371, 16.0565581], [120.3450644, 16.0564422], [120.3455733, 16.0557472], [120.345667, 16.0554834], [120.3457206, 16.054724], [120.3457742, 16.05437], [120.3459976, 16.0541251], [120.3464572, 16.0532245], [120.3467686, 16.0526956], [120.3469867, 16.0527867]]]}}, {"type": "Feature", "properties": {"kind": "river", "name": ""}, "geometry": {"type": "Polygon", "coordinates": [[[120.3559104, 16.0545307], [120.3561992, 16.0545436], [120.3564304, 16.0545407], [120.3567757, 16.0540113], [120.3570253, 16.0535042], [120.3572873, 16.0529419], [120.3574247, 16.0527017], [120.3574651, 16.0526281], [120.3576545, 16.0527202], [120.3583336, 16.0521221], [120.3587912, 16.0515324], [120.3589992, 16.0510227], [120.3591542, 16.0499959], [120.3591172, 16.0492161], [120.359072, 16.0484341], [120.3589784, 16.0479443], [120.3588688, 16.0474193], [120.3588793, 16.0469249], [120.3588852, 16.0460653], [120.3589056, 16.0457155], [120.3587496, 16.0452258], [120.3584272, 16.0445861], [120.3583336, 16.0441563], [120.3583706, 16.0437471], [120.3585659, 16.0431865], [120.3587031, 16.0427336], [120.3586976, 16.0423072], [120.3584898, 16.0417875], [120.3583539, 16.0415223], [120.3578763, 16.0412818], [120.3574849, 16.0411078], [120.3573741, 16.0409416], [120.3574242, 16.0408013], [120.3576548, 16.0406067], [120.3583731, 16.0403346], [120.3592089, 16.040104], [120.3596244, 16.0401548], [120.3598055, 16.0402802], [120.3598634, 16.040602], [120.3597995, 16.0410114], [120.3597143, 16.0412529], [120.3597058, 16.0416091], [120.3597612, 16.0420308], [120.3599486, 16.0424361], [120.3602127, 16.042694], [120.3607239, 16.0431525], [120.3611542, 16.0435251], [120.3617931, 16.0438526], [120.3622191, 16.0441105], [120.3627516, 16.0443562], [120.3633043, 16.0444606], [120.3637552, 16.044556], [120.3638539, 16.0444578], [120.3637638, 16.0442755], [120.3629135, 16.0440327], [120.3625301, 16.0438854], [120.3622064, 16.0436561], [120.3616441, 16.0434309], [120.3613586, 16.0432958], [120.361069, 16.043087], [120.3607367, 16.0428046], [120.3605663, 16.0426326], [120.3603831, 16.0423706], [120.3602766, 16.0421577], [120.3601787, 16.0417606], [120.3601318, 16.0414986], [120.3601957, 16.0413144], [120.3602298, 16.0410564], [120.3602639, 16.0407371], [120.3602852, 16.0405447], [120.3602127, 16.0403359], [120.3600892, 16.0401025], [120.3599401, 16.0399592], [120.3597399, 16.0398774], [120.3595227, 16.0398405], [120.3592415, 16.0398323], [120.3589007, 16.0399019], [120.3585003, 16.0399633], [120.357823, 16.0400862], [120.357512, 16.040209], [120.3572436, 16.0403727], [120.3571371, 16.040557], [120.357069, 16.0407617], [120.3570647, 16.0409623], [120.3571329, 16.0411219], [120.3572777, 16.0412652], [120.3574992, 16.0414249], [120.35784, 16.0416337], [120.3580871, 16.0418179], [120.3582149, 16.0419776], [120.3582958, 16.0421168], [120.3583427, 16.042301], [120.3583512, 16.0425139], [120.3583768, 16.0427636], [120.3583725, 16.0428701], [120.3583299, 16.0430379], [120.3582362, 16.0432549], [120.358151, 16.0434309], [120.3580956, 16.0435865], [120.3580445, 16.0437584], [120.3580274, 16.0438976], [120.3580104, 16.0441719], [120.3580402, 16.0445199], [120.3581169, 16.0448843], [120.3583043, 16.04531], [120.358462, 16.0456826], [120.3584747, 16.0459773], [120.3585301, 16.0464031], [120.3585216, 16.0467306], [120.3584918, 16.0472505], [120.3585301, 16.0476435], [120.3585983, 16.0480652], [120.3587175, 16.0486424], [120.3587644, 16.0491173], [120.35879, 16.0495185], [120.358824, 16.0499606], [120.3587687, 16.0503659], [120.3587261, 16.0506402], [120.3586451, 16.050894], [120.3584407, 16.0511724], [120.3581425, 16.0514835], [120.35761, 16.0518847], [120.3573459, 16.0521385], [120.3570179, 16.0524497], [120.3567112, 16.0527853], [120.3565578, 16.0531087], [120.3562468, 16.0538333], [120.356119, 16.0542018], [120.3559104, 16.0545307]]]}}, {"type": "Feature", "properties": {"kind": "river", "name": ""}, "geometry": {"type": "Polygon", "coordinates": [[[120.3547808, 16.040922], [120.3549353, 16.0413018], [120.3552396, 16.0419435], [120.3553804, 16.0422622], [120.3554076, 16.0430611], [120.3554076, 16.0435718], [120.3555257, 16.0435937], [120.3553849, 16.044231], [120.3550533, 16.045462], [120.3547626, 16.0462391], [120.3543185, 16.0462794], [120.3544129, 16.0470728], [120.3536861, 16.0475137], [120.3531683, 16.0479022], [120.352814, 16.0484828], [120.3525596, 16.0489063], [120.352278, 16.0492293], [120.3517069, 16.0496877], [120.3514923, 16.0498617], [120.3511606, 16.0500587], [120.3507972, 16.0502726], [120.3505474, 16.0503904], [120.3499115, 16.0502944], [120.3496026, 16.0501416], [120.349489, 16.0500849], [120.3493573, 16.050098], [120.3492392, 16.0501678], [120.348834, 16.050544], [120.3486887, 16.0504537], [120.3490394, 16.0500761], [120.3491802, 16.0499321], [120.3493528, 16.0498753], [120.3495072, 16.0498535], [120.3497343, 16.0498884], [120.3500114, 16.0499932], [120.3502294, 16.0500718], [120.3504157, 16.0501154], [120.3505928, 16.0501111], [120.3507836, 16.0499888], [120.3510652, 16.0498404], [120.3513381, 16.0496761], [120.351792, 16.0493122], [120.3521463, 16.0489761], [120.3523598, 16.0486487], [120.3526187, 16.0482646], [120.3528004, 16.0478018], [120.3531274, 16.0476098], [120.3534408, 16.0473348], [120.3538724, 16.0469375], [120.3541982, 16.0465345], [120.3542201, 16.0462834], [120.3543584, 16.0455974], [120.3545991, 16.0449513], [120.3547854, 16.0443882], [120.3549898, 16.0437159], [120.355067, 16.0433536], [120.355126, 16.042821], [120.355126, 16.0424019], [120.3550261, 16.0420483], [120.3548535, 16.0415812], [120.35459, 16.0410966], [120.3543493, 16.0407299], [120.3541222, 16.0404156], [120.3536407, 16.0400184], [120.3529139, 16.0395338], [120.3526368, 16.0394116], [120.3527232, 16.039202], [120.3534045, 16.0396299], [120.3538088, 16.0399267], [120.3540858, 16.0401668], [120.3543084, 16.0404244], [120.3545355, 16.0406819], [120.3547808, 16.040922]]]}}, {"type": "Feature", "properties": {"kind": "river", "name": ""}, "geometry": {"type": "Polygon", "coordinates": [[[120.3158612, 16.0517803], [120.3159066, 16.0516937], [120.3162311, 16.0516965], [120.316498, 16.0517309], [120.3169946, 16.0519747], [120.3174583, 16.0521349], [120.3176459, 16.0519328], [120.3179703, 16.0516824], [120.3186244, 16.0513799], [120.318714, 16.0512122], [120.3189431, 16.0511089], [120.3181023, 16.0508322], [120.3178578, 16.0508647], [120.3176614, 16.0508983], [120.3172444, 16.0508288], [120.3169795, 16.0508578], [120.3167058, 16.050826], [120.3163698, 16.0507155], [120.3159661, 16.0505296], [120.3158612, 16.0517803]]]}}, {"type": "Feature", "properties": {"kind": "river", "name": ""}, "geometry": {"type": "Polygon", "coordinates": [[[120.3240418, 16.0576633], [120.3234873, 16.0576284], [120.3230163, 16.0574804], [120.3227307, 16.0572293], [120.3219266, 16.0567841], [120.3216813, 16.0565261], [120.321323, 16.0566653], [120.3211196, 16.0566211], [120.3206338, 16.056571], [120.3197231, 16.0566712], [120.3190358, 16.0562514], [120.3188262, 16.0559916], [120.3185456, 16.0556367], [120.3183481, 16.0552537], [120.3174831, 16.053726], [120.3172858, 16.0529368], [120.3174583, 16.0521349], [120.317335, 16.0520934], [120.3171014, 16.0520137], [120.3169946, 16.0519747], [120.316498, 16.0517309], [120.3162311, 16.0516965], [120.3159066, 16.0516937], [120.3158612, 16.0517803], [120.3149657, 16.052497], [120.3155054, 16.0527544], [120.3154773, 16.0528731], [120.3156669, 16.0530532], [120.3156132, 16.053195], [120.3158826, 16.0536489], [120.3158742, 16.053801], [120.3165653, 16.0546722], [120.3175858, 16.055817], [120.3181224, 16.0564499], [120.3182606, 16.0567546], [120.3186346, 16.0570984], [120.318907, 16.0573406], [120.3192445, 16.0575399], [120.3195331, 16.0576219], [120.3201917, 16.0577704], [120.3208198, 16.057911], [120.3210251, 16.057829], [120.3212853, 16.057786], [120.3227611, 16.0583838], [120.3228343, 16.0585557], [120.3226838, 16.0592394], [120.3229074, 16.0591495], [120.3231147, 16.0591889], [120.3231102, 16.0593212], [120.3233346, 16.0593395], [120.3234212, 16.0592659], [120.3234333, 16.0590996], [120.3240418, 16.0576633]]]}}, {"type": "Feature", "properties": {"kind": "water", "name": ""}, "geometry": {"type": "Polygon", "coordinates": [[[120.3455083, 16.0279979], [120.3455632, 16.0279036], [120.3456918, 16.0278024], [120.3456043, 16.0277527], [120.3450675, 16.0275829], [120.3448395, 16.0277578], [120.3448549, 16.0277767], [120.3449475, 16.0277819], [120.3454466, 16.0279499], [120.3455083, 16.0279979]]]}}, {"type": "Feature", "properties": {"kind": "water", "name": ""}, "geometry": {"type": "Polygon", "coordinates": [[[120.3448463, 16.0274749], [120.3449029, 16.0272914], [120.344716, 16.0272639], [120.3446954, 16.0272965], [120.344728, 16.0274509], [120.3448463, 16.0274749]]]}}, {"type": "Feature", "properties": {"kind": "water", "name": ""}, "geometry": {"type": "Polygon", "coordinates": [[[120.3448943, 16.0274903], [120.3454586, 16.0276549], [120.3457295, 16.0277647], [120.3458461, 16.0275589], [120.3455289, 16.0274114], [120.3451567, 16.0273154], [120.3449338, 16.0273051], [120.3448943, 16.0274903]]]}}, {"type": "Feature", "properties": {"kind": "water", "name": ""}, "geometry": {"type": "Polygon", "coordinates": [[[120.3458942, 16.0275349], [120.3462286, 16.0271971], [120.346207, 16.0271813], [120.346184, 16.0271645], [120.3455923, 16.0271096], [120.3450058, 16.0270701], [120.3449492, 16.0272605], [120.3452425, 16.0273017], [120.3455151, 16.0273754], [120.3456575, 16.0274046], [120.3458942, 16.0275349]]]}}, {"type": "Feature", "properties": {"kind": "water", "name": ""}, "geometry": {"type": "Polygon", "coordinates": [[[120.343091, 16.0254902], [120.3430737, 16.0254503], [120.3432796, 16.0251259], [120.3432727, 16.025081], [120.3426496, 16.0249113], [120.3427448, 16.0244621], [120.3441277, 16.0243756], [120.3441, 16.0244937], [120.3436483, 16.0256782], [120.343612, 16.0256898], [120.3435514, 16.0256765], [120.343091, 16.0254902]]]}}, {"type": "Feature", "properties": {"kind": "water", "name": ""}, "geometry": {"type": "Polygon", "coordinates": [[[120.346728, 16.0440637], [120.3473148, 16.0434421], [120.3477815, 16.0426473], [120.3481515, 16.0427542], [120.348425, 16.0422614], [120.3481822, 16.0421667], [120.3480914, 16.0418453], [120.3483781, 16.0410925], [120.3481056, 16.0409671], [120.3486026, 16.0400741], [120.3490779, 16.040521], [120.349649, 16.0396105], [120.3498367, 16.039214], [120.350632, 16.0392865], [120.3510702, 16.038576], [120.3510167, 16.0384584], [120.3513673, 16.0379374], [120.350866, 16.0375936], [120.3506918, 16.0374426], [120.350524, 16.0373993], [120.3504162, 16.037305], [120.3505458, 16.0370654], [120.3509384, 16.037217], [120.3513102, 16.0366492], [120.351726, 16.0361993], [120.3520785, 16.0359394], [120.3527737, 16.0361682], [120.3528632, 16.0362867], [120.3536346, 16.0364871], [120.3538052, 16.0362103], [120.3539011, 16.0358445], [120.3534018, 16.0345761], [120.3533346, 16.0339147], [120.3531385, 16.0338242], [120.3531268, 16.0335599], [120.3532972, 16.0332978], [120.3538572, 16.0334184], [120.3540309, 16.0329068], [120.3543027, 16.0330129], [120.3546379, 16.0317694], [120.354203, 16.0315896], [120.3543629, 16.0312192], [120.354931, 16.0314061], [120.3550719, 16.0311704], [120.3554295, 16.0312495], [120.3554024, 16.0313385], [120.35519, 16.0313359], [120.3551417, 16.0315408], [120.3556857, 16.0317237], [120.3556217, 16.0319724], [120.3557879, 16.0320332], [120.3556749, 16.0325455], [120.3558105, 16.0326206], [120.3557315, 16.0328544], [120.3563208, 16.0330525], [120.356195, 16.0333886], [120.3559835, 16.0333126], [120.355887, 16.0337224], [120.3570371, 16.0339861], [120.3569738, 16.0341761], [120.3572604, 16.0343118], [120.3571644, 16.0346922], [120.3569313, 16.0351003], [120.3570521, 16.0351458], [120.3569415, 16.0354821], [120.3571504, 16.0357489], [120.3570724, 16.0359094], [120.3580369, 16.036435], [120.3579322, 16.0367029], [120.358526, 16.0369619], [120.3583621, 16.0373042], [120.3582228, 16.0375629], [120.35839, 16.0376549], [120.3581843, 16.0383097], [120.3581563, 16.0385988], [120.3580041, 16.0386138], [120.3579106, 16.0388227], [120.3571142, 16.0384932], [120.3569002, 16.0389675], [120.357122, 16.0390548], [120.3568699, 16.0397562], [120.3551588, 16.039308], [120.3547421, 16.0408159], [120.3545871, 16.0405996], [120.354431, 16.0404971], [120.3542988, 16.0403184], [120.3540965, 16.0400833], [120.3535966, 16.0396796], [120.3528531, 16.0392414], [120.3525679, 16.039044], [120.3521206, 16.0394458], [120.3516297, 16.0398735], [120.3511534, 16.0403426], [120.349207, 16.0441466], [120.3478905, 16.0434915], [120.3475868, 16.0440077], [120.3474209, 16.0444075], [120.3470833, 16.0442876], [120.3469918, 16.0444438], [120.347976, 16.0450696], [120.3478158, 16.0453313], [120.3466716, 16.044733], [120.3465117, 16.0449387], [120.3463636, 16.0448055], [120.3463592, 16.0446052], [120.346728, 16.0440637]]]}}, {"type": "Feature", "properties": {"kind": "water", "name": ""}, "geometry": {"type": "Polygon", "coordinates": [[[120.3464493, 16.0293769], [120.3464956, 16.0293649], [120.3464853, 16.0290202], [120.3464459, 16.0290185], [120.3464013, 16.0287561], [120.3464579, 16.0284182], [120.3464493, 16.0283994], [120.3463258, 16.0283376], [120.3461526, 16.0282519], [120.3460531, 16.0282313], [120.3455541, 16.0288727], [120.3456001, 16.0288986], [120.3464493, 16.0293769]]]}}, {"type": "Feature", "properties": {"kind": "water", "name": ""}, "geometry": {"type": "Polygon", "coordinates": [[[120.345597, 16.0292551], [120.3455112, 16.0293735], [120.3459965, 16.0298639], [120.3462778, 16.0298176], [120.3463275, 16.0297113], [120.3464493, 16.0294283], [120.3464493, 16.0294026], [120.3457033, 16.0289842], [120.3456621, 16.0289807], [120.3456227, 16.0290322], [120.3455061, 16.0291848], [120.345597, 16.0292551]]]}}, {"type": "Feature", "properties": {"kind": "water", "name": ""}, "geometry": {"type": "Polygon", "coordinates": [[[120.3454323, 16.0292328], [120.3454426, 16.0292191], [120.345593, 16.0290172], [120.3456381, 16.0289567], [120.3455714, 16.0289238], [120.3455129, 16.028895], [120.3454409, 16.0290047], [120.3454197, 16.02902], [120.345398, 16.0290356], [120.3453431, 16.0291677], [120.3454323, 16.0292328]]]}}, {"type": "Feature", "properties": {"kind": "water", "name": ""}, "geometry": {"type": "Polygon", "coordinates": [[[120.3452492, 16.0262968], [120.3452613, 16.0263104], [120.3458067, 16.0262487], [120.3459439, 16.0262264], [120.3461102, 16.0262195], [120.34679, 16.0261778], [120.3468216, 16.0261418], [120.3468296, 16.0261144], [120.3468462, 16.0260575], [120.3466162, 16.0260198], [120.3461684, 16.0260258], [120.3457071, 16.0260807], [120.3452698, 16.0261562], [120.3452492, 16.0262968]]]}}, {"type": "Feature", "properties": {"kind": "water", "name": ""}, "geometry": {"type": "Polygon", "coordinates": [[[120.3450933, 16.0268403], [120.3452322, 16.0268506], [120.345462, 16.0268489], [120.3458118, 16.0268386], [120.3460536, 16.0268524], [120.346232, 16.0268832], [120.3462501, 16.0268603], [120.3467259, 16.0262573], [120.3467293, 16.0262144], [120.345973, 16.0262761], [120.3454466, 16.0263241], [120.3452373, 16.0263516], [120.3451464, 16.0267512], [120.3450933, 16.0268403]]]}}, {"type": "Feature", "properties": {"kind": "water", "name": ""}, "geometry": {"type": "Polygon", "coordinates": [[[120.3452321, 16.0258646], [120.3452904, 16.0261253], [120.3456351, 16.0260635], [120.3461599, 16.0260035], [120.3466212, 16.0260018], [120.3467721, 16.0260224], [120.3468716, 16.0260481], [120.3469213, 16.0260481], [120.3469249, 16.0259998], [120.3469625, 16.0255028], [120.3469384, 16.0254856], [120.3465337, 16.0255731], [120.346249, 16.0255834], [120.3452321, 16.0258646]]]}}, {"type": "Feature", "properties": {"kind": "water", "name": ""}, "geometry": {"type": "Polygon", "coordinates": [[[120.348544, 16.0260197], [120.3489196, 16.025915], [120.3488167, 16.0258001], [120.3485046, 16.0258362], [120.3485272, 16.0259266], [120.348544, 16.0260197]]]}}, {"type": "Feature", "properties": {"kind": "water", "name": ""}, "geometry": {"type": "Polygon", "coordinates": [[[120.345023, 16.0270307], [120.3450418, 16.0270461], [120.3451722, 16.0270599], [120.3453814, 16.0270719], [120.3457621, 16.0270959], [120.3460211, 16.0271199], [120.3461788, 16.0271353], [120.3462783, 16.027065], [120.3462972, 16.027017], [120.3462148, 16.0269072], [120.3461685, 16.0268918], [120.3458564, 16.0268678], [120.3452819, 16.0268764], [120.3450693, 16.0268798], [120.345023, 16.0270307]]]}}, {"type": "Feature", "properties": {"kind": "water", "name": ""}, "geometry": {"type": "Polygon", "coordinates": [[[120.3463132, 16.0350969], [120.3464905, 16.0349231], [120.3466302, 16.034699], [120.3462647, 16.034408], [120.3459671, 16.0348575], [120.3463132, 16.0350969]]]}}, {"type": "Feature", "properties": {"kind": "water", "name": ""}, "geometry": {"type": "Polygon", "coordinates": [[[120.3463318, 16.0351125], [120.3467093, 16.0354387], [120.3468799, 16.0352201], [120.3471481, 16.0348889], [120.3472955, 16.0345511], [120.3473916, 16.0341984], [120.3473452, 16.0339136], [120.3472359, 16.0337712], [120.3469792, 16.0335244], [120.3469378, 16.0335095], [120.3466, 16.0338738], [120.3464477, 16.0340908], [120.3462986, 16.0343723], [120.3463003, 16.0343971], [120.3466646, 16.0346604], [120.3466762, 16.0346985], [120.3466646, 16.03473], [120.3465123, 16.034937], [120.3463318, 16.0351125]]]}}, {"type": "Feature", "properties": {"kind": "water", "name": ""}, "geometry": {"type": "Polygon", "coordinates": [[[120.3456721, 16.0301204], [120.3459736, 16.0298826], [120.3454745, 16.0293735], [120.3455516, 16.0292663], [120.3454944, 16.029214], [120.3454718, 16.0292436], [120.3452032, 16.0295946], [120.3456721, 16.0301204]]]}}, {"type": "Feature", "properties": {"kind": "water", "name": ""}, "geometry": {"type": "Polygon", "coordinates": [[[120.3454762, 16.0341931], [120.3457819, 16.0347121], [120.3462341, 16.0342481], [120.346143, 16.0341703], [120.3462887, 16.0340328], [120.3463616, 16.0340063], [120.3464957, 16.0339898], [120.3466928, 16.0337215], [120.3469561, 16.0334698], [120.3469511, 16.033382], [120.3465686, 16.0332396], [120.3464377, 16.0332313], [120.3463185, 16.0332628], [120.3458863, 16.0334102], [120.3453554, 16.0336447], [120.3455871, 16.0340907], [120.3454762, 16.0341931]]]}}, {"type": "Feature", "properties": {"kind": "water", "name": ""}, "geometry": {"type": "Polygon", "coordinates": [[[120.3470315, 16.0361262], [120.3470812, 16.0359059], [120.3468957, 16.0358447], [120.3467665, 16.0360417], [120.3470315, 16.0361262]]]}}, {"type": "Feature", "properties": {"kind": "water", "name": ""}, "geometry": {"type": "Polygon", "coordinates": [[[120.3594271, 16.0311115], [120.3598278, 16.0306131], [120.3596953, 16.0305319], [120.3595678, 16.0307522], [120.359538, 16.030772], [120.3595016, 16.0307555], [120.3594618, 16.0307555], [120.3593575, 16.0310784], [120.3594271, 16.0311115]]]}}, {"type": "Feature", "properties": {"kind": "pond", "name": "Pond Area"}, "geometry": {"type": "Polygon", "coordinates": [[[120.3414579, 16.0472625], [120.3415155, 16.0471471], [120.3416118, 16.0471945], [120.3415557, 16.0473087], [120.3414579, 16.0472625]]]}}]}